<?xml version="1.0" encoding="UTF-8"?>
<COLLADA xmlns="http://www.collada.org/2005/11/COLLADASchema" version="1.4.1">
<!--
# File generated by ImageToStl.com - Free Image and 3D model conversion tools
-->
  <asset>
    <contributor>
      <author>ImageToStl.com</author>
      <authoring_tool>ImageToStl.com</authoring_tool>
    </contributor>
    <created>2026-05-30T09:12:14</created>
    <modified>2026-05-30T09:12:14</modified>
    <up_axis>Z_UP</up_axis>
  </asset>
  <library_effects>
    <effect id="effect_0">
        <profile_COMMON>
          <technique sid="common">
            <phong>
              <diffuse>
                <color>0 0.502 0 1</color>
              </diffuse>
              <specular>
                <color>0.05 0.05 0.05 1</color>
              </specular>
              <shininess>
                <float>64</float>
              </shininess>
              <transparency>
                <float>1</float>
              </transparency>
            </phong>
          </technique>
        </profile_COMMON>
    </effect>
    <effect id="effect_1">
        <profile_COMMON>
          <technique sid="common">
            <phong>
              <diffuse>
                <color>1 1 1 1</color>
              </diffuse>
              <specular>
                <color>0.05 0.05 0.05 1</color>
              </specular>
              <shininess>
                <float>64</float>
              </shininess>
              <transparency>
                <float>1</float>
              </transparency>
            </phong>
          </technique>
        </profile_COMMON>
    </effect>
    <effect id="effect_2">
        <profile_COMMON>
          <technique sid="common">
            <phong>
              <diffuse>
                <color>0.6 0.3529 0.051 1</color>
              </diffuse>
              <specular>
                <color>0.05 0.05 0.05 1</color>
              </specular>
              <shininess>
                <float>64</float>
              </shininess>
              <transparency>
                <float>1</float>
              </transparency>
            </phong>
          </technique>
        </profile_COMMON>
    </effect>
    <effect id="effect_3">
        <profile_COMMON>
          <technique sid="common">
            <phong>
              <diffuse>
                <color>0.902 0.902 0.902 1</color>
              </diffuse>
              <specular>
                <color>0.05 0.05 0.05 1</color>
              </specular>
              <shininess>
                <float>64</float>
              </shininess>
              <transparency>
                <float>1</float>
              </transparency>
            </phong>
          </technique>
        </profile_COMMON>
    </effect>
  </library_effects>
  <library_materials>
    <material id="mat_0">
      <instance_effect url="#effect_0"/>
    </material>
    <material id="mat_1">
      <instance_effect url="#effect_1"/>
    </material>
    <material id="mat_2">
      <instance_effect url="#effect_2"/>
    </material>
    <material id="mat_3">
      <instance_effect url="#effect_3"/>
    </material>
  </library_materials>
  <library_geometries>
    <geometry id="geometry_767a14b6_3404_41e5_a168_b33a766ea0f2">
      <mesh>
        <source id="pos_0">
          <float_array id="pos_0-array" count="30915">2.397 2.401 328.005 8.284 3.431 324.625 2.475 2.321 328.006 2.55 2.238 328.01 2.622 2.152 328.016 2.691 2.064 328.025 2.758 1.974 328.036 2.821 1.881 328.05 2.881 1.787 328.066 2.937 1.692 328.084 2.99 1.595 328.105 3.04 1.496 328.128 3.086 1.397 328.153 3.129 1.296 328.18 1.296 3.129 328.18 3.431 8.284 324.625 1.395 3.087 328.153 1.494 3.041 328.128 1.592 2.992 328.105 1.688 2.939 328.085 1.783 2.883 328.067 1.877 2.824 328.051 1.969 2.761 328.037 2.059 2.695 328.025 2.147 2.626 328.017 2.233 2.554 328.01 2.316 2.479 328.006 5.509 13.301 320.878 13.301 5.509 320.878 7.522 18.159 316.955 18.159 7.522 316.955 9.468 22.858 312.856 22.858 9.468 312.856 25.724 10.655 310.197 10.655 25.724 310.197 11.816 28.527 307.471 28.527 11.816 307.471 13.222 30.779 304.836 32.765 14.436 302.432 14.578 32.999 302.143 36.881 16.869 297.192 16.769 36.707 297.421 18.807 40.312 292.54 40.872 19.115 291.755 20.687 43.809 287.509 44.729 21.166 286.132 22.408 47.191 282.334 48.444 23.019 280.335 23.967 50.456 277.022 52.01 24.67 274.372 25.36 53.596 271.581 55.421 26.117 268.255 26.586 56.608 266.02 58.669 27.355 261.996 27.643 59.487 260.346 61.75 28.383 255.604 28.528 62.229 254.566 63.314 28.842 252.163 29.241 64.828 248.691 64.828 29.241 248.691 64.975 29.284 248.333 29.297 65.014 248.235 65.113 29.336 247.972 29.369 65.184 247.776 65.273 29.416 247.512 29.456 65.337 247.314 65.417 29.512 247.048 29.535 65.446 246.949 65.545 29.624 246.582 29.624 65.545 246.582 30.907 66.828 241.28 66.828 30.907 241.28 32.061 67.982 235.918 67.982 32.061 235.918 33.087 69.008 230.505 69.008 33.087 230.505 69.055 33.139 230.222 33.175 69.081 230.046 69.095 33.197 229.941 33.277 69.137 229.591 69.147 33.302 229.487 33.392 69.176 229.14 69.183 33.42 229.036 33.521 69.198 228.692 69.201 33.553 228.59 33.664 69.204 228.249 69.203 33.699 228.147 33.821 69.192 227.809 69.187 33.859 227.708 33.991 69.164 227.373 69.155 34.033 227.273 34.103 69.138 227.106 69.105 34.221 226.842 34.221 69.105 226.842 36.764 68.25 221.074 68.067 37.239 219.958 39.173 67.238 215.267 66.806 40.065 213.021 41.609 65.975 208.991 65.321 42.696 206.035 43.883 64.533 202.685 64.169 44.392 201.203 45.991 62.915 196.362 62.915 45.991 196.362 62.829 46.091 196.061 46.121 62.803 195.974 62.736 46.198 195.765 46.263 62.679 195.596 62.604 46.346 195.391 46.415 62.542 195.227 62.459 46.505 195.026 46.577 62.394 194.869 62.303 46.675 194.671 46.749 62.234 194.522 62.135 46.854 194.327 46.931 62.063 194.185 61.957 47.043 193.995 47.123 61.881 193.859 61.767 47.242 193.674 47.325 61.687 193.545 61.568 47.45 193.366 47.536 61.484 193.243 61.358 47.666 193.071 57.37 51.683 190.537 56.771 52.281 190.5 57.071 51.981 190.509 57.666 51.387 190.584 57.959 51.093 190.649 58.25 50.802 190.732 58.538 50.514 190.833 58.822 50.229 190.953 59.103 49.948 191.09 59.38 49.67 191.245 47.756 61.27 192.954 61.139 47.891 192.789 47.985 61.047 192.678 60.911 48.124 192.522 48.221 60.816 192.417 60.675 48.365 192.27 48.465 60.576 192.171 60.43 48.613 192.032 48.716 60.328 191.94 60.177 48.868 191.811 48.974 60.073 191.726 59.918 49.13 191.606 49.238 59.811 191.527 59.652 49.397 191.417 49.507 59.543 191.346 49.782 59.269 191.181 52.281 56.771 190.5 50.062 58.99 191.034 51.814 57.239 190.523 52.047 57.005 190.506 50.346 58.707 190.904 51.515 57.537 190.563 50.634 58.419 190.791 51.219 57.834 190.62 50.925 58.128 190.697 8.458 11.5 322.258 6.624 6.624 325.802 11.5 8.458 322.258 16.494 9.195 319.016 9.195 16.494 319.016 9.959 21.314 315.65 21.314 9.959 315.65 10.751 25.955 312.162 25.955 10.751 312.162 12.183 28.182 309.687 30.296 13.516 307.253 13.568 30.379 307.156 15.899 34.189 302.553 34.521 16.098 302.137 18.079 37.9 297.785 38.627 18.495 296.817 20.106 41.508 292.861 42.604 20.702 291.305 21.975 45.007 287.786 46.444 22.713 285.611 23.684 48.392 282.568 50.14 24.525 279.743 25.23 51.657 277.215 53.686 26.135 273.714 26.611 54.798 271.734 57.075 27.539 267.533 27.824 57.81 266.133 60.301 28.735 261.211 28.868 60.688 260.421 63.245 29.686 255.005 29.74 63.429 254.603 66.026 30.44 248.691 30.44 66.026 248.691 30.481 66.173 248.333 66.211 30.494 248.235 30.533 66.31 247.972 66.38 30.565 247.776 30.612 66.469 247.512 66.532 30.65 247.314 30.707 66.612 247.048 66.64 30.729 246.949 30.817 66.738 246.582 66.738 30.817 246.582 32.086 68.007 241.278 68.007 32.086 241.278 33.229 69.15 235.917 69.15 33.229 235.917 34.243 70.164 230.505 70.164 34.243 230.505 34.296 70.211 230.222 70.237 34.331 230.046 34.353 70.251 229.941 70.292 34.432 229.591 34.457 70.302 229.487 70.33 34.546 229.14 34.575 70.337 229.036 70.352 34.675 228.692 34.706 70.355 228.59 70.357 34.817 228.248 34.851 70.355 228.147 70.344 34.973 227.809 35.011 70.339 227.708 70.315 35.143 227.373 35.184 70.306 227.273 70.289 35.254 227.106 35.371 70.256 226.842 70.256 35.371 226.842 37.887 69.4 221.119 69.202 38.395 219.922 40.271 68.39 215.359 67.924 41.226 212.949 42.715 67.118 209.052 66.424 43.862 205.929 44.998 65.666 202.716 65.281 45.535 201.15 47.114 64.038 196.362 64.038 47.114 196.362 47.214 63.952 196.061 63.926 47.244 195.974 47.321 63.859 195.765 63.802 47.386 195.596 47.469 63.727 195.391 63.665 47.538 195.227 47.628 63.582 195.026 63.517 47.7 194.869 47.798 63.426 194.671 63.357 47.872 194.522 47.977 63.258 194.327 63.186 48.054 194.185 48.166 63.079 193.995 63.004 48.246 193.859 48.365 62.89 193.674 62.81 48.448 193.545 48.572 62.69 193.366 62.606 48.659 193.243 48.789 62.481 193.071 62.393 48.879 192.954 57.894 53.404 190.5 60.391 50.905 191.181 60.113 51.185 191.034 59.829 51.469 190.904 59.542 51.756 190.791 59.251 52.048 190.697 58.956 52.342 190.62 58.66 52.638 190.563 58.361 52.936 190.523 58.128 53.17 190.506 49.013 62.262 192.789 62.17 49.107 192.678 49.246 62.034 192.522 61.938 49.344 192.417 49.487 61.797 192.27 61.698 49.588 192.171 49.735 61.552 192.032 61.45 49.839 191.94 49.991 61.3 191.811 61.195 50.096 191.726 50.252 61.04 191.606 60.933 50.36 191.527 50.52 60.774 191.417 60.665 50.63 191.346 50.793 60.503 191.245 53.404 57.894 190.5 51.07 60.226 191.09 51.352 59.945 190.953 52.806 58.492 190.537 53.104 58.194 190.509 51.637 59.66 190.833 52.51 58.788 190.584 51.925 59.373 190.732 52.216 59.082 190.649 -0.004 3.393 328.005 0.109 3.391 328.006 0.221 3.385 328.01 0.332 3.376 328.016 0.443 3.363 328.025 0.554 3.346 328.036 0.664 3.325 328.05 0.773 3.301 328.066 0.88 3.273 328.084 0.986 3.242 328.105 1.091 3.208 328.127 1.195 3.17 328.152 -1.296 3.129 328.18 -3.431 8.284 324.625 -1.196 3.169 328.153 -1.094 3.207 328.128 -0.99 3.241 328.105 -0.885 3.272 328.085 -0.778 3.299 328.067 -0.67 3.324 328.051 -0.56 3.344 328.037 -0.45 3.361 328.026 -0.339 3.375 328.017 -0.228 3.385 328.01 -0.116 3.391 328.006 -5.509 13.301 320.878 -7.522 18.159 316.955 -9.468 22.858 312.856 -10.655 25.724 310.197 -11.816 28.527 307.471 -12.415 31.114 304.836 12.96 33.376 302.432 -13.026 33.642 302.143 14.15 38.007 297.192 -14.098 37.813 297.421 -15.207 41.803 292.54 15.385 42.417 291.755 -16.349 45.606 287.509 16.662 46.595 286.132 -17.524 49.215 282.334 17.978 50.532 280.335 -18.73 52.625 277.022 19.332 54.221 274.372 -19.966 55.831 271.581 20.721 57.656 268.255 -21.229 58.827 266.02 22.142 60.828 261.996 -22.517 61.61 260.346 23.594 63.734 255.604 -23.83 64.175 254.566 24.375 65.164 252.163 25.164 66.517 248.691 -25.164 66.517 248.691 25.238 66.651 248.333 -25.256 66.688 248.235 25.298 66.786 247.972 -25.325 66.858 247.776 25.355 66.956 247.512 -25.372 67.029 247.314 25.389 67.126 247.048 -25.393 67.162 246.949 25.4 67.295 246.582 -25.4 67.295 246.582 -25.4 69.109 241.28 25.4 69.109 241.28 25.4 70.742 235.918 -25.4 70.742 235.918 -25.4 72.192 230.505 25.4 72.192 230.505 25.396 72.262 230.222 -25.389 72.306 230.046 25.384 72.332 229.941 -25.357 72.417 229.591 25.347 72.443 229.487 -25.303 72.527 229.14 25.288 72.551 229.036 -25.228 72.634 228.692 25.207 72.658 228.59 -25.131 72.738 228.249 25.105 72.762 228.147 -25.012 72.841 227.809 24.981 72.865 227.708 -24.871 72.942 227.373 24.835 72.965 227.273 -24.773 73.002 227.106 24.667 73.062 226.842 -24.667 73.062 226.842 -22.264 74.256 221.074 21.799 74.463 219.958 -19.845 75.244 215.267 18.909 75.569 213.021 -17.23 76.073 208.991 15.998 76.379 206.035 -14.602 76.662 202.685 13.985 76.765 201.203 -11.967 77.008 196.362 11.967 77.008 196.362 11.836 77.018 196.061 -11.796 77.021 195.974 11.694 77.028 195.765 -11.608 77.033 195.596 11.496 77.039 195.391 -11.404 77.044 195.227 11.281 77.05 195.026 -11.185 77.054 194.869 11.051 77.059 194.671 -10.95 77.063 194.522 10.805 77.067 194.327 -10.7 77.071 194.185 10.545 77.075 193.995 -10.435 77.078 193.859 10.271 77.081 193.674 -10.156 77.084 193.545 9.983 77.087 193.366 -9.862 77.089 193.243 9.682 77.092 193.071 4.021 77.112 190.537 3.175 77.112 190.5 3.599 77.112 190.509 4.44 77.112 190.584 4.855 77.112 190.649 5.266 77.112 190.732 5.674 77.111 190.833 6.076 77.111 190.953 6.474 77.111 191.09 6.866 77.11 191.245 -9.556 77.093 192.954 9.368 77.096 192.789 -9.237 77.097 192.678 9.042 77.099 192.522 -8.906 77.101 192.417 8.705 77.102 192.27 -8.563 77.103 192.171 8.356 77.105 192.032 -8.211 77.106 191.94 7.997 77.107 191.811 -7.848 77.107 191.726 7.628 77.108 191.606 -7.476 77.109 191.527 7.251 77.109 191.417 -7.096 77.11 191.346 -6.708 77.111 191.181 -3.175 77.112 190.5 -6.313 77.111 191.034 -3.836 77.112 190.523 -3.506 77.112 190.506 -5.912 77.112 190.904 -4.258 77.112 190.563 -5.505 77.112 190.791 -4.678 77.112 190.62 -5.093 77.112 190.697 7.85 7.85 324.936 7.545 7.545 325.153 8 8.77 324.276 8.152 9.684 323.609 7.238 7.238 325.37 8.304 10.594 322.937 6.931 6.931 325.586 -2.151 14.113 322.258 0 9.368 325.802 2.151 14.113 322.258 -5.161 18.164 319.016 5.161 18.164 319.016 -8.029 22.113 315.65 8.029 22.113 315.65 -10.751 25.955 312.162 -11.313 28.542 309.687 11.866 30.98 307.253 -11.888 31.075 307.156 -12.933 35.417 302.553 13.027 35.793 302.137 -14.016 39.584 297.785 14.235 40.391 296.817 -15.134 43.568 292.861 15.487 44.764 291.305 -16.286 47.364 287.786 16.78 48.901 285.611 -17.471 50.965 282.568 18.112 52.796 279.743 -18.686 54.368 277.215 19.482 56.442 273.714 -19.931 57.565 271.734 20.885 59.831 267.533 -21.203 60.552 266.133 22.321 62.958 261.211 -22.5 63.325 260.421 23.73 65.712 255.005 -23.821 65.881 254.603 25.164 68.212 248.691 -25.164 68.212 248.691 -25.238 68.345 248.333 25.256 68.381 248.235 -25.298 68.478 247.972 25.325 68.55 247.776 -25.355 68.646 247.512 25.372 68.718 247.314 -25.389 68.814 247.048 25.393 68.85 246.949 -25.4 68.982 246.582 25.4 68.982 246.582 25.4 70.777 241.278 -25.4 70.777 241.278 -25.4 72.393 235.917 25.4 72.393 235.917 -25.4 73.828 230.505 25.4 73.828 230.505 -25.396 73.897 230.222 25.389 73.94 230.046 -25.384 73.966 229.941 25.357 74.051 229.591 -25.347 74.076 229.487 25.303 74.159 229.14 -25.288 74.184 229.036 25.228 74.265 228.692 -25.207 74.289 228.59 25.131 74.369 228.248 -25.105 74.392 228.147 25.012 74.47 227.809 -24.981 74.494 227.708 24.871 74.57 227.373 -24.835 74.593 227.273 24.773 74.63 227.106 -24.667 74.689 226.842 24.667 74.689 226.842 -22.283 75.863 221.119 21.784 76.082 219.922 -19.883 76.835 215.359 18.879 77.181 212.949 -17.255 77.664 209.052 15.954 77.984 205.929 -14.615 78.251 202.716 13.962 78.359 201.15 -11.967 78.596 196.362 11.967 78.596 196.362 -11.836 78.607 196.061 11.796 78.609 195.974 -11.694 78.616 195.765 11.608 78.621 195.596 -11.496 78.627 195.391 11.404 78.632 195.227 -11.281 78.638 195.026 11.185 78.642 194.869 -11.051 78.647 194.671 10.95 78.651 194.522 -10.805 78.655 194.327 10.7 78.659 194.185 -10.545 78.662 193.995 10.435 78.665 193.859 -10.271 78.669 193.674 10.156 78.671 193.545 -9.983 78.675 193.366 9.862 78.677 193.243 -9.682 78.679 193.071 9.556 78.681 192.954 3.175 78.699 190.5 6.708 78.698 191.181 6.313 78.699 191.034 5.912 78.699 190.904 5.505 78.7 190.791 5.093 78.7 190.697 4.677 78.7 190.62 4.258 78.7 190.563 3.836 78.699 190.523 3.506 78.699 190.506 -9.368 78.683 192.789 9.237 78.685 192.678 -9.042 78.687 192.522 8.906 78.688 192.417 -8.705 78.69 192.27 8.563 78.691 192.171 -8.356 78.692 192.032 8.211 78.693 191.94 -7.997 78.694 191.811 7.848 78.695 191.726 -7.628 78.696 191.606 7.476 78.696 191.527 -7.251 78.697 191.417 7.096 78.698 191.346 -6.866 78.698 191.245 -3.175 78.699 190.5 -6.474 78.698 191.09 -6.076 78.699 190.953 -4.021 78.699 190.537 -3.599 78.699 190.509 -5.674 78.699 190.833 -4.44 78.699 190.584 -5.266 78.699 190.732 -4.855 78.699 190.649 4.172 10.071 325.293 7.325 7.325 327.248 8.263 12.992 323.119 2.036 4.915 328.897 4.521 7.325 327.248 6.249 15.087 321.497 9.254 18.48 318.754 8.261 19.943 317.526 9.99 22.267 315.514 9.519 22.981 314.88 0 11.102 324.936 0 10.67 325.153 -0.544 11.858 324.276 -1.084 12.612 323.609 0 10.236 325.37 -1.619 13.363 322.937 0 9.802 325.586 2.935 7.085 328.308 2.71 6.543 328.456 2.696 7.408 328.045 2.457 7.731 327.78 2.22 8.054 327.515 1.983 8.377 327.248 2.486 6.001 328.603 2.261 5.459 328.75 -4.172 10.071 325.293 -2.036 4.915 328.897 -1.983 8.377 327.248 0 10.36 327.248 -3.344 15.03 323.119 -6.249 15.087 321.497 -6.524 19.611 318.754 -8.261 19.943 317.526 -8.681 22.809 315.514 -9.519 22.981 314.88 1.722 6.745 329.802 2.213 7.342 329.753 1.654 8.099 329.136 1.571 6.763 329.724 0 8.955 327.935 1.099 8.855 328.513 0.547 9.608 327.884 1.421 6.781 329.645 1.27 6.799 329.567 1.12 6.817 329.488 0 7.544 328.615 0 6.126 329.287 0.45 5.229 329.916 0 4.701 329.952 2.649 6.894 329.79 2.794 6.745 329.802 2.504 7.044 329.778 2.358 7.193 329.766 -2.935 7.085 328.308 -2.71 6.543 328.456 -3.332 7.144 328.045 -3.729 7.204 327.78 -4.126 7.265 327.515 -4.521 7.325 327.248 -2.486 6.001 328.603 -2.261 5.459 328.75 -0.629 6.745 329.802 -0.45 5.229 329.916 -0.752 6.763 329.724 -0.875 6.781 329.645 -0.997 6.799 329.567 -1.12 6.817 329.488 -3.552 5.987 329.802 -3.626 6.756 329.753 -4.557 6.897 329.136 -3.671 5.893 329.724 -6.332 6.332 327.935 -3.79 5.799 329.645 -3.909 5.706 329.567 -4.028 5.612 329.488 -5.484 7.038 328.513 -6.407 7.181 327.884 -7.325 7.325 327.248 -5.334 5.334 328.615 -4.332 4.332 329.287 -3.379 4.015 329.916 -3.324 3.324 329.952 -1.27 6.799 329.567 -1.421 6.781 329.645 -1.571 6.763 329.724 -1.722 6.745 329.802 -3.002 6.748 329.79 -2.794 6.745 329.802 -3.21 6.751 329.778 -3.418 6.754 329.766 -4.015 3.379 329.916 -5.214 4.325 329.802 -4.325 5.214 329.802 -6.756 3.626 329.753 -5.17 12.482 329.245 -6.754 3.418 329.766 -12.482 5.17 329.245 -6.751 3.21 329.778 -6.748 3.002 329.79 -6.745 2.794 329.802 -18.195 7.537 328.487 -7.537 18.195 328.487 -23.879 9.891 327.531 -9.891 23.879 327.531 -26.794 12.035 326.824 -13.981 29.463 326.107 -29.707 14.158 326.038 -34.727 17.769 324.497 -17.988 35.035 324.394 -39.732 21.31 322.723 -21.911 40.59 322.395 -44.714 24.776 320.719 -25.74 46.116 320.111 -49.666 28.161 318.487 -29.468 51.603 317.549 -54.582 31.461 316.031 -33.088 57.041 314.71 -59.452 34.669 313.354 -36.593 62.419 311.601 -64.272 37.783 310.459 -39.977 67.728 308.227 -69.032 40.796 307.35 -43.233 72.958 304.592 -73.726 43.704 304.032 -46.355 78.1 300.704 -78.347 46.503 300.51 -49.119 82.769 296.889 -82.89 49.19 296.786 -51.757 87.344 292.87 -87.344 51.757 292.87 -51.914 87.606 292.627 -87.675 51.958 292.56 -52.081 87.858 292.382 -87.991 52.176 292.248 -52.308 88.165 292.068 -88.292 52.41 291.933 -52.552 88.457 291.751 -88.517 52.606 291.683 -52.812 88.733 291.432 -88.733 52.812 291.432 -91.719 55.798 287.747 -55.798 91.719 287.747 -94.614 58.693 283.921 -58.693 94.614 283.921 -61.495 97.416 279.957 -97.416 61.495 279.957 -61.641 97.556 279.748 -97.641 61.735 279.617 -61.792 97.69 279.539 -97.847 61.987 279.279 -62.047 97.892 279.201 -98.036 62.251 278.943 -62.314 98.076 278.865 -98.206 62.529 278.609 -62.594 98.243 278.532 -98.358 62.818 278.277 -62.887 98.391 278.201 -98.493 63.121 277.947 -63.192 98.521 277.871 -98.609 63.436 277.62 -63.511 98.633 277.545 -98.671 63.637 277.42 -63.842 98.727 277.22 -98.727 63.842 277.22 -99.797 68.311 272.822 -69.161 99.99 271.959 -100.744 72.68 268.287 -74.335 101.076 266.504 -101.622 77.256 263.267 -79.359 101.984 260.86 -102.354 81.703 258.1 -82.727 102.504 256.868 -102.939 86.014 252.796 -86.014 102.939 252.796 -86.22 102.958 252.541 -102.962 86.281 252.467 -86.431 102.968 252.29 -102.971 86.555 252.146 -86.71 102.968 251.971 -102.964 86.836 251.832 -86.997 102.951 251.66 -102.941 87.124 251.527 -87.291 102.92 251.358 -102.903 87.418 251.231 -87.592 102.873 251.064 -102.851 87.718 250.943 -87.898 102.811 250.78 -102.783 88.025 250.664 -88.209 102.734 250.506 -102.7 88.338 250.395 -88.525 102.643 250.242 -102.602 88.655 250.136 -88.845 102.537 249.988 -93.756 99.443 247.805 -94.368 98.858 247.772 -94.064 99.154 247.78 -93.444 99.722 247.845 -93.127 99.993 247.901 -92.807 100.254 247.973 -92.483 100.506 248.061 -92.155 100.749 248.164 -91.825 100.981 248.283 -91.493 101.203 248.416 -102.491 88.977 249.888 -89.169 102.418 249.747 -102.365 89.302 249.651 -89.496 102.284 249.517 -102.225 89.631 249.427 -89.826 102.136 249.3 -102.072 89.961 249.215 -90.158 101.975 249.096 -101.905 90.294 249.016 -90.491 101.801 248.905 -101.726 90.627 248.831 -90.825 101.613 248.728 -101.534 90.961 248.661 -91.16 101.414 248.565 -101.33 91.295 248.504 -101.114 91.628 248.362 -98.858 94.368 247.772 -100.888 91.96 248.234 -99.317 93.892 247.792 -99.09 94.131 247.777 -100.65 92.289 248.122 -99.602 93.579 247.826 -100.402 92.617 248.025 -99.878 93.263 247.877 -100.145 92.942 247.943 -5.987 3.552 329.802 0.629 6.745 329.802 -2.213 7.342 329.753 5.17 12.482 329.245 -2.358 7.193 329.766 -2.504 7.044 329.778 -2.649 6.894 329.79 7.537 18.195 328.487 9.891 23.879 327.531 -10.436 27.456 326.824 10.948 30.719 326.107 -10.995 31.017 326.038 -11.991 37.12 324.497 12.054 37.493 324.394 -13.026 43.163 322.723 13.208 44.195 322.395 -14.098 49.137 320.719 14.408 50.81 320.111 -15.207 55.032 318.487 15.652 57.326 317.549 -16.349 60.841 316.031 16.937 63.731 314.71 -17.524 66.554 313.354 18.261 70.012 311.601 -18.73 72.163 310.459 19.623 76.159 308.227 -19.966 77.66 307.35 21.019 82.16 304.592 -21.229 83.036 304.032 22.447 88.003 300.704 -22.517 88.283 300.51 23.794 93.259 296.889 -23.83 93.394 296.786 25.164 98.36 292.87 -25.164 98.36 292.87 25.238 98.655 292.627 -25.256 98.736 292.56 25.298 98.952 292.382 -25.325 99.113 292.248 25.355 99.33 292.068 -25.372 99.491 291.933 25.389 99.708 291.751 -25.393 99.789 291.683 25.4 100.088 291.432 -25.4 100.088 291.432 -25.4 104.31 287.747 25.4 104.31 287.747 -25.4 108.405 283.921 25.4 108.405 283.921 -25.4 112.367 279.957 25.4 112.367 279.957 25.396 112.57 279.748 -25.389 112.695 279.617 25.384 112.771 279.539 -25.357 113.02 279.279 25.347 113.094 279.201 -25.303 113.34 278.943 25.288 113.413 278.865 -25.228 113.656 278.609 25.207 113.729 278.532 -25.131 113.969 278.277 25.105 114.041 278.201 -25.012 114.278 277.947 24.981 114.349 277.871 -24.871 114.583 277.62 24.835 114.653 277.545 -24.773 114.769 277.42 24.667 114.953 277.22 -24.667 114.953 277.22 -22.264 118.871 272.822 21.799 119.608 271.959 -19.845 122.629 268.287 18.909 124.034 266.504 -17.23 126.486 263.267 15.998 128.229 260.86 -14.602 130.148 258.1 13.985 130.978 256.868 -11.967 133.61 252.796 11.967 133.61 252.796 11.836 133.769 252.541 -11.796 133.815 252.467 11.694 133.925 252.29 -11.608 134.015 252.146 11.496 134.123 251.971 -11.404 134.208 251.832 11.281 134.314 251.66 -11.185 134.396 251.527 11.051 134.5 251.358 -10.95 134.577 251.231 10.805 134.679 251.064 -10.7 134.753 250.943 10.545 134.851 250.78 -10.435 134.922 250.664 10.271 135.017 250.506 -10.156 135.084 250.395 9.983 135.176 250.242 -9.862 135.239 250.136 9.682 135.328 249.988 4.021 136.612 247.805 3.175 136.631 247.772 3.599 136.626 247.78 4.44 136.589 247.845 4.855 136.556 247.901 5.266 136.515 247.973 5.674 136.464 248.061 6.076 136.404 248.164 6.474 136.335 248.283 6.866 136.257 248.416 -9.556 135.388 249.888 9.368 135.472 249.747 -9.237 135.529 249.651 9.042 135.609 249.517 -8.906 135.663 249.427 8.705 135.738 249.3 -8.563 135.788 249.215 8.356 135.859 249.096 -8.211 135.905 249.016 7.997 135.971 248.905 -7.848 136.014 248.831 7.628 136.075 248.728 -7.476 136.115 248.661 7.251 136.17 248.565 -7.096 136.206 248.504 -6.708 136.289 248.362 -3.175 136.631 247.772 -6.313 136.364 248.234 -3.836 136.619 247.792 -3.506 136.628 247.777 -5.912 136.429 248.122 -4.258 136.6 247.826 -5.505 136.485 248.025 -4.678 136.571 247.877 -5.093 136.533 247.943 10.071 -4.172 325.293 8.377 -1.983 327.248 4.915 -2.036 328.897 10.36 0 327.248 14.145 -2.718 323.925 15.087 -6.249 321.497 17.873 -5.33 320.447 19.943 -8.261 317.526 21.955 -8.111 316.395 22.981 -9.519 314.88 25.955 -10.751 312.162 6.126 0 329.287 5.229 0.45 329.916 4.701 0 329.952 6.817 1.12 329.488 7.544 0 328.615 8.099 1.654 329.136 7.342 2.213 329.753 6.745 1.722 329.802 6.763 1.571 329.724 8.955 0 327.935 6.799 1.27 329.567 6.781 1.421 329.645 8.855 1.099 328.513 9.608 0.547 327.884 5.229 -0.45 329.916 6.745 0.629 329.802 6.745 -0.629 329.802 7.342 -2.213 329.753 6.894 -2.649 329.79 12.482 -5.17 329.245 6.745 -2.794 329.802 7.044 -2.504 329.778 7.193 -2.358 329.766 7.193 2.358 329.766 12.482 5.17 329.245 7.044 2.504 329.778 6.894 2.649 329.79 6.745 2.794 329.802 18.195 -7.537 328.487 18.195 7.537 328.487 23.879 9.891 327.531 23.879 -9.891 327.531 27.456 10.436 326.824 30.719 -10.948 326.107 31.017 10.995 326.038 37.12 11.991 324.497 37.493 -12.054 324.394 43.163 13.026 322.723 44.195 -13.208 322.395 49.137 14.098 320.719 50.81 -14.408 320.111 55.032 15.207 318.487 57.326 -15.652 317.549 60.841 16.349 316.031 63.731 -16.937 314.71 66.554 17.524 313.354 70.012 -18.261 311.601 72.163 18.73 310.459 76.159 -19.623 308.227 77.66 19.966 307.35 82.16 -21.019 304.592 83.036 21.229 304.032 88.003 -22.447 300.704 88.283 22.517 300.51 93.259 -23.794 296.889 93.394 23.83 296.786 98.36 -25.164 292.87 98.36 25.164 292.87 98.655 -25.238 292.627 98.736 25.256 292.56 98.952 -25.298 292.382 99.113 25.325 292.248 99.33 -25.355 292.068 99.491 25.372 291.933 99.708 -25.389 291.751 99.789 25.393 291.683 100.088 -25.4 291.432 100.088 25.4 291.432 104.31 25.4 287.747 104.31 -25.4 287.747 108.405 25.4 283.921 108.405 -25.4 283.921 112.367 25.4 279.957 112.367 -25.4 279.957 112.57 -25.396 279.748 112.695 25.389 279.617 112.771 -25.384 279.539 113.02 25.357 279.279 113.094 -25.347 279.201 113.34 25.303 278.943 113.413 -25.288 278.865 113.656 25.228 278.609 113.729 -25.207 278.532 113.969 25.131 278.277 114.041 -25.105 278.201 114.278 25.012 277.947 114.349 -24.981 277.871 114.583 24.871 277.62 114.653 -24.835 277.545 114.769 24.773 277.42 114.953 -24.667 277.22 114.953 24.667 277.22 118.871 22.264 272.822 119.608 -21.799 271.959 122.629 19.845 268.287 124.034 -18.909 266.504 126.486 17.23 263.267 128.229 -15.998 260.86 130.148 14.602 258.1 130.978 -13.985 256.868 133.61 11.967 252.796 133.61 -11.967 252.796 133.769 -11.836 252.541 133.815 11.796 252.467 133.925 -11.694 252.29 134.015 11.608 252.146 134.123 -11.496 251.971 134.208 11.404 251.832 134.314 -11.281 251.66 134.396 11.185 251.527 134.5 -11.051 251.358 134.577 10.95 251.231 134.679 -10.805 251.064 134.753 10.7 250.943 134.851 -10.545 250.78 134.922 10.435 250.664 135.017 -10.271 250.506 135.084 10.156 250.395 135.176 -9.983 250.242 135.239 9.862 250.136 135.328 -9.682 249.988 136.612 -4.021 247.805 136.631 -3.175 247.772 136.626 -3.599 247.78 136.589 -4.44 247.845 136.556 -4.855 247.901 136.515 -5.266 247.973 136.464 -5.674 248.061 136.404 -6.076 248.164 136.335 -6.474 248.283 136.257 -6.866 248.416 135.388 9.556 249.888 135.472 -9.368 249.747 135.529 9.237 249.651 135.609 -9.042 249.517 135.663 8.906 249.427 135.738 -8.705 249.3 135.788 8.563 249.215 135.859 -8.356 249.096 135.905 8.211 249.016 135.971 -7.997 248.905 136.014 7.848 248.831 136.075 -7.628 248.728 136.115 7.476 248.661 136.17 -7.251 248.565 136.206 7.096 248.504 136.289 6.708 248.362 136.631 3.175 247.772 136.364 6.313 248.234 136.619 3.836 247.792 136.628 3.506 247.777 136.429 5.912 248.122 136.6 4.258 247.826 136.485 5.505 248.025 136.571 4.678 247.877 136.533 5.093 247.943 6.745 -1.722 329.802 7.085 2.935 328.308 7.408 2.696 328.045 7.731 2.457 327.78 8.054 2.22 327.515 8.377 1.983 327.248 11.858 -0.544 324.276 11.102 0 324.936 12.612 -1.084 323.609 13.363 -1.619 322.937 14.113 -2.151 322.258 18.164 -5.161 319.016 22.113 -8.029 315.65 10.67 0 325.153 10.236 0 325.37 9.802 0 325.586 9.368 0 325.802 6.543 2.71 328.456 6.001 2.486 328.603 4.915 2.036 328.897 5.459 2.261 328.75 3.324 -3.324 329.952 4.015 -3.379 329.916 3.379 -4.015 329.916 5.214 -4.325 329.802 4.325 -5.214 329.802 3.626 -6.756 329.753 6.756 -3.626 329.753 3.002 -6.748 329.79 5.17 -12.482 329.245 2.794 -6.745 329.802 3.21 -6.751 329.778 3.418 -6.754 329.766 6.754 -3.418 329.766 6.751 -3.21 329.778 6.748 -3.002 329.79 7.537 -18.195 328.487 9.891 -23.879 327.531 26.794 -12.035 326.824 13.981 -29.463 326.107 29.707 -14.158 326.038 34.727 -17.769 324.497 17.988 -35.035 324.394 39.732 -21.31 322.723 21.911 -40.59 322.395 44.714 -24.776 320.719 25.74 -46.116 320.111 49.666 -28.161 318.487 29.468 -51.603 317.549 54.582 -31.461 316.031 33.088 -57.041 314.71 59.452 -34.669 313.354 36.593 -62.419 311.601 64.272 -37.783 310.459 39.977 -67.728 308.227 69.032 -40.796 307.35 43.233 -72.958 304.592 73.726 -43.704 304.032 46.355 -78.1 300.704 78.347 -46.503 300.51 49.119 -82.769 296.889 82.89 -49.19 296.786 51.757 -87.344 292.87 87.344 -51.757 292.87 51.914 -87.606 292.627 87.675 -51.958 292.56 52.081 -87.858 292.382 87.991 -52.176 292.248 52.308 -88.165 292.068 88.292 -52.41 291.933 52.552 -88.457 291.751 88.517 -52.606 291.683 52.812 -88.733 291.432 88.733 -52.812 291.432 91.719 -55.798 287.747 55.798 -91.719 287.747 94.614 -58.693 283.921 58.693 -94.614 283.921 61.495 -97.416 279.957 97.416 -61.495 279.957 61.641 -97.556 279.748 97.641 -61.735 279.617 61.792 -97.69 279.539 97.847 -61.987 279.279 62.047 -97.892 279.201 98.036 -62.251 278.943 62.314 -98.076 278.865 98.206 -62.529 278.609 62.594 -98.243 278.532 98.358 -62.818 278.277 62.887 -98.391 278.201 98.493 -63.121 277.947 63.192 -98.521 277.871 98.609 -63.436 277.62 63.511 -98.633 277.545 98.671 -63.637 277.42 63.842 -98.727 277.22 98.727 -63.842 277.22 99.797 -68.311 272.822 69.161 -99.99 271.959 100.744 -72.68 268.287 74.335 -101.076 266.504 101.622 -77.256 263.267 79.359 -101.984 260.86 102.354 -81.703 258.1 82.727 -102.504 256.868 102.939 -86.014 252.796 86.014 -102.939 252.796 86.22 -102.958 252.541 102.962 -86.281 252.467 86.431 -102.968 252.29 102.971 -86.555 252.146 86.71 -102.968 251.971 102.964 -86.836 251.832 86.997 -102.951 251.66 102.941 -87.124 251.527 87.291 -102.92 251.358 102.903 -87.418 251.231 87.592 -102.873 251.064 102.851 -87.718 250.943 87.898 -102.811 250.78 102.783 -88.025 250.664 88.209 -102.734 250.506 102.7 -88.338 250.395 88.525 -102.643 250.242 102.602 -88.655 250.136 88.845 -102.537 249.988 93.756 -99.443 247.805 94.368 -98.858 247.772 94.064 -99.154 247.78 93.444 -99.722 247.845 93.127 -99.993 247.901 92.807 -100.254 247.973 92.483 -100.506 248.061 92.155 -100.749 248.164 91.825 -100.981 248.283 91.493 -101.203 248.416 102.491 -88.977 249.888 89.169 -102.418 249.747 102.365 -89.302 249.651 89.496 -102.284 249.517 102.225 -89.631 249.427 89.826 -102.136 249.3 102.072 -89.961 249.215 90.158 -101.975 249.096 101.905 -90.294 249.016 90.491 -101.801 248.905 101.726 -90.627 248.831 90.825 -101.613 248.728 101.534 -90.961 248.661 91.16 -101.414 248.565 101.33 -91.295 248.504 101.114 -91.628 248.362 98.858 -94.368 247.772 100.888 -91.96 248.234 99.317 -93.892 247.792 99.09 -94.131 247.777 100.65 -92.289 248.122 99.602 -93.579 247.826 100.402 -92.617 248.025 99.878 -93.263 247.877 100.145 -92.942 247.943 3.552 -5.987 329.802 5.987 -3.552 329.802 6.799 -0.997 329.567 6.799 -1.27 329.567 6.817 -1.12 329.488 6.781 -0.875 329.645 6.763 -0.752 329.724 6.781 -1.421 329.645 6.763 -1.571 329.724 7.085 -2.935 328.308 7.144 -3.332 328.045 6.897 -4.557 329.136 7.204 -3.729 327.78 7.265 -4.126 327.515 7.038 -5.484 328.513 7.325 -4.521 327.248 7.181 -6.407 327.884 7.325 -7.325 327.248 4.332 -4.332 329.287 5.612 -4.028 329.488 5.334 -5.334 328.615 5.893 -3.671 329.724 6.332 -6.332 327.935 5.706 -3.909 329.567 5.799 -3.79 329.645 6.543 -2.71 328.456 6.001 -2.486 328.603 5.459 -2.261 328.75 -2.4 2.398 328.005 -2.32 2.476 328.006 -2.236 2.551 328.01 -2.151 2.623 328.016 -2.063 2.692 328.025 -1.973 2.758 328.036 -1.881 2.821 328.05 -1.787 2.881 328.066 -1.692 2.937 328.084 -1.594 2.99 328.105 -1.496 3.04 328.128 -1.397 3.086 328.153 -3.129 1.296 328.18 -8.284 3.431 324.625 -3.086 1.396 328.153 -3.04 1.496 328.128 -2.991 1.594 328.105 -2.938 1.691 328.084 -2.882 1.786 328.066 -2.822 1.88 328.05 -2.759 1.972 328.036 -2.693 2.061 328.025 -2.625 2.149 328.016 -2.553 2.235 328.01 -2.478 2.318 328.006 -13.301 5.509 320.878 -18.159 7.522 316.955 -22.858 9.468 312.856 -25.724 10.655 310.197 -28.527 11.816 307.471 -30.779 13.222 304.836 -14.436 32.765 302.432 -32.999 14.578 302.143 -16.869 36.881 297.192 -36.707 16.769 297.421 -40.312 18.807 292.54 -19.115 40.872 291.755 -43.809 20.687 287.509 -21.166 44.729 286.132 -47.191 22.408 282.334 -23.019 48.444 280.335 -50.456 23.967 277.022 -24.67 52.01 274.372 -53.596 25.36 271.581 -26.117 55.421 268.255 -56.608 26.586 266.02 -27.355 58.669 261.996 -59.487 27.643 260.346 -28.383 61.75 255.604 -62.229 28.528 254.566 -28.842 63.314 252.163 -29.241 64.828 248.691 -64.828 29.241 248.691 -29.284 64.975 248.333 -65.014 29.297 248.235 -29.336 65.113 247.972 -65.184 29.369 247.776 -29.416 65.273 247.512 -65.337 29.456 247.314 -29.512 65.417 247.048 -65.446 29.535 246.949 -29.624 65.545 246.582 -65.545 29.624 246.582 -66.828 30.907 241.28 -30.907 66.828 241.28 -67.982 32.061 235.918 -32.061 67.982 235.918 -69.008 33.087 230.505 -33.087 69.008 230.505 -33.139 69.055 230.222 -69.081 33.175 230.046 -33.197 69.095 229.941 -69.137 33.277 229.591 -33.302 69.147 229.487 -69.176 33.392 229.14 -33.42 69.183 229.036 -69.198 33.521 228.692 -33.553 69.201 228.59 -69.204 33.664 228.249 -33.699 69.203 228.147 -69.192 33.821 227.809 -33.859 69.187 227.708 -69.164 33.991 227.373 -34.033 69.155 227.273 -69.138 34.103 227.106 -34.221 69.105 226.842 -69.105 34.221 226.842 -68.25 36.764 221.074 -37.239 68.067 219.958 -67.238 39.173 215.267 -40.065 66.806 213.021 -65.975 41.609 208.991 -42.696 65.321 206.035 -64.533 43.883 202.685 -44.392 64.169 201.203 -62.915 45.991 196.362 -45.991 62.915 196.362 -46.091 62.829 196.061 -62.803 46.121 195.974 -46.198 62.736 195.765 -62.679 46.263 195.596 -46.346 62.604 195.391 -62.542 46.415 195.227 -46.505 62.459 195.026 -62.394 46.577 194.869 -46.675 62.303 194.671 -62.234 46.749 194.522 -46.854 62.135 194.327 -62.063 46.931 194.185 -47.043 61.957 193.995 -61.881 47.123 193.859 -47.242 61.767 193.674 -61.687 47.325 193.545 -47.45 61.568 193.366 -61.484 47.536 193.243 -47.666 61.358 193.071 -51.683 57.37 190.537 -52.281 56.771 190.5 -51.981 57.071 190.509 -51.387 57.666 190.584 -51.093 57.959 190.649 -50.802 58.25 190.732 -50.514 58.538 190.833 -50.229 58.822 190.953 -49.948 59.103 191.09 -49.67 59.38 191.245 -61.27 47.756 192.954 -47.891 61.139 192.789 -61.047 47.985 192.678 -48.124 60.911 192.522 -60.816 48.221 192.417 -48.365 60.675 192.27 -60.576 48.465 192.171 -48.613 60.43 192.032 -60.328 48.716 191.94 -48.868 60.177 191.811 -60.073 48.974 191.726 -49.13 59.918 191.606 -59.811 49.238 191.527 -49.397 59.652 191.417 -59.543 49.507 191.346 -59.269 49.782 191.181 -56.771 52.281 190.5 -58.99 50.062 191.034 -57.239 51.814 190.523 -57.005 52.047 190.506 -58.707 50.346 190.904 -57.537 51.515 190.563 -58.419 50.634 190.791 -57.834 51.219 190.62 -58.128 50.925 190.697 -11.5 8.458 322.258 -6.624 6.624 325.802 -8.458 11.5 322.258 -16.494 9.195 319.016 -9.195 16.494 319.016 -21.314 9.959 315.65 -9.959 21.314 315.65 -25.955 10.751 312.162 -28.182 12.183 309.687 -13.516 30.296 307.253 -30.379 13.568 307.156 -34.189 15.899 302.553 -16.098 34.521 302.137 -37.9 18.079 297.785 -18.495 38.627 296.817 -41.508 20.106 292.861 -20.702 42.604 291.305 -45.007 21.975 287.786 -22.713 46.444 285.611 -48.392 23.684 282.568 -24.525 50.14 279.743 -51.657 25.23 277.215 -26.135 53.686 273.714 -54.798 26.611 271.734 -27.539 57.075 267.533 -57.81 27.824 266.133 -28.735 60.301 261.211 -60.688 28.868 260.421 -29.686 63.245 255.005 -63.429 29.74 254.603 -30.44 66.026 248.691 -66.026 30.44 248.691 -66.173 30.481 248.333 -30.494 66.211 248.235 -66.31 30.533 247.972 -30.565 66.38 247.776 -66.469 30.612 247.512 -30.65 66.532 247.314 -66.612 30.707 247.048 -30.729 66.64 246.949 -66.738 30.817 246.582 -30.817 66.738 246.582 -68.007 32.086 241.278 -32.086 68.007 241.278 -69.15 33.229 235.917 -33.229 69.15 235.917 -70.164 34.243 230.505 -34.243 70.164 230.505 -70.211 34.296 230.222 -34.331 70.237 230.046 -70.251 34.353 229.941 -34.432 70.292 229.591 -70.302 34.457 229.487 -34.546 70.33 229.14 -70.337 34.575 229.036 -34.675 70.352 228.692 -70.355 34.706 228.59 -34.817 70.357 228.248 -70.355 34.851 228.147 -34.973 70.344 227.809 -70.339 35.011 227.708 -35.143 70.315 227.373 -70.306 35.184 227.273 -35.254 70.289 227.106 -70.256 35.371 226.842 -35.371 70.256 226.842 -69.4 37.887 221.119 -38.395 69.202 219.922 -68.39 40.271 215.359 -41.226 67.924 212.949 -67.118 42.715 209.052 -43.862 66.424 205.929 -65.666 44.998 202.716 -45.535 65.281 201.15 -64.038 47.114 196.362 -47.114 64.038 196.362 -63.952 47.214 196.061 -47.244 63.926 195.974 -63.859 47.321 195.765 -47.386 63.802 195.596 -63.727 47.469 195.391 -47.538 63.665 195.227 -63.582 47.628 195.026 -47.7 63.517 194.869 -63.426 47.798 194.671 -47.872 63.357 194.522 -63.258 47.977 194.327 -48.054 63.186 194.185 -63.079 48.166 193.995 -48.246 63.004 193.859 -62.89 48.365 193.674 -48.448 62.81 193.545 -62.69 48.572 193.366 -48.659 62.606 193.243 -62.481 48.789 193.071 -48.879 62.393 192.954 -53.404 57.894 190.5 -50.905 60.391 191.181 -51.185 60.113 191.034 -51.469 59.829 190.904 -51.756 59.542 190.791 -52.048 59.251 190.697 -52.342 58.956 190.62 -52.638 58.66 190.563 -52.936 58.361 190.523 -53.17 58.128 190.506 -62.262 49.013 192.789 -49.107 62.17 192.678 -62.034 49.246 192.522 -49.344 61.938 192.417 -61.797 49.487 192.27 -49.588 61.698 192.171 -61.552 49.735 192.032 -49.839 61.45 191.94 -61.3 49.991 191.811 -50.096 61.195 191.726 -61.04 50.252 191.606 -50.36 60.933 191.527 -60.774 50.52 191.417 -50.63 60.665 191.346 -60.503 50.793 191.245 -57.894 53.404 190.5 -60.226 51.07 191.09 -59.945 51.352 190.953 -58.492 52.806 190.537 -58.194 53.104 190.509 -59.66 51.637 190.833 -58.788 52.51 190.584 -59.373 51.925 190.732 -59.082 52.216 190.649 -7.85 7.85 324.936 -7.545 7.545 325.153 -8.77 8 324.276 -9.684 8.152 323.609 -7.238 7.238 325.37 -10.594 8.304 322.937 -6.931 6.931 325.586 -10.071 4.172 325.293 -4.915 2.036 328.897 -7.325 4.521 327.248 -12.992 8.263 323.119 -15.087 6.249 321.497 -18.48 9.254 318.754 -19.943 8.261 317.526 -22.267 9.99 315.514 -22.981 9.519 314.88 -7.085 2.935 328.308 -6.543 2.71 328.456 -7.408 2.696 328.045 -7.731 2.457 327.78 -8.054 2.22 327.515 -8.377 1.983 327.248 -6.001 2.486 328.603 -5.459 2.261 328.75 -5.314 4.251 329.724 -5.413 4.176 329.645 -5.513 4.102 329.567 -5.612 4.028 329.488 -6.745 1.722 329.802 -7.342 2.213 329.753 -8.099 1.654 329.136 -6.763 1.571 329.724 -8.955 0 327.935 -6.781 1.421 329.645 -6.799 1.27 329.567 -6.817 1.12 329.488 -8.855 1.099 328.513 -9.608 0.547 327.884 -10.36 0 327.248 -7.544 0 328.615 -6.126 0 329.287 -5.229 0.45 329.916 -4.701 0 329.952 -5.706 3.909 329.567 -5.799 3.79 329.645 -5.893 3.671 329.724 -6.894 2.649 329.79 -7.044 2.504 329.778 -7.193 2.358 329.766 -5.229 -0.45 329.916 -6.745 -0.629 329.802 -6.745 0.629 329.802 -7.342 -2.213 329.753 -7.193 -2.358 329.766 -12.482 -5.17 329.245 -7.044 -2.504 329.778 -6.894 -2.649 329.79 -6.745 -2.794 329.802 -18.195 -7.537 328.487 -23.879 -9.891 327.531 -27.456 -10.436 326.824 -30.719 10.948 326.107 -31.017 -10.995 326.038 -37.12 -11.991 324.497 -37.493 12.054 324.394 -43.163 -13.026 322.723 -44.195 13.208 322.395 -49.137 -14.098 320.719 -50.81 14.408 320.111 -55.032 -15.207 318.487 -57.326 15.652 317.549 -60.841 -16.349 316.031 -63.731 16.937 314.71 -66.554 -17.524 313.354 -70.012 18.261 311.601 -72.163 -18.73 310.459 -76.159 19.623 308.227 -77.66 -19.966 307.35 -82.16 21.019 304.592 -83.036 -21.229 304.032 -88.003 22.447 300.704 -88.283 -22.517 300.51 -93.259 23.794 296.889 -93.394 -23.83 296.786 -98.36 25.164 292.87 -98.36 -25.164 292.87 -98.655 25.238 292.627 -98.736 -25.256 292.56 -98.952 25.298 292.382 -99.113 -25.325 292.248 -99.33 25.355 292.068 -99.491 -25.372 291.933 -99.708 25.389 291.751 -99.789 -25.393 291.683 -100.088 25.4 291.432 -100.088 -25.4 291.432 -104.31 -25.4 287.747 -104.31 25.4 287.747 -108.405 -25.4 283.921 -108.405 25.4 283.921 -112.367 -25.4 279.957 -112.367 25.4 279.957 -112.57 25.396 279.748 -112.695 -25.389 279.617 -112.771 25.384 279.539 -113.02 -25.357 279.279 -113.094 25.347 279.201 -113.34 -25.303 278.943 -113.413 25.288 278.865 -113.656 -25.228 278.609 -113.729 25.207 278.532 -113.969 -25.131 278.277 -114.041 25.105 278.201 -114.278 -25.012 277.947 -114.349 24.981 277.871 -114.583 -24.871 277.62 -114.653 24.835 277.545 -114.769 -24.773 277.42 -114.953 24.667 277.22 -114.953 -24.667 277.22 -118.871 -22.264 272.822 -119.608 21.799 271.959 -122.629 -19.845 268.287 -124.034 18.909 266.504 -126.486 -17.23 263.267 -128.229 15.998 260.86 -130.148 -14.602 258.1 -130.978 13.985 256.868 -133.61 -11.967 252.796 -133.61 11.967 252.796 -133.769 11.836 252.541 -133.815 -11.796 252.467 -133.925 11.694 252.29 -134.015 -11.608 252.146 -134.123 11.496 251.971 -134.208 -11.404 251.832 -134.314 11.281 251.66 -134.396 -11.185 251.527 -134.5 11.051 251.358 -134.577 -10.95 251.231 -134.679 10.805 251.064 -134.753 -10.7 250.943 -134.851 10.545 250.78 -134.922 -10.435 250.664 -135.017 10.271 250.506 -135.084 -10.156 250.395 -135.176 9.983 250.242 -135.239 -9.862 250.136 -135.328 9.682 249.988 -136.612 4.021 247.805 -136.631 3.175 247.772 -136.626 3.599 247.78 -136.589 4.44 247.845 -136.556 4.855 247.901 -136.515 5.266 247.973 -136.464 5.674 248.061 -136.404 6.076 248.164 -136.335 6.474 248.283 -136.257 6.866 248.416 -135.388 -9.556 249.888 -135.472 9.368 249.747 -135.529 -9.237 249.651 -135.609 9.042 249.517 -135.663 -8.906 249.427 -135.738 8.705 249.3 -135.788 -8.563 249.215 -135.859 8.356 249.096 -135.905 -8.211 249.016 -135.971 7.997 248.905 -136.014 -7.848 248.831 -136.075 7.628 248.728 -136.115 -7.476 248.661 -136.17 7.251 248.565 -136.206 -7.096 248.504 -136.289 -6.708 248.362 -136.631 -3.175 247.772 -136.364 -6.313 248.234 -136.619 -3.836 247.792 -136.628 -3.506 247.777 -136.429 -5.912 248.122 -136.6 -4.258 247.826 -136.485 -5.505 248.025 -136.571 -4.678 247.877 -136.533 -5.093 247.943 -6.745 -1.722 329.802 3.324 3.324 329.952 3.379 4.015 329.916 4.015 3.379 329.916 4.325 5.214 329.802 5.214 4.325 329.802 6.756 3.626 329.753 3.626 6.756 329.753 6.748 3.002 329.79 6.751 3.21 329.778 6.754 3.418 329.766 3.418 6.754 329.766 3.21 6.751 329.778 3.002 6.748 329.79 12.035 26.794 326.824 29.463 13.981 326.107 14.158 29.707 326.038 17.769 34.727 324.497 35.035 17.988 324.394 21.31 39.732 322.723 40.59 21.911 322.395 24.776 44.714 320.719 46.116 25.74 320.111 28.161 49.666 318.487 51.603 29.468 317.549 31.461 54.582 316.031 57.041 33.088 314.71 34.669 59.452 313.354 62.419 36.593 311.601 37.783 64.272 310.459 67.728 39.977 308.227 40.796 69.032 307.35 72.958 43.233 304.592 43.704 73.726 304.032 78.1 46.355 300.704 46.503 78.347 300.51 82.769 49.119 296.889 49.19 82.89 296.786 87.344 51.757 292.87 51.757 87.344 292.87 87.606 51.914 292.627 51.958 87.675 292.56 87.858 52.081 292.382 52.176 87.991 292.248 88.165 52.308 292.068 52.41 88.292 291.933 88.457 52.552 291.751 52.606 88.517 291.683 88.733 52.812 291.432 52.812 88.733 291.432 55.798 91.719 287.747 91.719 55.798 287.747 58.693 94.614 283.921 94.614 58.693 283.921 97.416 61.495 279.957 61.495 97.416 279.957 97.556 61.641 279.748 61.735 97.641 279.617 97.69 61.792 279.539 61.987 97.847 279.279 97.892 62.047 279.201 62.251 98.036 278.943 98.076 62.314 278.865 62.529 98.206 278.609 98.243 62.594 278.532 62.818 98.358 278.277 98.391 62.887 278.201 63.121 98.493 277.947 98.521 63.192 277.871 63.436 98.609 277.62 98.633 63.511 277.545 63.637 98.671 277.42 98.727 63.842 277.22 63.842 98.727 277.22 68.311 99.797 272.822 99.99 69.161 271.959 72.68 100.744 268.287 101.076 74.335 266.504 77.256 101.622 263.267 101.984 79.359 260.86 81.703 102.354 258.1 102.504 82.727 256.868 86.014 102.939 252.796 102.939 86.014 252.796 102.958 86.22 252.541 86.281 102.962 252.467 102.968 86.431 252.29 86.555 102.971 252.146 102.968 86.71 251.971 86.836 102.964 251.832 102.951 86.997 251.66 87.124 102.941 251.527 102.92 87.291 251.358 87.418 102.903 251.231 102.873 87.592 251.064 87.718 102.851 250.943 102.811 87.898 250.78 88.025 102.783 250.664 102.734 88.209 250.506 88.338 102.7 250.395 102.643 88.525 250.242 88.655 102.602 250.136 102.537 88.845 249.988 99.443 93.756 247.805 98.858 94.368 247.772 99.154 94.064 247.78 99.722 93.444 247.845 99.993 93.127 247.901 100.254 92.807 247.973 100.506 92.483 248.061 100.749 92.155 248.164 100.981 91.825 248.283 101.203 91.493 248.416 88.977 102.491 249.888 102.418 89.169 249.747 89.302 102.365 249.651 102.284 89.496 249.517 89.631 102.225 249.427 102.136 89.826 249.3 89.961 102.072 249.215 101.975 90.158 249.096 90.294 101.905 249.016 101.801 90.491 248.905 90.627 101.726 248.831 101.613 90.825 248.728 90.961 101.534 248.661 101.414 91.16 248.565 91.295 101.33 248.504 91.628 101.114 248.362 94.368 98.858 247.772 91.96 100.888 248.234 93.892 99.317 247.792 94.131 99.09 247.777 92.289 100.65 248.122 93.579 99.602 247.826 92.617 100.402 248.025 93.263 99.878 247.877 92.942 100.145 247.943 5.987 3.552 329.802 3.552 5.987 329.802 5.513 4.102 329.567 5.706 3.909 329.567 5.612 4.028 329.488 5.413 4.176 329.645 5.314 4.251 329.724 5.799 3.79 329.645 5.893 3.671 329.724 -3.393 -0.001 328.005 -3.391 0.11 328.006 -3.385 0.222 328.01 -3.375 0.334 328.016 -3.362 0.445 328.025 -3.345 0.555 328.036 -3.325 0.665 328.05 -3.301 0.773 328.066 -3.273 0.881 328.084 -3.242 0.987 328.105 -3.208 1.092 328.128 -3.17 1.195 328.153 -3.129 -1.296 328.18 -8.284 -3.431 324.625 -3.17 -1.195 328.153 -3.208 -1.092 328.128 -3.242 -0.988 328.105 -3.273 -0.882 328.084 -3.301 -0.775 328.066 -3.325 -0.666 328.05 -3.345 -0.557 328.036 -3.362 -0.447 328.025 -3.375 -0.336 328.016 -3.385 -0.225 328.01 -3.391 -0.113 328.006 -13.301 -5.509 320.878 -18.159 -7.522 316.955 -22.858 -9.468 312.856 -25.724 -10.655 310.197 -28.527 -11.816 307.471 -31.114 -12.415 304.836 -33.376 12.96 302.432 -33.642 -13.026 302.143 -38.007 14.15 297.192 -37.813 -14.098 297.421 -41.803 -15.207 292.54 -42.417 15.385 291.755 -45.606 -16.349 287.509 -46.595 16.662 286.132 -49.215 -17.524 282.334 -50.532 17.978 280.335 -52.625 -18.73 277.022 -54.221 19.332 274.372 -55.831 -19.966 271.581 -57.656 20.721 268.255 -58.827 -21.229 266.02 -60.828 22.142 261.996 -61.61 -22.517 260.346 -63.734 23.594 255.604 -64.175 -23.83 254.566 -65.164 24.375 252.163 -66.517 25.164 248.691 -66.517 -25.164 248.691 -66.651 25.238 248.333 -66.688 -25.256 248.235 -66.786 25.298 247.972 -66.858 -25.325 247.776 -66.956 25.355 247.512 -67.029 -25.372 247.314 -67.126 25.389 247.048 -67.162 -25.393 246.949 -67.295 25.4 246.582 -67.295 -25.4 246.582 -69.109 -25.4 241.28 -69.109 25.4 241.28 -70.742 25.4 235.918 -70.742 -25.4 235.918 -72.192 -25.4 230.505 -72.192 25.4 230.505 -72.262 25.396 230.222 -72.306 -25.389 230.046 -72.332 25.384 229.941 -72.417 -25.357 229.591 -72.443 25.347 229.487 -72.527 -25.303 229.14 -72.551 25.288 229.036 -72.634 -25.228 228.692 -72.658 25.207 228.59 -72.738 -25.131 228.249 -72.762 25.105 228.147 -72.841 -25.012 227.809 -72.865 24.981 227.708 -72.942 -24.871 227.373 -72.965 24.835 227.273 -73.002 -24.773 227.106 -73.062 24.667 226.842 -73.062 -24.667 226.842 -74.256 -22.264 221.074 -74.463 21.799 219.958 -75.244 -19.845 215.267 -75.569 18.909 213.021 -76.073 -17.23 208.991 -76.379 15.998 206.035 -76.662 -14.602 202.685 -76.765 13.985 201.203 -77.008 -11.967 196.362 -77.008 11.967 196.362 -77.018 11.836 196.061 -77.021 -11.796 195.974 -77.028 11.694 195.765 -77.033 -11.608 195.596 -77.039 11.496 195.391 -77.044 -11.404 195.227 -77.05 11.281 195.026 -77.054 -11.185 194.869 -77.059 11.051 194.671 -77.063 -10.95 194.522 -77.067 10.805 194.327 -77.071 -10.7 194.185 -77.075 10.545 193.995 -77.078 -10.435 193.859 -77.081 10.271 193.674 -77.084 -10.156 193.545 -77.087 9.983 193.366 -77.089 -9.862 193.243 -77.092 9.682 193.071 -77.112 4.021 190.537 -77.112 3.175 190.5 -77.112 3.599 190.509 -77.112 4.44 190.584 -77.112 4.855 190.649 -77.112 5.266 190.732 -77.111 5.674 190.833 -77.111 6.076 190.953 -77.111 6.474 191.09 -77.11 6.866 191.245 -77.093 -9.556 192.954 -77.096 9.368 192.789 -77.097 -9.237 192.678 -77.099 9.042 192.522 -77.101 -8.906 192.417 -77.102 8.705 192.27 -77.103 -8.563 192.171 -77.105 8.356 192.032 -77.106 -8.211 191.94 -77.107 7.997 191.811 -77.107 -7.848 191.726 -77.108 7.628 191.606 -77.109 -7.476 191.527 -77.109 7.251 191.417 -77.11 -7.096 191.346 -77.111 -6.708 191.181 -77.112 -3.175 190.5 -77.111 -6.313 191.034 -77.112 -3.836 190.523 -77.112 -3.506 190.506 -77.112 -5.912 190.904 -77.112 -4.258 190.563 -77.112 -5.505 190.791 -77.112 -4.678 190.62 -77.112 -5.093 190.697 -14.113 -2.151 322.258 -9.368 0 325.802 -14.113 2.151 322.258 -18.164 5.161 319.016 -18.164 -5.161 319.016 -22.113 8.029 315.65 -22.113 -8.029 315.65 -25.955 -10.751 312.162 -28.542 -11.313 309.687 -30.98 11.866 307.253 -31.075 -11.888 307.156 -35.417 -12.933 302.553 -35.793 13.027 302.137 -39.584 -14.016 297.785 -40.391 14.235 296.817 -43.568 -15.134 292.861 -44.764 15.487 291.305 -47.364 -16.286 287.786 -48.901 16.78 285.611 -50.965 -17.471 282.568 -52.796 18.112 279.743 -54.368 -18.686 277.215 -56.442 19.482 273.714 -57.565 -19.931 271.734 -59.831 20.885 267.533 -60.552 -21.203 266.133 -62.958 22.321 261.211 -63.325 -22.5 260.421 -65.712 23.73 255.005 -65.881 -23.821 254.603 -68.212 25.164 248.691 -68.212 -25.164 248.691 -68.345 -25.238 248.333 -68.381 25.256 248.235 -68.478 -25.298 247.972 -68.55 25.325 247.776 -68.646 -25.355 247.512 -68.718 25.372 247.314 -68.814 -25.389 247.048 -68.85 25.393 246.949 -68.982 -25.4 246.582 -68.982 25.4 246.582 -70.777 25.4 241.278 -70.777 -25.4 241.278 -72.393 -25.4 235.917 -72.393 25.4 235.917 -73.828 -25.4 230.505 -73.828 25.4 230.505 -73.897 -25.396 230.222 -73.94 25.389 230.046 -73.966 -25.384 229.941 -74.051 25.357 229.591 -74.076 -25.347 229.487 -74.159 25.303 229.14 -74.184 -25.288 229.036 -74.265 25.228 228.692 -74.289 -25.207 228.59 -74.369 25.131 228.248 -74.392 -25.105 228.147 -74.47 25.012 227.809 -74.494 -24.981 227.708 -74.57 24.871 227.373 -74.593 -24.835 227.273 -74.63 24.773 227.106 -74.689 -24.667 226.842 -74.689 24.667 226.842 -75.863 -22.283 221.119 -76.082 21.784 219.922 -76.835 -19.883 215.359 -77.181 18.879 212.949 -77.664 -17.255 209.052 -77.984 15.954 205.929 -78.251 -14.615 202.716 -78.359 13.962 201.15 -78.596 -11.967 196.362 -78.596 11.967 196.362 -78.607 -11.836 196.061 -78.609 11.796 195.974 -78.616 -11.694 195.765 -78.621 11.608 195.596 -78.627 -11.496 195.391 -78.632 11.404 195.227 -78.638 -11.281 195.026 -78.642 11.185 194.869 -78.647 -11.051 194.671 -78.651 10.95 194.522 -78.655 -10.805 194.327 -78.659 10.7 194.185 -78.662 -10.545 193.995 -78.665 10.435 193.859 -78.669 -10.271 193.674 -78.671 10.156 193.545 -78.675 -9.983 193.366 -78.677 9.862 193.243 -78.679 -9.682 193.071 -78.681 9.556 192.954 -78.699 3.175 190.5 -78.698 6.708 191.181 -78.699 6.313 191.034 -78.699 5.912 190.904 -78.7 5.505 190.791 -78.7 5.093 190.697 -78.7 4.677 190.62 -78.7 4.258 190.563 -78.699 3.836 190.523 -78.699 3.506 190.506 -78.683 -9.368 192.789 -78.685 9.237 192.678 -78.687 -9.042 192.522 -78.688 8.906 192.417 -78.69 -8.705 192.27 -78.691 8.563 192.171 -78.692 -8.356 192.032 -78.693 8.211 191.94 -78.694 -7.997 191.811 -78.695 7.848 191.726 -78.696 -7.628 191.606 -78.696 7.476 191.527 -78.697 -7.251 191.417 -78.698 7.096 191.346 -78.698 -6.866 191.245 -78.699 -3.175 190.5 -78.698 -6.474 191.09 -78.699 -6.076 190.953 -78.699 -4.021 190.537 -78.699 -3.599 190.509 -78.699 -5.674 190.833 -78.699 -4.44 190.584 -78.699 -5.266 190.732 -78.699 -4.855 190.649 -11.102 0 324.936 -10.67 0 325.153 -11.858 -0.544 324.276 -12.612 -1.084 323.609 -10.236 0 325.37 -13.363 -1.619 322.937 -9.802 0 325.586 -10.071 -4.172 325.293 -4.915 -2.036 328.897 -8.377 -1.983 327.248 -15.03 -3.344 323.119 -15.087 -6.249 321.497 -19.611 -6.524 318.754 -19.943 -8.261 317.526 -22.809 -8.681 315.514 -22.981 -9.519 314.88 -7.085 -2.935 328.308 -6.543 -2.71 328.456 -7.144 -3.332 328.045 -7.204 -3.729 327.78 -7.265 -4.126 327.515 -7.325 -4.521 327.248 -6.001 -2.486 328.603 -5.459 -2.261 328.75 -6.763 -0.752 329.724 -6.781 -0.875 329.645 -6.799 -0.997 329.567 -6.817 -1.12 329.488 -5.987 -3.552 329.802 -6.756 -3.626 329.753 -6.897 -4.557 329.136 -5.893 -3.671 329.724 -6.332 -6.332 327.935 -5.799 -3.79 329.645 -5.706 -3.909 329.567 -5.612 -4.028 329.488 -7.038 -5.484 328.513 -7.181 -6.407 327.884 -7.325 -7.325 327.248 -5.334 -5.334 328.615 -4.332 -4.332 329.287 -4.015 -3.379 329.916 -3.324 -3.324 329.952 -6.799 -1.27 329.567 -6.781 -1.421 329.645 -6.763 -1.571 329.724 -6.748 -3.002 329.79 -6.751 -3.21 329.778 -6.754 -3.418 329.766 -3.379 -4.015 329.916 -4.325 -5.214 329.802 -5.214 -4.325 329.802 -3.626 -6.756 329.753 -3.418 -6.754 329.766 -5.17 -12.482 329.245 -3.21 -6.751 329.778 -3.002 -6.748 329.79 -2.794 -6.745 329.802 -7.537 -18.195 328.487 -9.891 -23.879 327.531 -12.035 -26.794 326.824 -29.463 -13.981 326.107 -14.158 -29.707 326.038 -17.769 -34.727 324.497 -35.035 -17.988 324.394 -21.31 -39.732 322.723 -40.59 -21.911 322.395 -24.776 -44.714 320.719 -46.116 -25.74 320.111 -28.161 -49.666 318.487 -51.603 -29.468 317.549 -31.461 -54.582 316.031 -57.041 -33.088 314.71 -34.669 -59.452 313.354 -62.419 -36.593 311.601 -37.783 -64.272 310.459 -67.728 -39.977 308.227 -40.796 -69.032 307.35 -72.958 -43.233 304.592 -43.704 -73.726 304.032 -78.1 -46.355 300.704 -46.503 -78.347 300.51 -82.769 -49.119 296.889 -49.19 -82.89 296.786 -87.344 -51.757 292.87 -51.757 -87.344 292.87 -87.606 -51.914 292.627 -51.958 -87.675 292.56 -87.858 -52.081 292.382 -52.176 -87.991 292.248 -88.165 -52.308 292.068 -52.41 -88.292 291.933 -88.457 -52.552 291.751 -52.606 -88.517 291.683 -88.733 -52.812 291.432 -52.812 -88.733 291.432 -55.798 -91.719 287.747 -91.719 -55.798 287.747 -58.693 -94.614 283.921 -94.614 -58.693 283.921 -97.416 -61.495 279.957 -61.495 -97.416 279.957 -97.556 -61.641 279.748 -61.735 -97.641 279.617 -97.69 -61.792 279.539 -61.987 -97.847 279.279 -97.892 -62.047 279.201 -62.251 -98.036 278.943 -98.076 -62.314 278.865 -62.529 -98.206 278.609 -98.243 -62.594 278.532 -62.818 -98.358 278.277 -98.391 -62.887 278.201 -63.121 -98.493 277.947 -98.521 -63.192 277.871 -63.436 -98.609 277.62 -98.633 -63.511 277.545 -63.637 -98.671 277.42 -98.727 -63.842 277.22 -63.842 -98.727 277.22 -68.311 -99.797 272.822 -99.99 -69.161 271.959 -72.68 -100.744 268.287 -101.076 -74.335 266.504 -77.256 -101.622 263.267 -101.984 -79.359 260.86 -81.703 -102.354 258.1 -102.504 -82.727 256.868 -86.014 -102.939 252.796 -102.939 -86.014 252.796 -102.958 -86.22 252.541 -86.281 -102.962 252.467 -102.968 -86.431 252.29 -86.555 -102.971 252.146 -102.968 -86.71 251.971 -86.836 -102.964 251.832 -102.951 -86.997 251.66 -87.124 -102.941 251.527 -102.92 -87.291 251.358 -87.418 -102.903 251.231 -102.873 -87.592 251.064 -87.718 -102.851 250.943 -102.811 -87.898 250.78 -88.025 -102.783 250.664 -102.734 -88.209 250.506 -88.338 -102.7 250.395 -102.643 -88.525 250.242 -88.655 -102.602 250.136 -102.537 -88.845 249.988 -99.443 -93.756 247.805 -98.858 -94.368 247.772 -99.154 -94.064 247.78 -99.722 -93.444 247.845 -99.993 -93.127 247.901 -100.254 -92.807 247.973 -100.506 -92.483 248.061 -100.749 -92.155 248.164 -100.981 -91.825 248.283 -101.203 -91.493 248.416 -88.977 -102.491 249.888 -102.418 -89.169 249.747 -89.302 -102.365 249.651 -102.284 -89.496 249.517 -89.631 -102.225 249.427 -102.136 -89.826 249.3 -89.961 -102.072 249.215 -101.975 -90.158 249.096 -90.294 -101.905 249.016 -101.801 -90.491 248.905 -90.627 -101.726 248.831 -101.613 -90.825 248.728 -90.961 -101.534 248.661 -101.414 -91.16 248.565 -91.295 -101.33 248.504 -91.628 -101.114 248.362 -94.368 -98.858 247.772 -91.96 -100.888 248.234 -93.892 -99.317 247.792 -94.131 -99.09 247.777 -92.289 -100.65 248.122 -93.579 -99.602 247.826 -92.617 -100.402 248.025 -93.263 -99.878 247.877 -92.942 -100.145 247.943 -3.552 -5.987 329.802 -2.398 -2.4 328.005 -2.476 -2.32 328.006 -2.551 -2.236 328.01 -2.623 -2.151 328.016 -2.692 -2.063 328.025 -2.758 -1.973 328.036 -2.821 -1.881 328.05 -2.881 -1.787 328.066 -2.937 -1.692 328.084 -2.99 -1.594 328.105 -3.04 -1.496 328.128 -3.086 -1.397 328.153 -1.296 -3.129 328.18 -3.431 -8.284 324.625 -1.396 -3.086 328.153 -1.496 -3.04 328.128 -1.594 -2.991 328.105 -1.691 -2.938 328.084 -1.786 -2.882 328.066 -1.88 -2.822 328.05 -1.972 -2.759 328.036 -2.061 -2.693 328.025 -2.149 -2.625 328.016 -2.235 -2.553 328.01 -2.318 -2.478 328.006 -5.509 -13.301 320.878 -7.522 -18.159 316.955 -9.468 -22.858 312.856 -10.655 -25.724 310.197 -11.816 -28.527 307.471 -13.222 -30.779 304.836 -32.765 -14.436 302.432 -14.578 -32.999 302.143 -36.881 -16.869 297.192 -16.769 -36.707 297.421 -18.807 -40.312 292.54 -40.872 -19.115 291.755 -20.687 -43.809 287.509 -44.729 -21.166 286.132 -22.408 -47.191 282.334 -48.444 -23.019 280.335 -23.967 -50.456 277.022 -52.01 -24.67 274.372 -25.36 -53.596 271.581 -55.421 -26.117 268.255 -26.586 -56.608 266.02 -58.669 -27.355 261.996 -27.643 -59.487 260.346 -61.75 -28.383 255.604 -28.528 -62.229 254.566 -63.314 -28.842 252.163 -64.828 -29.241 248.691 -29.241 -64.828 248.691 -64.975 -29.284 248.333 -29.297 -65.014 248.235 -65.113 -29.336 247.972 -29.369 -65.184 247.776 -65.273 -29.416 247.512 -29.456 -65.337 247.314 -65.417 -29.512 247.048 -29.535 -65.446 246.949 -65.545 -29.624 246.582 -29.624 -65.545 246.582 -30.907 -66.828 241.28 -66.828 -30.907 241.28 -32.061 -67.982 235.918 -67.982 -32.061 235.918 -33.087 -69.008 230.505 -69.008 -33.087 230.505 -69.055 -33.139 230.222 -33.175 -69.081 230.046 -69.095 -33.197 229.941 -33.277 -69.137 229.591 -69.147 -33.302 229.487 -33.392 -69.176 229.14 -69.183 -33.42 229.036 -33.521 -69.198 228.692 -69.201 -33.553 228.59 -33.664 -69.204 228.249 -69.203 -33.699 228.147 -33.821 -69.192 227.809 -69.187 -33.859 227.708 -33.991 -69.164 227.373 -69.155 -34.033 227.273 -34.103 -69.138 227.106 -69.105 -34.221 226.842 -34.221 -69.105 226.842 -36.764 -68.25 221.074 -68.067 -37.239 219.958 -39.173 -67.238 215.267 -66.806 -40.065 213.021 -41.609 -65.975 208.991 -65.321 -42.696 206.035 -43.883 -64.533 202.685 -64.169 -44.392 201.203 -45.991 -62.915 196.362 -62.915 -45.991 196.362 -62.829 -46.091 196.061 -46.121 -62.803 195.974 -62.736 -46.198 195.765 -46.263 -62.679 195.596 -62.604 -46.346 195.391 -46.415 -62.542 195.227 -62.459 -46.505 195.026 -46.577 -62.394 194.869 -62.303 -46.675 194.671 -46.749 -62.234 194.522 -62.135 -46.854 194.327 -46.931 -62.063 194.185 -61.957 -47.043 193.995 -47.123 -61.881 193.859 -61.767 -47.242 193.674 -47.325 -61.687 193.545 -61.568 -47.45 193.366 -47.536 -61.484 193.243 -61.358 -47.666 193.071 -57.37 -51.683 190.537 -56.771 -52.281 190.5 -57.071 -51.981 190.509 -57.666 -51.387 190.584 -57.959 -51.093 190.649 -58.25 -50.802 190.732 -58.538 -50.514 190.833 -58.822 -50.229 190.953 -59.103 -49.948 191.09 -59.38 -49.67 191.245 -47.756 -61.27 192.954 -61.139 -47.891 192.789 -47.985 -61.047 192.678 -60.911 -48.124 192.522 -48.221 -60.816 192.417 -60.675 -48.365 192.27 -48.465 -60.576 192.171 -60.43 -48.613 192.032 -48.716 -60.328 191.94 -60.177 -48.868 191.811 -48.974 -60.073 191.726 -59.918 -49.13 191.606 -49.238 -59.811 191.527 -59.652 -49.397 191.417 -49.507 -59.543 191.346 -49.782 -59.269 191.181 -52.281 -56.771 190.5 -50.062 -58.99 191.034 -51.814 -57.239 190.523 -52.047 -57.005 190.506 -50.346 -58.707 190.904 -51.515 -57.537 190.563 -50.634 -58.419 190.791 -51.219 -57.834 190.62 -50.925 -58.128 190.697 -8.458 -11.5 322.258 -6.624 -6.624 325.802 -11.5 -8.458 322.258 -9.195 -16.494 319.016 -16.494 -9.195 319.016 -9.959 -21.314 315.65 -21.314 -9.959 315.65 -10.751 -25.955 312.162 -12.183 -28.182 309.687 -30.296 -13.516 307.253 -13.568 -30.379 307.156 -15.899 -34.189 302.553 -34.521 -16.098 302.137 -18.079 -37.9 297.785 -38.627 -18.495 296.817 -20.106 -41.508 292.861 -42.604 -20.702 291.305 -21.975 -45.007 287.786 -46.444 -22.713 285.611 -23.684 -48.392 282.568 -50.14 -24.525 279.743 -25.23 -51.657 277.215 -53.686 -26.135 273.714 -26.611 -54.798 271.734 -57.075 -27.539 267.533 -27.824 -57.81 266.133 -60.301 -28.735 261.211 -28.868 -60.688 260.421 -63.245 -29.686 255.005 -29.74 -63.429 254.603 -66.026 -30.44 248.691 -30.44 -66.026 248.691 -30.481 -66.173 248.333 -66.211 -30.494 248.235 -30.533 -66.31 247.972 -66.38 -30.565 247.776 -30.612 -66.469 247.512 -66.532 -30.65 247.314 -30.707 -66.612 247.048 -66.64 -30.729 246.949 -30.817 -66.738 246.582 -66.738 -30.817 246.582 -32.086 -68.007 241.278 -68.007 -32.086 241.278 -33.229 -69.15 235.917 -69.15 -33.229 235.917 -34.243 -70.164 230.505 -70.164 -34.243 230.505 -34.296 -70.211 230.222 -70.237 -34.331 230.046 -34.353 -70.251 229.941 -70.292 -34.432 229.591 -34.457 -70.302 229.487 -70.33 -34.546 229.14 -34.575 -70.337 229.036 -70.352 -34.675 228.692 -34.706 -70.355 228.59 -70.357 -34.817 228.248 -34.851 -70.355 228.147 -70.344 -34.973 227.809 -35.011 -70.339 227.708 -70.315 -35.143 227.373 -35.184 -70.306 227.273 -70.289 -35.254 227.106 -35.371 -70.256 226.842 -70.256 -35.371 226.842 -37.887 -69.4 221.119 -69.202 -38.395 219.922 -40.271 -68.39 215.359 -67.924 -41.226 212.949 -42.715 -67.118 209.052 -66.424 -43.862 205.929 -44.998 -65.666 202.716 -65.281 -45.535 201.15 -47.114 -64.038 196.362 -64.038 -47.114 196.362 -47.214 -63.952 196.061 -63.926 -47.244 195.974 -47.321 -63.859 195.765 -63.802 -47.386 195.596 -47.469 -63.727 195.391 -63.665 -47.538 195.227 -47.628 -63.582 195.026 -63.517 -47.7 194.869 -47.798 -63.426 194.671 -63.357 -47.872 194.522 -47.977 -63.258 194.327 -63.186 -48.054 194.185 -48.166 -63.079 193.995 -63.004 -48.246 193.859 -48.365 -62.89 193.674 -62.81 -48.448 193.545 -48.572 -62.69 193.366 -62.606 -48.659 193.243 -48.789 -62.481 193.071 -62.393 -48.879 192.954 -57.894 -53.404 190.5 -60.391 -50.905 191.181 -60.113 -51.185 191.034 -59.829 -51.469 190.904 -59.542 -51.756 190.791 -59.251 -52.048 190.697 -58.956 -52.342 190.62 -58.66 -52.638 190.563 -58.361 -52.936 190.523 -58.128 -53.17 190.506 -49.013 -62.262 192.789 -62.17 -49.107 192.678 -49.246 -62.034 192.522 -61.938 -49.344 192.417 -49.487 -61.797 192.27 -61.698 -49.588 192.171 -49.735 -61.552 192.032 -61.45 -49.839 191.94 -49.991 -61.3 191.811 -61.195 -50.096 191.726 -50.252 -61.04 191.606 -60.933 -50.36 191.527 -50.52 -60.774 191.417 -60.665 -50.63 191.346 -50.793 -60.503 191.245 -53.404 -57.894 190.5 -51.07 -60.226 191.09 -51.352 -59.945 190.953 -52.806 -58.492 190.537 -53.104 -58.194 190.509 -51.637 -59.66 190.833 -52.51 -58.788 190.584 -51.925 -59.373 190.732 -52.216 -59.082 190.649 -7.85 -7.85 324.936 -7.545 -7.545 325.153 -8 -8.77 324.276 -8.152 -9.684 323.609 -7.238 -7.238 325.37 -8.304 -10.594 322.937 -6.931 -6.931 325.586 -4.172 -10.071 325.293 -2.036 -4.915 328.897 -4.521 -7.325 327.248 -8.263 -12.992 323.119 -6.249 -15.087 321.497 -9.254 -18.48 318.754 -8.261 -19.943 317.526 -9.99 -22.267 315.514 -9.519 -22.981 314.88 -2.935 -7.085 328.308 -2.71 -6.543 328.456 -2.696 -7.408 328.045 -2.457 -7.731 327.78 -2.22 -8.054 327.515 -1.983 -8.377 327.248 -2.486 -6.001 328.603 -2.261 -5.459 328.75 -4.251 -5.314 329.724 -4.176 -5.413 329.645 -4.102 -5.513 329.567 -4.028 -5.612 329.488 -1.722 -6.745 329.802 -2.213 -7.342 329.753 -1.654 -8.099 329.136 -1.571 -6.763 329.724 0 -8.955 327.935 -1.421 -6.781 329.645 -1.27 -6.799 329.567 -1.12 -6.817 329.488 -1.099 -8.855 328.513 -0.547 -9.608 327.884 0 -10.36 327.248 0 -7.544 328.615 0 -6.126 329.287 -0.45 -5.229 329.916 0 -4.701 329.952 -3.909 -5.706 329.567 -3.79 -5.799 329.645 -3.671 -5.893 329.724 -2.649 -6.894 329.79 -2.504 -7.044 329.778 -2.358 -7.193 329.766 0.45 -5.229 329.916 0.629 -6.745 329.802 -0.629 -6.745 329.802 2.213 -7.342 329.753 2.358 -7.193 329.766 2.504 -7.044 329.778 2.649 -6.894 329.79 10.436 -27.456 326.824 -10.948 -30.719 326.107 10.995 -31.017 326.038 11.991 -37.12 324.497 -12.054 -37.493 324.394 13.026 -43.163 322.723 -13.208 -44.195 322.395 14.098 -49.137 320.719 -14.408 -50.81 320.111 15.207 -55.032 318.487 -15.652 -57.326 317.549 16.349 -60.841 316.031 -16.937 -63.731 314.71 17.524 -66.554 313.354 -18.261 -70.012 311.601 18.73 -72.163 310.459 -19.623 -76.159 308.227 19.966 -77.66 307.35 -21.019 -82.16 304.592 21.229 -83.036 304.032 -22.447 -88.003 300.704 22.517 -88.283 300.51 -23.794 -93.259 296.889 23.83 -93.394 296.786 -25.164 -98.36 292.87 25.164 -98.36 292.87 -25.238 -98.655 292.627 25.256 -98.736 292.56 -25.298 -98.952 292.382 25.325 -99.113 292.248 -25.355 -99.33 292.068 25.372 -99.491 291.933 -25.389 -99.708 291.751 25.393 -99.789 291.683 -25.4 -100.088 291.432 25.4 -100.088 291.432 25.4 -104.31 287.747 -25.4 -104.31 287.747 25.4 -108.405 283.921 -25.4 -108.405 283.921 25.4 -112.367 279.957 -25.4 -112.367 279.957 -25.396 -112.57 279.748 25.389 -112.695 279.617 -25.384 -112.771 279.539 25.357 -113.02 279.279 -25.347 -113.094 279.201 25.303 -113.34 278.943 -25.288 -113.413 278.865 25.228 -113.656 278.609 -25.207 -113.729 278.532 25.131 -113.969 278.277 -25.105 -114.041 278.201 25.012 -114.278 277.947 -24.981 -114.349 277.871 24.871 -114.583 277.62 -24.835 -114.653 277.545 24.773 -114.769 277.42 -24.667 -114.953 277.22 24.667 -114.953 277.22 22.264 -118.871 272.822 -21.799 -119.608 271.959 19.845 -122.629 268.287 -18.909 -124.034 266.504 17.23 -126.486 263.267 -15.998 -128.229 260.86 14.602 -130.148 258.1 -13.985 -130.978 256.868 11.967 -133.61 252.796 -11.967 -133.61 252.796 -11.836 -133.769 252.541 11.796 -133.815 252.467 -11.694 -133.925 252.29 11.608 -134.015 252.146 -11.496 -134.123 251.971 11.404 -134.208 251.832 -11.281 -134.314 251.66 11.185 -134.396 251.527 -11.051 -134.5 251.358 10.95 -134.577 251.231 -10.805 -134.679 251.064 10.7 -134.753 250.943 -10.545 -134.851 250.78 10.435 -134.922 250.664 -10.271 -135.017 250.506 10.156 -135.084 250.395 -9.983 -135.176 250.242 9.862 -135.239 250.136 -9.682 -135.328 249.988 -4.021 -136.612 247.805 -3.175 -136.631 247.772 -3.599 -136.626 247.78 -4.44 -136.589 247.845 -4.855 -136.556 247.901 -5.266 -136.515 247.973 -5.674 -136.464 248.061 -6.076 -136.404 248.164 -6.474 -136.335 248.283 -6.866 -136.257 248.416 9.556 -135.388 249.888 -9.368 -135.472 249.747 9.237 -135.529 249.651 -9.042 -135.609 249.517 8.906 -135.663 249.427 -8.705 -135.738 249.3 8.563 -135.788 249.215 -8.356 -135.859 249.096 8.211 -135.905 249.016 -7.997 -135.971 248.905 7.848 -136.014 248.831 -7.628 -136.075 248.728 7.476 -136.115 248.661 -7.251 -136.17 248.565 7.096 -136.206 248.504 6.708 -136.289 248.362 3.175 -136.631 247.772 6.313 -136.364 248.234 3.836 -136.619 247.792 3.506 -136.628 247.777 5.912 -136.429 248.122 4.258 -136.6 247.826 5.505 -136.485 248.025 4.678 -136.571 247.877 5.093 -136.533 247.943 1.722 -6.745 329.802 0.001 -3.393 328.005 -0.11 -3.391 328.006 -0.222 -3.385 328.01 -0.334 -3.375 328.016 -0.445 -3.362 328.025 -0.555 -3.345 328.036 -0.665 -3.325 328.05 -0.773 -3.301 328.066 -0.881 -3.273 328.084 -0.987 -3.242 328.105 -1.092 -3.208 328.128 -1.195 -3.17 328.153 1.296 -3.129 328.18 3.431 -8.284 324.625 1.195 -3.17 328.153 1.092 -3.208 328.128 0.988 -3.242 328.105 0.882 -3.273 328.084 0.775 -3.301 328.066 0.666 -3.325 328.05 0.557 -3.345 328.036 0.447 -3.362 328.025 0.336 -3.375 328.016 0.225 -3.385 328.01 0.113 -3.391 328.006 5.509 -13.301 320.878 7.522 -18.159 316.955 9.468 -22.858 312.856 10.655 -25.724 310.197 11.816 -28.527 307.471 12.415 -31.114 304.836 -12.96 -33.376 302.432 13.026 -33.642 302.143 -14.15 -38.007 297.192 14.098 -37.813 297.421 15.207 -41.803 292.54 -15.385 -42.417 291.755 16.349 -45.606 287.509 -16.662 -46.595 286.132 17.524 -49.215 282.334 -17.978 -50.532 280.335 18.73 -52.625 277.022 -19.332 -54.221 274.372 19.966 -55.831 271.581 -20.721 -57.656 268.255 21.229 -58.827 266.02 -22.142 -60.828 261.996 22.517 -61.61 260.346 -23.594 -63.734 255.604 23.83 -64.175 254.566 -24.375 -65.164 252.163 -25.164 -66.517 248.691 25.164 -66.517 248.691 -25.238 -66.651 248.333 25.256 -66.688 248.235 -25.298 -66.786 247.972 25.325 -66.858 247.776 -25.355 -66.956 247.512 25.372 -67.029 247.314 -25.389 -67.126 247.048 25.393 -67.162 246.949 -25.4 -67.295 246.582 25.4 -67.295 246.582 25.4 -69.109 241.28 -25.4 -69.109 241.28 -25.4 -70.742 235.918 25.4 -70.742 235.918 25.4 -72.192 230.505 -25.4 -72.192 230.505 -25.396 -72.262 230.222 25.389 -72.306 230.046 -25.384 -72.332 229.941 25.357 -72.417 229.591 -25.347 -72.443 229.487 25.303 -72.527 229.14 -25.288 -72.551 229.036 25.228 -72.634 228.692 -25.207 -72.658 228.59 25.131 -72.738 228.249 -25.105 -72.762 228.147 25.012 -72.841 227.809 -24.981 -72.865 227.708 24.871 -72.942 227.373 -24.835 -72.965 227.273 24.773 -73.002 227.106 -24.667 -73.062 226.842 24.667 -73.062 226.842 22.264 -74.256 221.074 -21.799 -74.463 219.958 19.845 -75.244 215.267 -18.909 -75.569 213.021 17.23 -76.073 208.991 -15.998 -76.379 206.035 14.602 -76.662 202.685 -13.985 -76.765 201.203 11.967 -77.008 196.362 -11.967 -77.008 196.362 -11.836 -77.018 196.061 11.796 -77.021 195.974 -11.694 -77.028 195.765 11.608 -77.033 195.596 -11.496 -77.039 195.391 11.404 -77.044 195.227 -11.281 -77.05 195.026 11.185 -77.054 194.869 -11.051 -77.059 194.671 10.95 -77.063 194.522 -10.805 -77.067 194.327 10.7 -77.071 194.185 -10.545 -77.075 193.995 10.435 -77.078 193.859 -10.271 -77.081 193.674 10.156 -77.084 193.545 -9.983 -77.087 193.366 9.862 -77.089 193.243 -9.682 -77.092 193.071 -4.021 -77.112 190.537 -3.175 -77.112 190.5 -3.599 -77.112 190.509 -4.44 -77.112 190.584 -4.855 -77.112 190.649 -5.266 -77.112 190.732 -5.674 -77.111 190.833 -6.076 -77.111 190.953 -6.474 -77.111 191.09 -6.866 -77.11 191.245 9.556 -77.093 192.954 -9.368 -77.096 192.789 9.237 -77.097 192.678 -9.042 -77.099 192.522 8.906 -77.101 192.417 -8.705 -77.102 192.27 8.563 -77.103 192.171 -8.356 -77.105 192.032 8.211 -77.106 191.94 -7.997 -77.107 191.811 7.848 -77.107 191.726 -7.628 -77.108 191.606 7.476 -77.109 191.527 -7.251 -77.109 191.417 7.096 -77.11 191.346 6.708 -77.111 191.181 3.175 -77.112 190.5 6.313 -77.111 191.034 3.836 -77.112 190.523 3.506 -77.112 190.506 5.912 -77.112 190.904 4.258 -77.112 190.563 5.505 -77.112 190.791 4.678 -77.112 190.62 5.093 -77.112 190.697 2.151 -14.113 322.258 0 -9.368 325.802 -2.151 -14.113 322.258 5.161 -18.164 319.016 -5.161 -18.164 319.016 8.029 -22.113 315.65 -8.029 -22.113 315.65 10.751 -25.955 312.162 11.313 -28.542 309.687 -11.866 -30.98 307.253 11.888 -31.075 307.156 12.933 -35.417 302.553 -13.027 -35.793 302.137 14.016 -39.584 297.785 -14.235 -40.391 296.817 15.134 -43.568 292.861 -15.487 -44.764 291.305 16.286 -47.364 287.786 -16.78 -48.901 285.611 17.471 -50.965 282.568 -18.112 -52.796 279.743 18.686 -54.368 277.215 -19.482 -56.442 273.714 19.931 -57.565 271.734 -20.885 -59.831 267.533 21.203 -60.552 266.133 -22.321 -62.958 261.211 22.5 -63.325 260.421 -23.73 -65.712 255.005 23.821 -65.881 254.603 -25.164 -68.212 248.691 25.164 -68.212 248.691 25.238 -68.345 248.333 -25.256 -68.381 248.235 25.298 -68.478 247.972 -25.325 -68.55 247.776 25.355 -68.646 247.512 -25.372 -68.718 247.314 25.389 -68.814 247.048 -25.393 -68.85 246.949 25.4 -68.982 246.582 -25.4 -68.982 246.582 -25.4 -70.777 241.278 25.4 -70.777 241.278 25.4 -72.393 235.917 -25.4 -72.393 235.917 25.4 -73.828 230.505 -25.4 -73.828 230.505 25.396 -73.897 230.222 -25.389 -73.94 230.046 25.384 -73.966 229.941 -25.357 -74.051 229.591 25.347 -74.076 229.487 -25.303 -74.159 229.14 25.288 -74.184 229.036 -25.228 -74.265 228.692 25.207 -74.289 228.59 -25.131 -74.369 228.248 25.105 -74.392 228.147 -25.012 -74.47 227.809 24.981 -74.494 227.708 -24.871 -74.57 227.373 24.835 -74.593 227.273 -24.773 -74.63 227.106 24.667 -74.689 226.842 -24.667 -74.689 226.842 22.283 -75.863 221.119 -21.784 -76.082 219.922 19.883 -76.835 215.359 -18.879 -77.181 212.949 17.255 -77.664 209.052 -15.954 -77.984 205.929 14.615 -78.251 202.716 -13.962 -78.359 201.15 11.967 -78.596 196.362 -11.967 -78.596 196.362 11.836 -78.607 196.061 -11.796 -78.609 195.974 11.694 -78.616 195.765 -11.608 -78.621 195.596 11.496 -78.627 195.391 -11.404 -78.632 195.227 11.281 -78.638 195.026 -11.185 -78.642 194.869 11.051 -78.647 194.671 -10.95 -78.651 194.522 10.805 -78.655 194.327 -10.7 -78.659 194.185 10.545 -78.662 193.995 -10.435 -78.665 193.859 10.271 -78.669 193.674 -10.156 -78.671 193.545 9.983 -78.675 193.366 -9.862 -78.677 193.243 9.682 -78.679 193.071 -9.556 -78.681 192.954 -3.175 -78.699 190.5 -6.708 -78.698 191.181 -6.313 -78.699 191.034 -5.912 -78.699 190.904 -5.505 -78.7 190.791 -5.093 -78.7 190.697 -4.677 -78.7 190.62 -4.258 -78.7 190.563 -3.836 -78.699 190.523 -3.506 -78.699 190.506 9.368 -78.683 192.789 -9.237 -78.685 192.678 9.042 -78.687 192.522 -8.906 -78.688 192.417 8.705 -78.69 192.27 -8.563 -78.691 192.171 8.356 -78.692 192.032 -8.211 -78.693 191.94 7.997 -78.694 191.811 -7.848 -78.695 191.726 7.628 -78.696 191.606 -7.476 -78.696 191.527 7.251 -78.697 191.417 -7.096 -78.698 191.346 6.866 -78.698 191.245 3.175 -78.699 190.5 6.474 -78.698 191.09 6.076 -78.699 190.953 4.021 -78.699 190.537 3.599 -78.699 190.509 5.674 -78.699 190.833 4.44 -78.699 190.584 5.266 -78.699 190.732 4.855 -78.699 190.649 0 -11.102 324.936 0 -10.67 325.153 0.544 -11.858 324.276 1.084 -12.612 323.609 0 -10.236 325.37 1.619 -13.363 322.937 0 -9.802 325.586 4.172 -10.071 325.293 2.036 -4.915 328.897 1.983 -8.377 327.248 3.344 -15.03 323.119 6.249 -15.087 321.497 6.524 -19.611 318.754 8.261 -19.943 317.526 8.681 -22.809 315.514 9.519 -22.981 314.88 2.4 -2.398 328.005 2.32 -2.476 328.006 2.236 -2.551 328.01 2.151 -2.623 328.016 2.063 -2.692 328.025 1.973 -2.758 328.036 1.881 -2.821 328.05 1.787 -2.881 328.066 1.692 -2.937 328.084 1.594 -2.99 328.105 1.496 -3.04 328.128 1.397 -3.086 328.153 3.129 -1.296 328.18 8.284 -3.431 324.625 3.086 -1.396 328.153 3.04 -1.496 328.128 2.991 -1.594 328.105 2.938 -1.691 328.084 2.882 -1.786 328.066 2.822 -1.88 328.05 2.759 -1.972 328.036 2.693 -2.061 328.025 2.625 -2.149 328.016 2.553 -2.235 328.01 2.478 -2.318 328.006 13.301 -5.509 320.878 18.159 -7.522 316.955 22.858 -9.468 312.856 25.724 -10.655 310.197 28.527 -11.816 307.471 30.779 -13.222 304.836 14.436 -32.765 302.432 32.999 -14.578 302.143 16.869 -36.881 297.192 36.707 -16.769 297.421 40.312 -18.807 292.54 19.115 -40.872 291.755 43.809 -20.687 287.509 21.166 -44.729 286.132 47.191 -22.408 282.334 23.019 -48.444 280.335 50.456 -23.967 277.022 24.67 -52.01 274.372 53.596 -25.36 271.581 26.117 -55.421 268.255 56.608 -26.586 266.02 27.355 -58.669 261.996 59.487 -27.643 260.346 28.383 -61.75 255.604 62.229 -28.528 254.566 28.842 -63.314 252.163 29.241 -64.828 248.691 64.828 -29.241 248.691 29.284 -64.975 248.333 65.014 -29.297 248.235 29.336 -65.113 247.972 65.184 -29.369 247.776 29.416 -65.273 247.512 65.337 -29.456 247.314 29.512 -65.417 247.048 65.446 -29.535 246.949 29.624 -65.545 246.582 65.545 -29.624 246.582 66.828 -30.907 241.28 30.907 -66.828 241.28 67.982 -32.061 235.918 32.061 -67.982 235.918 69.008 -33.087 230.505 33.087 -69.008 230.505 33.139 -69.055 230.222 69.081 -33.175 230.046 33.197 -69.095 229.941 69.137 -33.277 229.591 33.302 -69.147 229.487 69.176 -33.392 229.14 33.42 -69.183 229.036 69.198 -33.521 228.692 33.553 -69.201 228.59 69.204 -33.664 228.249 33.699 -69.203 228.147 69.192 -33.821 227.809 33.859 -69.187 227.708 69.164 -33.991 227.373 34.033 -69.155 227.273 69.138 -34.103 227.106 34.221 -69.105 226.842 69.105 -34.221 226.842 68.25 -36.764 221.074 37.239 -68.067 219.958 67.238 -39.173 215.267 40.065 -66.806 213.021 65.975 -41.609 208.991 42.696 -65.321 206.035 64.533 -43.883 202.685 44.392 -64.169 201.203 62.915 -45.991 196.362 45.991 -62.915 196.362 46.091 -62.829 196.061 62.803 -46.121 195.974 46.198 -62.736 195.765 62.679 -46.263 195.596 46.346 -62.604 195.391 62.542 -46.415 195.227 46.505 -62.459 195.026 62.394 -46.577 194.869 46.675 -62.303 194.671 62.234 -46.749 194.522 46.854 -62.135 194.327 62.063 -46.931 194.185 47.043 -61.957 193.995 61.881 -47.123 193.859 47.242 -61.767 193.674 61.687 -47.325 193.545 47.45 -61.568 193.366 61.484 -47.536 193.243 47.666 -61.358 193.071 51.683 -57.37 190.537 52.281 -56.771 190.5 51.981 -57.071 190.509 51.387 -57.666 190.584 51.093 -57.959 190.649 50.802 -58.25 190.732 50.514 -58.538 190.833 50.229 -58.822 190.953 49.948 -59.103 191.09 49.67 -59.38 191.245 61.27 -47.756 192.954 47.891 -61.139 192.789 61.047 -47.985 192.678 48.124 -60.911 192.522 60.816 -48.221 192.417 48.365 -60.675 192.27 60.576 -48.465 192.171 48.613 -60.43 192.032 60.328 -48.716 191.94 48.868 -60.177 191.811 60.073 -48.974 191.726 49.13 -59.918 191.606 59.811 -49.238 191.527 49.397 -59.652 191.417 59.543 -49.507 191.346 59.269 -49.782 191.181 56.771 -52.281 190.5 58.99 -50.062 191.034 57.239 -51.814 190.523 57.005 -52.047 190.506 58.707 -50.346 190.904 57.537 -51.515 190.563 58.419 -50.634 190.791 57.834 -51.219 190.62 58.128 -50.925 190.697 11.5 -8.458 322.258 6.624 -6.624 325.802 8.458 -11.5 322.258 16.494 -9.195 319.016 9.195 -16.494 319.016 21.314 -9.959 315.65 9.959 -21.314 315.65 28.182 -12.183 309.687 13.516 -30.296 307.253 30.379 -13.568 307.156 34.189 -15.899 302.553 16.098 -34.521 302.137 37.9 -18.079 297.785 18.495 -38.627 296.817 41.508 -20.106 292.861 20.702 -42.604 291.305 45.007 -21.975 287.786 22.713 -46.444 285.611 48.392 -23.684 282.568 24.525 -50.14 279.743 51.657 -25.23 277.215 26.135 -53.686 273.714 54.798 -26.611 271.734 27.539 -57.075 267.533 57.81 -27.824 266.133 28.735 -60.301 261.211 60.688 -28.868 260.421 29.686 -63.245 255.005 63.429 -29.74 254.603 30.44 -66.026 248.691 66.026 -30.44 248.691 66.173 -30.481 248.333 30.494 -66.211 248.235 66.31 -30.533 247.972 30.565 -66.38 247.776 66.469 -30.612 247.512 30.65 -66.532 247.314 66.612 -30.707 247.048 30.729 -66.64 246.949 66.738 -30.817 246.582 30.817 -66.738 246.582 68.007 -32.086 241.278 32.086 -68.007 241.278 69.15 -33.229 235.917 33.229 -69.15 235.917 70.164 -34.243 230.505 34.243 -70.164 230.505 70.211 -34.296 230.222 34.331 -70.237 230.046 70.251 -34.353 229.941 34.432 -70.292 229.591 70.302 -34.457 229.487 34.546 -70.33 229.14 70.337 -34.575 229.036 34.675 -70.352 228.692 70.355 -34.706 228.59 34.817 -70.357 228.248 70.355 -34.851 228.147 34.973 -70.344 227.809 70.339 -35.011 227.708 35.143 -70.315 227.373 70.306 -35.184 227.273 35.254 -70.289 227.106 70.256 -35.371 226.842 35.371 -70.256 226.842 69.4 -37.887 221.119 38.395 -69.202 219.922 68.39 -40.271 215.359 41.226 -67.924 212.949 67.118 -42.715 209.052 43.862 -66.424 205.929 65.666 -44.998 202.716 45.535 -65.281 201.15 64.038 -47.114 196.362 47.114 -64.038 196.362 63.952 -47.214 196.061 47.244 -63.926 195.974 63.859 -47.321 195.765 47.386 -63.802 195.596 63.727 -47.469 195.391 47.538 -63.665 195.227 63.582 -47.628 195.026 47.7 -63.517 194.869 63.426 -47.798 194.671 47.872 -63.357 194.522 63.258 -47.977 194.327 48.054 -63.186 194.185 63.079 -48.166 193.995 48.246 -63.004 193.859 62.89 -48.365 193.674 48.448 -62.81 193.545 62.69 -48.572 193.366 48.659 -62.606 193.243 62.481 -48.789 193.071 48.879 -62.393 192.954 53.404 -57.894 190.5 50.905 -60.391 191.181 51.185 -60.113 191.034 51.469 -59.829 190.904 51.756 -59.542 190.791 52.048 -59.251 190.697 52.342 -58.956 190.62 52.638 -58.66 190.563 52.936 -58.361 190.523 53.17 -58.128 190.506 62.262 -49.013 192.789 49.107 -62.17 192.678 62.034 -49.246 192.522 49.344 -61.938 192.417 61.797 -49.487 192.27 49.588 -61.698 192.171 61.552 -49.735 192.032 49.839 -61.45 191.94 61.3 -49.991 191.811 50.096 -61.195 191.726 61.04 -50.252 191.606 50.36 -60.933 191.527 60.774 -50.52 191.417 50.63 -60.665 191.346 60.503 -50.793 191.245 57.894 -53.404 190.5 60.226 -51.07 191.09 59.945 -51.352 190.953 58.492 -52.806 190.537 58.194 -53.104 190.509 59.66 -51.637 190.833 58.788 -52.51 190.584 59.373 -51.925 190.732 59.082 -52.216 190.649 8.221 14.184 330.426 11.615 7.878 330.689 15.892 8.452 330.236 7.314 7.314 331.072 8.803 18.446 329.929 22.682 9.395 329.362 9.395 22.682 329.362 12.293 26.613 328.434 28.293 13.521 327.994 15.152 30.54 327.365 33.894 17.566 326.338 18.771 35.583 325.781 39.482 21.528 324.393 22.318 40.608 323.965 45.042 25.398 322.165 25.79 45.611 321.92 50.565 29.169 319.655 29.18 50.582 319.647 32.484 55.516 317.15 56.042 32.833 316.87 35.696 60.404 314.433 61.462 36.383 313.812 38.813 65.239 311.498 66.815 39.814 310.487 41.828 70.015 308.35 72.091 43.119 306.902 44.739 74.724 304.993 77.282 46.292 303.061 47.539 79.359 301.432 82.376 49.327 298.971 50.227 83.915 297.671 85.4 51.088 296.387 52.795 88.382 293.717 88.382 52.795 293.717 52.951 88.643 293.473 88.712 52.995 293.407 53.117 88.894 293.228 89.027 53.212 293.094 53.343 89.2 292.913 89.327 53.445 292.778 53.586 89.491 292.596 89.551 53.64 292.527 53.845 89.766 292.276 89.766 53.845 292.276 56.82 92.741 288.58 92.741 56.82 288.58 59.705 95.626 284.745 95.626 59.705 284.745 62.497 98.418 280.775 98.418 62.497 280.775 62.642 98.558 280.565 98.642 62.736 280.434 62.793 98.691 280.356 98.847 62.987 280.095 63.047 98.892 280.018 99.035 63.251 279.759 63.314 99.076 279.681 99.205 63.528 279.424 63.593 99.242 279.347 99.357 63.817 279.092 63.885 99.389 279.015 99.49 64.119 278.762 64.19 99.519 278.686 99.606 64.433 278.434 64.508 99.63 278.359 99.668 64.633 278.233 64.838 99.723 278.034 99.723 64.838 278.034 69.266 100.779 273.665 100.984 70.176 272.737 73.595 101.714 269.163 102.067 75.368 267.248 78.19 102.592 264.115 102.973 80.411 261.57 82.657 103.326 258.921 103.484 83.738 257.618 86.987 103.911 253.591 103.911 86.987 253.591 87.193 103.931 253.335 103.935 87.254 253.261 87.403 103.941 253.084 103.943 87.527 252.94 87.683 103.94 252.765 103.936 87.808 252.626 87.97 103.924 252.455 103.914 88.096 252.321 88.264 103.892 252.152 103.876 88.39 252.025 88.564 103.845 251.858 103.823 88.691 251.737 88.87 103.783 251.574 103.755 88.998 251.458 89.181 103.707 251.299 103.672 89.31 251.189 89.497 103.615 251.035 103.575 89.627 250.93 89.818 103.51 250.782 103.463 89.949 250.682 99.83 95.34 248.566 102.087 92.6 249.156 101.86 92.932 249.028 101.622 93.262 248.916 101.374 93.589 248.818 101.117 93.914 248.737 100.85 94.235 248.67 100.574 94.552 248.62 100.289 94.864 248.586 100.062 95.104 248.571 90.141 103.39 250.541 103.337 90.275 250.445 90.469 103.256 250.311 103.197 90.603 250.22 90.798 103.108 250.094 103.044 90.934 250.009 91.13 102.947 249.889 102.878 91.266 249.81 91.463 102.773 249.699 102.698 91.599 249.625 91.798 102.586 249.522 102.506 91.933 249.454 92.132 102.386 249.359 102.302 92.267 249.298 92.465 102.175 249.21 95.34 99.83 248.566 92.798 101.953 249.076 93.128 101.721 248.958 94.728 100.415 248.598 95.036 100.127 248.574 93.455 101.478 248.854 94.416 100.694 248.639 93.779 101.226 248.767 94.099 100.965 248.695 -0.88 6.671 331.582 -0.973 6.673 331.726 -0.875 6.854 331.574 -1.066 6.675 331.871 -1.16 6.677 332.015 -1.253 6.679 332.159 -1.303 6.951 332.236 -1.196 6.927 332.071 -1.089 6.902 331.905 -0.982 6.878 331.74 6.677 -1.16 332.015 6.854 -0.875 331.574 6.679 -1.253 332.159 6.675 -1.066 331.871 6.673 -0.973 331.726 6.671 -0.88 331.582 6.951 -1.303 332.236 6.927 -1.196 332.071 6.902 -1.089 331.905 6.878 -0.982 331.74 5.001 12.073 330.888 7.251 7.251 331.354 7.937 12.415 330.85 6.137 7.123 331.364 5.021 6.994 331.375 2.79 6.737 331.395 7.203 17.389 330.211 8.651 17.56 330.186 -4.216 15.843 330.426 2.643 13.783 330.689 5.261 17.214 330.236 0 10.344 331.072 -6.819 19.268 329.929 -9.395 22.682 329.362 -10.126 27.51 328.434 10.446 29.567 327.994 -10.881 32.31 327.365 11.546 36.388 326.338 -11.888 38.434 325.781 12.695 43.141 324.393 -12.933 44.496 323.965 13.89 49.809 322.165 -14.016 50.488 321.92 15.13 56.38 319.655 -15.134 56.401 319.647 -16.286 62.225 317.15 16.412 62.844 316.87 -17.471 67.953 314.433 17.733 69.187 313.812 -18.686 73.576 311.498 19.092 75.398 310.487 -19.931 79.085 308.35 20.486 81.466 306.902 -21.203 84.473 304.993 21.913 87.38 303.061 -22.5 89.731 301.432 23.37 93.128 298.971 -23.821 94.853 297.671 24.262 96.511 296.387 -25.164 99.828 293.717 25.164 99.828 293.717 -25.238 100.122 293.473 25.256 100.202 293.407 -25.298 100.417 293.228 25.325 100.578 293.094 -25.355 100.794 292.913 25.372 100.955 292.778 -25.389 101.171 292.596 25.393 101.251 292.527 -25.4 101.549 292.276 25.4 101.549 292.276 -25.4 105.755 288.58 25.4 105.755 288.58 -25.4 109.835 284.745 25.4 109.835 284.745 25.4 113.784 280.775 -25.4 113.784 280.775 -25.396 113.986 280.565 25.389 114.111 280.434 -25.384 114.186 280.356 25.357 114.434 280.095 -25.347 114.508 280.018 25.303 114.754 279.759 -25.288 114.827 279.681 25.228 115.069 279.424 -25.207 115.141 279.347 25.131 115.381 279.092 -25.105 115.452 279.015 25.012 115.689 278.762 -24.981 115.759 278.686 24.871 115.993 278.434 -24.835 116.063 278.359 24.773 116.178 278.233 -24.667 116.362 278.034 24.667 116.362 278.034 -22.283 120.24 273.665 21.784 121.028 272.737 -19.883 123.962 269.163 18.879 125.466 267.248 -17.255 127.833 264.115 15.954 129.671 261.57 -14.615 131.51 258.921 13.962 132.386 257.618 -11.967 134.986 253.591 11.967 134.986 253.591 -11.836 135.145 253.335 11.796 135.191 253.261 -11.694 135.301 253.084 11.608 135.39 252.94 -11.496 135.498 252.765 11.404 135.584 252.626 -11.281 135.689 252.455 11.185 135.771 252.321 -11.051 135.875 252.152 10.95 135.953 252.025 -10.805 136.054 251.858 10.7 136.128 251.737 -10.545 136.226 251.574 10.435 136.297 251.458 -10.271 136.392 251.299 10.156 136.459 251.189 -9.983 136.551 251.035 9.862 136.615 250.93 -9.682 136.703 250.782 9.556 136.763 250.682 3.175 138.006 248.566 6.708 137.664 249.156 6.313 137.738 249.028 5.912 137.804 248.916 5.505 137.86 248.818 5.093 137.907 248.737 4.677 137.946 248.67 4.258 137.974 248.62 3.836 137.994 248.586 3.506 138.003 248.571 -9.368 136.847 250.541 9.237 136.904 250.445 -9.042 136.984 250.311 8.906 137.038 250.22 -8.705 137.113 250.094 8.563 137.163 250.009 -8.356 137.233 249.889 8.211 137.28 249.81 -7.997 137.346 249.699 7.848 137.389 249.625 -7.628 137.45 249.522 7.476 137.489 249.454 -7.251 137.545 249.359 7.096 137.581 249.298 -6.866 137.632 249.21 -3.175 138.006 248.566 -6.474 137.71 249.076 -6.076 137.779 248.958 -4.021 137.987 248.598 -3.599 138.001 248.574 -5.674 137.839 248.854 -4.44 137.964 248.639 -5.266 137.889 248.767 -4.855 137.931 248.695 2.117 6.909 331.625 2.529 6.989 331.639 1.895 7.805 331.577 0 9.355 331.405 1.262 8.621 331.509 0.63 9.438 331.434 0 10.255 331.354 0 8.456 331.453 1.704 6.83 331.611 1.292 6.751 331.597 0.875 6.854 331.574 0.88 6.671 331.582 0 7.555 331.499 0.656 6.804 331.566 0.437 6.754 331.558 0.219 6.705 331.551 0 6.655 331.543 -5.001 12.073 330.888 -0.697 9.376 331.364 -1.395 8.496 331.375 -2.79 6.737 331.395 -3.166 14.391 330.85 -7.203 17.389 330.211 -6.299 18.534 330.186 2.546 7.007 331.514 2.658 6.848 331.571 2.714 6.768 331.599 2.771 6.689 331.627 2.093 7.617 331.385 1.395 8.496 331.375 -3.154 6.755 331.514 -2.962 6.722 331.571 -2.867 6.705 331.599 -2.771 6.689 331.627 -3.906 6.865 331.385 -3.154 6.73 331.639 -4.179 6.859 331.577 -5.021 6.994 331.375 -5.203 6.988 331.509 -6.228 7.119 331.434 -7.251 7.251 331.354 -2.546 7.007 331.514 -2.602 6.927 331.542 -2.641 7.02 331.562 -2.735 7.033 331.609 -2.658 6.848 331.571 -2.847 6.874 331.666 -2.809 6.781 331.647 -2.924 7.059 331.704 -2.829 7.046 331.657 -2.529 6.989 331.639 -2.507 6.964 331.819 -2.117 6.909 331.625 -2.089 6.869 331.932 -1.704 6.83 331.611 -1.292 6.751 331.597 -1.671 6.774 332.046 12.415 7.937 330.85 17.56 8.651 330.186 27.51 10.126 328.434 32.31 10.881 327.365 38.434 11.888 325.781 44.496 12.933 323.965 50.488 14.016 321.92 56.401 15.134 319.647 62.225 16.286 317.15 67.953 17.471 314.433 73.576 18.686 311.498 79.085 19.931 308.35 84.473 21.203 304.993 89.731 22.5 301.432 94.853 23.821 297.671 99.828 25.164 293.717 6.689 2.771 331.627 6.848 2.658 331.571 6.737 2.79 331.395 6.927 2.602 331.542 7.007 2.546 331.514 6.989 2.529 331.639 7.805 1.895 331.577 8.496 1.395 331.375 8.621 1.262 331.509 9.376 0.697 331.364 9.438 0.63 331.434 10.255 0 331.354 13.783 -2.643 330.689 10.344 0 331.072 14.391 -3.166 330.85 17.214 -5.261 330.236 18.534 -6.299 330.186 22.682 -9.395 329.362 12.073 5.001 330.888 6.865 3.906 331.385 6.994 5.021 331.375 17.389 7.203 330.211 15.843 4.216 330.426 19.268 6.819 329.929 29.567 -10.446 327.994 36.388 -11.546 326.338 43.141 -12.695 324.393 49.809 -13.89 322.165 56.38 -15.13 319.655 62.844 -16.412 316.87 69.187 -17.733 313.812 75.398 -19.092 310.487 81.466 -20.486 306.902 87.38 -21.913 303.061 93.128 -23.37 298.971 96.511 -24.262 296.387 99.828 -25.164 293.717 100.122 25.238 293.473 100.202 -25.256 293.407 100.417 25.298 293.228 100.578 -25.325 293.094 100.794 25.355 292.913 100.955 -25.372 292.778 101.171 25.389 292.596 101.251 -25.393 292.527 101.549 25.4 292.276 101.549 -25.4 292.276 105.755 25.4 288.58 105.755 -25.4 288.58 109.835 25.4 284.745 109.835 -25.4 284.745 113.784 -25.4 280.775 113.784 25.4 280.775 113.986 25.396 280.565 114.111 -25.389 280.434 114.186 25.384 280.356 114.434 -25.357 280.095 114.508 25.347 280.018 114.754 -25.303 279.759 114.827 25.288 279.681 115.069 -25.228 279.424 115.141 25.207 279.347 115.381 -25.131 279.092 115.452 25.105 279.015 115.689 -25.012 278.762 115.759 24.981 278.686 115.993 -24.871 278.434 116.063 24.835 278.359 116.178 -24.773 278.233 116.362 24.667 278.034 116.362 -24.667 278.034 120.24 22.283 273.665 121.028 -21.784 272.737 123.962 19.883 269.163 125.466 -18.879 267.248 127.833 17.255 264.115 129.671 -15.954 261.57 131.51 14.615 258.921 132.386 -13.962 257.618 134.986 11.967 253.591 134.986 -11.967 253.591 135.145 11.836 253.335 135.191 -11.796 253.261 135.301 11.694 253.084 135.39 -11.608 252.94 135.498 11.496 252.765 135.584 -11.404 252.626 135.689 11.281 252.455 135.771 -11.185 252.321 135.875 11.051 252.152 135.953 -10.95 252.025 136.054 10.805 251.858 136.128 -10.7 251.737 136.226 10.545 251.574 136.297 -10.435 251.458 136.392 10.271 251.299 136.459 -10.156 251.189 136.551 9.983 251.035 136.615 -9.862 250.93 136.703 9.682 250.782 136.763 -9.556 250.682 138.006 -3.175 248.566 137.664 -6.708 249.156 137.738 -6.313 249.028 137.804 -5.912 248.916 137.86 -5.505 248.818 137.907 -5.093 248.737 137.946 -4.677 248.67 137.974 -4.258 248.62 137.994 -3.836 248.586 138.003 -3.506 248.571 136.847 9.368 250.541 136.904 -9.237 250.445 136.984 9.042 250.311 137.038 -8.906 250.22 137.113 8.705 250.094 137.163 -8.563 250.009 137.233 8.356 249.889 137.28 -8.211 249.81 137.346 7.997 249.699 137.389 -7.848 249.625 137.45 7.628 249.522 137.489 -7.476 249.454 137.545 7.251 249.359 137.581 -7.096 249.298 137.632 6.866 249.21 138.006 3.175 248.566 137.71 6.474 249.076 137.779 6.076 248.958 137.987 4.021 248.598 138.001 3.599 248.574 137.839 5.674 248.854 137.964 4.44 248.639 137.889 5.266 248.767 137.931 4.855 248.695 6.751 -1.292 331.597 6.774 -1.671 332.046 6.83 -1.704 331.611 6.869 -2.089 331.932 6.909 -2.117 331.625 6.964 -2.507 331.819 6.989 -2.529 331.639 7.02 -2.641 331.562 7.007 -2.546 331.514 7.033 -2.735 331.609 7.046 -2.829 331.657 7.059 -2.924 331.704 6.768 -2.714 331.599 6.781 -2.809 331.647 6.689 -2.771 331.627 6.848 -2.658 331.571 6.874 -2.847 331.666 6.722 -2.962 331.571 6.737 -2.79 331.395 6.738 -3.058 331.542 6.755 -3.154 331.514 6.73 -3.154 331.639 6.859 -4.179 331.577 6.994 -5.021 331.375 6.988 -5.203 331.509 7.123 -6.137 331.364 7.119 -6.228 331.434 7.251 -7.251 331.354 6.751 1.292 331.597 6.671 0.88 331.582 6.854 0.875 331.574 7.555 0 331.499 6.705 0.219 331.551 6.655 0 331.543 6.754 0.437 331.558 6.804 0.656 331.566 8.456 0 331.453 6.83 1.704 331.611 6.909 2.117 331.625 9.355 0 331.405 12.073 -5.001 330.888 7.617 -2.093 331.385 8.496 -1.395 331.375 17.389 -7.203 330.211 -5.34 4.095 331.582 -5.407 4.03 331.726 -5.465 4.228 331.574 -5.474 3.966 331.871 -5.541 3.901 332.015 -5.609 3.837 332.159 -5.837 3.993 332.236 -5.744 4.052 332.071 -5.65 4.111 331.905 -5.558 4.169 331.74 5.541 3.901 332.015 5.465 4.228 331.574 5.609 3.837 332.159 5.474 3.966 331.871 5.407 4.03 331.726 5.34 4.095 331.582 5.837 3.993 332.236 5.744 4.052 332.071 5.65 4.111 331.905 5.558 4.169 331.74 -14.184 8.221 330.426 -7.878 11.615 330.689 -8.452 15.892 330.236 -7.314 7.314 331.072 -18.446 8.803 329.929 -22.682 9.395 329.362 -26.613 12.293 328.434 -13.521 28.293 327.994 -30.54 15.152 327.365 -17.566 33.894 326.338 -35.583 18.771 325.781 -21.528 39.482 324.393 -40.608 22.318 323.965 -25.398 45.042 322.165 -45.611 25.79 321.92 -29.169 50.565 319.655 -50.582 29.18 319.647 -55.516 32.484 317.15 -32.833 56.042 316.87 -60.404 35.696 314.433 -36.383 61.462 313.812 -65.239 38.813 311.498 -39.814 66.815 310.487 -70.015 41.828 308.35 -43.119 72.091 306.902 -74.724 44.739 304.993 -46.292 77.282 303.061 -79.359 47.539 301.432 -49.327 82.376 298.971 -83.915 50.227 297.671 -51.088 85.4 296.387 -88.382 52.795 293.717 -52.795 88.382 293.717 -88.643 52.951 293.473 -52.995 88.712 293.407 -88.894 53.117 293.228 -53.212 89.027 293.094 -89.2 53.343 292.913 -53.445 89.327 292.778 -89.491 53.586 292.596 -53.64 89.551 292.527 -89.766 53.845 292.276 -53.845 89.766 292.276 -92.741 56.82 288.58 -56.82 92.741 288.58 -95.626 59.705 284.745 -59.705 95.626 284.745 -98.418 62.497 280.775 -62.497 98.418 280.775 -98.558 62.642 280.565 -62.736 98.642 280.434 -98.691 62.793 280.356 -62.987 98.847 280.095 -98.892 63.047 280.018 -63.251 99.035 279.759 -99.076 63.314 279.681 -63.528 99.205 279.424 -99.242 63.593 279.347 -63.817 99.357 279.092 -99.389 63.885 279.015 -64.119 99.49 278.762 -99.519 64.19 278.686 -64.433 99.606 278.434 -99.63 64.508 278.359 -64.633 99.668 278.233 -99.723 64.838 278.034 -64.838 99.723 278.034 -100.779 69.266 273.665 -70.176 100.984 272.737 -101.714 73.595 269.163 -75.368 102.067 267.248 -102.592 78.19 264.115 -80.411 102.973 261.57 -103.326 82.657 258.921 -83.738 103.484 257.618 -103.911 86.987 253.591 -86.987 103.911 253.591 -103.931 87.193 253.335 -87.254 103.935 253.261 -103.941 87.403 253.084 -87.527 103.943 252.94 -103.94 87.683 252.765 -87.808 103.936 252.626 -103.924 87.97 252.455 -88.096 103.914 252.321 -103.892 88.264 252.152 -88.39 103.876 252.025 -103.845 88.564 251.858 -88.691 103.823 251.737 -103.783 88.87 251.574 -88.998 103.755 251.458 -103.707 89.181 251.299 -89.31 103.672 251.189 -103.615 89.497 251.035 -89.627 103.575 250.93 -103.51 89.818 250.782 -89.949 103.463 250.682 -95.34 99.83 248.566 -92.6 102.087 249.156 -92.932 101.86 249.028 -93.262 101.622 248.916 -93.589 101.374 248.818 -93.914 101.117 248.737 -94.235 100.85 248.67 -94.552 100.574 248.62 -94.864 100.289 248.586 -95.104 100.062 248.571 -103.39 90.141 250.541 -90.275 103.337 250.445 -103.256 90.469 250.311 -90.603 103.197 250.22 -103.108 90.798 250.094 -90.934 103.044 250.009 -102.947 91.13 249.889 -91.266 102.878 249.81 -102.773 91.463 249.699 -91.599 102.698 249.625 -102.586 91.798 249.522 -91.933 102.506 249.454 -102.386 92.132 249.359 -92.267 102.302 249.298 -102.175 92.465 249.21 -99.83 95.34 248.566 -101.953 92.798 249.076 -101.721 93.128 248.958 -100.415 94.728 248.598 -100.127 95.036 248.574 -101.478 93.455 248.854 -100.694 94.416 248.639 -101.226 93.779 248.767 -100.965 94.099 248.695 -3.389 6.382 331.625 -6.615 6.615 331.405 -5.979 5.979 331.453 -3.624 6.035 331.611 -3.86 5.687 331.597 -4.228 5.465 331.574 -4.095 5.34 331.582 -5.342 5.342 331.499 -4.347 5.275 331.566 -4.467 5.085 331.558 -4.586 4.896 331.551 -4.706 4.706 331.543 -12.073 5.001 330.888 -7.123 6.137 331.364 -6.994 5.021 331.375 -6.737 2.79 331.395 -12.415 7.937 330.85 -17.389 7.203 330.211 -17.56 8.651 330.186 -7.007 2.546 331.514 -6.848 2.658 331.571 -6.768 2.714 331.599 -6.689 2.771 331.627 -7.617 2.093 331.385 -6.989 2.529 331.639 -7.805 1.895 331.577 -8.496 1.395 331.375 -8.621 1.262 331.509 -9.438 0.63 331.434 -10.255 0 331.354 -6.755 3.154 331.514 -6.738 3.058 331.542 -6.831 3.097 331.562 -6.907 3.039 331.609 -6.722 2.962 331.571 -6.874 2.847 331.666 -6.781 2.809 331.647 -7.059 2.924 331.704 -6.983 2.982 331.657 -6.73 3.154 331.639 -6.697 3.152 331.819 -6.382 3.389 331.625 -6.334 3.38 331.932 -6.035 3.624 331.611 -5.687 3.86 331.597 -5.972 3.608 332.046 2.962 6.722 331.571 3.058 6.738 331.542 3.154 6.755 331.514 3.154 6.73 331.639 4.179 6.859 331.577 5.203 6.988 331.509 6.228 7.119 331.434 5.687 3.86 331.597 5.972 3.608 332.046 6.035 3.624 331.611 6.334 3.38 331.932 6.382 3.389 331.625 6.697 3.152 331.819 6.73 3.154 331.639 6.831 3.097 331.562 6.755 3.154 331.514 6.907 3.039 331.609 6.983 2.982 331.657 7.059 2.924 331.704 6.705 2.867 331.599 6.781 2.809 331.647 6.722 2.962 331.571 6.874 2.847 331.666 3.86 5.687 331.597 4.095 5.34 331.582 4.228 5.465 331.574 5.342 5.342 331.499 4.586 4.896 331.551 4.706 4.706 331.543 4.467 5.085 331.558 4.347 5.275 331.566 5.979 5.979 331.453 3.624 6.035 331.611 3.389 6.382 331.625 6.615 6.615 331.405 -6.671 -0.88 331.582 -6.673 -0.973 331.726 -6.854 -0.875 331.574 -6.675 -1.066 331.871 -6.677 -1.16 332.015 -6.679 -1.253 332.159 -6.951 -1.303 332.236 -6.927 -1.196 332.071 -6.902 -1.089 331.905 -6.878 -0.982 331.74 1.16 6.677 332.015 1.253 6.679 332.159 1.066 6.675 331.871 0.973 6.673 331.726 1.303 6.951 332.236 1.196 6.927 332.071 1.089 6.902 331.905 0.982 6.878 331.74 -15.843 -4.216 330.426 -13.783 2.643 330.689 -17.214 5.261 330.236 -10.344 0 331.072 -19.268 -6.819 329.929 -22.682 -9.395 329.362 -27.51 -10.126 328.434 -29.567 10.446 327.994 -32.31 -10.881 327.365 -36.388 11.546 326.338 -38.434 -11.888 325.781 -43.141 12.695 324.393 -44.496 -12.933 323.965 -49.809 13.89 322.165 -50.488 -14.016 321.92 -56.38 15.13 319.655 -56.401 -15.134 319.647 -62.225 -16.286 317.15 -62.844 16.412 316.87 -67.953 -17.471 314.433 -69.187 17.733 313.812 -73.576 -18.686 311.498 -75.398 19.092 310.487 -79.085 -19.931 308.35 -81.466 20.486 306.902 -84.473 -21.203 304.993 -87.38 21.913 303.061 -89.731 -22.5 301.432 -93.128 23.37 298.971 -94.853 -23.821 297.671 -96.511 24.262 296.387 -99.828 -25.164 293.717 -99.828 25.164 293.717 -100.122 -25.238 293.473 -100.202 25.256 293.407 -100.417 -25.298 293.228 -100.578 25.325 293.094 -100.794 -25.355 292.913 -100.955 25.372 292.778 -101.171 -25.389 292.596 -101.251 25.393 292.527 -101.549 -25.4 292.276 -101.549 25.4 292.276 -105.755 -25.4 288.58 -105.755 25.4 288.58 -109.835 -25.4 284.745 -109.835 25.4 284.745 -113.784 -25.4 280.775 -113.784 25.4 280.775 -113.986 -25.396 280.565 -114.111 25.389 280.434 -114.186 -25.384 280.356 -114.434 25.357 280.095 -114.508 -25.347 280.018 -114.754 25.303 279.759 -114.827 -25.288 279.681 -115.069 25.228 279.424 -115.141 -25.207 279.347 -115.381 25.131 279.092 -115.452 -25.105 279.015 -115.689 25.012 278.762 -115.759 -24.981 278.686 -115.993 24.871 278.434 -116.063 -24.835 278.359 -116.178 24.773 278.233 -116.362 -24.667 278.034 -116.362 24.667 278.034 -120.24 -22.283 273.665 -121.028 21.784 272.737 -123.962 -19.883 269.163 -125.466 18.879 267.248 -127.833 -17.255 264.115 -129.671 15.954 261.57 -131.51 -14.615 258.921 -132.386 13.962 257.618 -134.986 -11.967 253.591 -134.986 11.967 253.591 -135.145 -11.836 253.335 -135.191 11.796 253.261 -135.301 -11.694 253.084 -135.39 11.608 252.94 -135.498 -11.496 252.765 -135.584 11.404 252.626 -135.689 -11.281 252.455 -135.771 11.185 252.321 -135.875 -11.051 252.152 -135.953 10.95 252.025 -136.054 -10.805 251.858 -136.128 10.7 251.737 -136.226 -10.545 251.574 -136.297 10.435 251.458 -136.392 -10.271 251.299 -136.459 10.156 251.189 -136.551 -9.983 251.035 -136.615 9.862 250.93 -136.703 -9.682 250.782 -136.763 9.556 250.682 -138.006 3.175 248.566 -137.664 6.708 249.156 -137.738 6.313 249.028 -137.804 5.912 248.916 -137.86 5.505 248.818 -137.907 5.093 248.737 -137.946 4.677 248.67 -137.974 4.258 248.62 -137.994 3.836 248.586 -138.003 3.506 248.571 -136.847 -9.368 250.541 -136.904 9.237 250.445 -136.984 -9.042 250.311 -137.038 8.906 250.22 -137.113 -8.705 250.094 -137.163 8.563 250.009 -137.233 -8.356 249.889 -137.28 8.211 249.81 -137.346 -7.997 249.699 -137.389 7.848 249.625 -137.45 -7.628 249.522 -137.489 7.476 249.454 -137.545 -7.251 249.359 -137.581 7.096 249.298 -137.632 -6.866 249.21 -138.006 -3.175 248.566 -137.71 -6.474 249.076 -137.779 -6.076 248.958 -137.987 -4.021 248.598 -138.001 -3.599 248.574 -137.839 -5.674 248.854 -137.964 -4.44 248.639 -137.889 -5.266 248.767 -137.931 -4.855 248.695 -6.909 2.117 331.625 -9.355 0 331.405 -8.456 0 331.453 -6.83 1.704 331.611 -6.751 1.292 331.597 -6.854 0.875 331.574 -6.671 0.88 331.582 -7.555 0 331.499 -6.804 0.656 331.566 -6.754 0.437 331.558 -6.705 0.219 331.551 -6.655 0 331.543 -12.073 -5.001 330.888 -9.376 -0.697 331.364 -8.496 -1.395 331.375 -6.737 -2.79 331.395 -14.391 -3.166 330.85 -17.389 -7.203 330.211 -18.534 -6.299 330.186 -6.755 -3.154 331.514 -6.722 -2.962 331.571 -6.705 -2.867 331.599 -6.689 -2.771 331.627 -6.865 -3.906 331.385 -6.73 -3.154 331.639 -6.859 -4.179 331.577 -6.994 -5.021 331.375 -6.988 -5.203 331.509 -7.119 -6.228 331.434 -7.251 -7.251 331.354 -7.007 -2.546 331.514 -6.927 -2.602 331.542 -7.02 -2.641 331.562 -7.033 -2.735 331.609 -6.848 -2.658 331.571 -6.874 -2.847 331.666 -6.781 -2.809 331.647 -7.059 -2.924 331.704 -7.046 -2.829 331.657 -6.989 -2.529 331.639 -6.964 -2.507 331.819 -6.909 -2.117 331.625 -6.869 -2.089 331.932 -6.83 -1.704 331.611 -6.751 -1.292 331.597 -6.774 -1.671 332.046 2.809 6.781 331.647 2.847 6.874 331.666 2.641 7.02 331.562 2.735 7.033 331.609 2.829 7.046 331.657 2.924 7.059 331.704 1.671 6.774 332.046 2.089 6.869 331.932 2.507 6.964 331.819 -4.095 -5.34 331.582 -4.03 -5.407 331.726 -4.228 -5.465 331.574 -3.966 -5.474 331.871 -3.901 -5.541 332.015 -3.837 -5.609 332.159 -3.993 -5.837 332.236 -4.052 -5.744 332.071 -4.111 -5.65 331.905 -4.169 -5.558 331.74 -3.901 5.541 332.015 -3.837 5.609 332.159 -3.966 5.474 331.871 -4.03 5.407 331.726 -3.993 5.837 332.236 -4.052 5.744 332.071 -4.111 5.65 331.905 -4.169 5.558 331.74 -8.221 -14.184 330.426 -11.615 -7.878 330.689 -15.892 -8.452 330.236 -7.314 -7.314 331.072 -8.803 -18.446 329.929 -9.395 -22.682 329.362 -12.293 -26.613 328.434 -28.293 -13.521 327.994 -15.152 -30.54 327.365 -33.894 -17.566 326.338 -18.771 -35.583 325.781 -39.482 -21.528 324.393 -22.318 -40.608 323.965 -45.042 -25.398 322.165 -25.79 -45.611 321.92 -50.565 -29.169 319.655 -29.18 -50.582 319.647 -32.484 -55.516 317.15 -56.042 -32.833 316.87 -35.696 -60.404 314.433 -61.462 -36.383 313.812 -38.813 -65.239 311.498 -66.815 -39.814 310.487 -41.828 -70.015 308.35 -72.091 -43.119 306.902 -44.739 -74.724 304.993 -77.282 -46.292 303.061 -47.539 -79.359 301.432 -82.376 -49.327 298.971 -50.227 -83.915 297.671 -85.4 -51.088 296.387 -52.795 -88.382 293.717 -88.382 -52.795 293.717 -52.951 -88.643 293.473 -88.712 -52.995 293.407 -53.117 -88.894 293.228 -89.027 -53.212 293.094 -53.343 -89.2 292.913 -89.327 -53.445 292.778 -53.586 -89.491 292.596 -89.551 -53.64 292.527 -53.845 -89.766 292.276 -89.766 -53.845 292.276 -56.82 -92.741 288.58 -92.741 -56.82 288.58 -59.705 -95.626 284.745 -95.626 -59.705 284.745 -62.497 -98.418 280.775 -98.418 -62.497 280.775 -62.642 -98.558 280.565 -98.642 -62.736 280.434 -62.793 -98.691 280.356 -98.847 -62.987 280.095 -63.047 -98.892 280.018 -99.035 -63.251 279.759 -63.314 -99.076 279.681 -99.205 -63.528 279.424 -63.593 -99.242 279.347 -99.357 -63.817 279.092 -63.885 -99.389 279.015 -99.49 -64.119 278.762 -64.19 -99.519 278.686 -99.606 -64.433 278.434 -64.508 -99.63 278.359 -99.668 -64.633 278.233 -64.838 -99.723 278.034 -99.723 -64.838 278.034 -69.266 -100.779 273.665 -100.984 -70.176 272.737 -73.595 -101.714 269.163 -102.067 -75.368 267.248 -78.19 -102.592 264.115 -102.973 -80.411 261.57 -82.657 -103.326 258.921 -103.484 -83.738 257.618 -86.987 -103.911 253.591 -103.911 -86.987 253.591 -87.193 -103.931 253.335 -103.935 -87.254 253.261 -87.403 -103.941 253.084 -103.943 -87.527 252.94 -87.683 -103.94 252.765 -103.936 -87.808 252.626 -87.97 -103.924 252.455 -103.914 -88.096 252.321 -88.264 -103.892 252.152 -103.876 -88.39 252.025 -88.564 -103.845 251.858 -103.823 -88.691 251.737 -88.87 -103.783 251.574 -103.755 -88.998 251.458 -89.181 -103.707 251.299 -103.672 -89.31 251.189 -89.497 -103.615 251.035 -103.575 -89.627 250.93 -89.818 -103.51 250.782 -103.463 -89.949 250.682 -99.83 -95.34 248.566 -102.087 -92.6 249.156 -101.86 -92.932 249.028 -101.622 -93.262 248.916 -101.374 -93.589 248.818 -101.117 -93.914 248.737 -100.85 -94.235 248.67 -100.574 -94.552 248.62 -100.289 -94.864 248.586 -100.062 -95.104 248.571 -90.141 -103.39 250.541 -103.337 -90.275 250.445 -90.469 -103.256 250.311 -103.197 -90.603 250.22 -90.798 -103.108 250.094 -103.044 -90.934 250.009 -91.13 -102.947 249.889 -102.878 -91.266 249.81 -91.463 -102.773 249.699 -102.698 -91.599 249.625 -91.798 -102.586 249.522 -102.506 -91.933 249.454 -92.132 -102.386 249.359 -102.302 -92.267 249.298 -92.465 -102.175 249.21 -95.34 -99.83 248.566 -92.798 -101.953 249.076 -93.128 -101.721 248.958 -94.728 -100.415 248.598 -95.036 -100.127 248.574 -93.455 -101.478 248.854 -94.416 -100.694 248.639 -93.779 -101.226 248.767 -94.099 -100.965 248.695 -6.382 -3.389 331.625 -6.615 -6.615 331.405 -5.979 -5.979 331.453 -6.035 -3.624 331.611 -5.687 -3.86 331.597 -5.465 -4.228 331.574 -5.34 -4.095 331.582 -5.342 -5.342 331.499 -5.275 -4.347 331.566 -5.085 -4.467 331.558 -4.896 -4.586 331.551 -4.706 -4.706 331.543 -5.001 -12.073 330.888 -6.137 -7.123 331.364 -5.021 -6.994 331.375 -2.79 -6.737 331.395 -7.937 -12.415 330.85 -7.203 -17.389 330.211 -8.651 -17.56 330.186 -2.546 -7.007 331.514 -2.658 -6.848 331.571 -2.714 -6.768 331.599 -2.771 -6.689 331.627 -2.093 -7.617 331.385 -2.529 -6.989 331.639 -1.895 -7.805 331.577 -1.395 -8.496 331.375 -1.262 -8.621 331.509 -0.63 -9.438 331.434 0 -10.255 331.354 -3.154 -6.755 331.514 -3.058 -6.738 331.542 -3.097 -6.831 331.562 -3.039 -6.907 331.609 -2.962 -6.722 331.571 -2.847 -6.874 331.666 -2.809 -6.781 331.647 -2.924 -7.059 331.704 -2.982 -6.983 331.657 -3.154 -6.73 331.639 -3.152 -6.697 331.819 -3.389 -6.382 331.625 -3.38 -6.334 331.932 -3.624 -6.035 331.611 -3.86 -5.687 331.597 -3.608 -5.972 332.046 -3.608 5.972 332.046 -3.38 6.334 331.932 -3.152 6.697 331.819 -3.097 6.831 331.562 -3.039 6.907 331.609 -2.982 6.983 331.657 2.771 -6.689 331.627 2.658 -6.848 331.571 2.79 -6.737 331.395 2.602 -6.927 331.542 2.546 -7.007 331.514 2.529 -6.989 331.639 1.895 -7.805 331.577 1.395 -8.496 331.375 1.262 -8.621 331.509 0.697 -9.376 331.364 0.63 -9.438 331.434 1.292 -6.751 331.597 0.88 -6.671 331.582 0.875 -6.854 331.574 0 -7.555 331.499 0.219 -6.705 331.551 0 -6.655 331.543 0.437 -6.754 331.558 0.656 -6.804 331.566 0 -8.456 331.453 1.704 -6.83 331.611 2.117 -6.909 331.625 0 -9.355 331.405 -6.677 1.16 332.015 -6.679 1.253 332.159 -6.675 1.066 331.871 -6.673 0.973 331.726 -6.951 1.303 332.236 -6.927 1.196 332.071 -6.902 1.089 331.905 -6.878 0.982 331.74 4.216 -15.843 330.426 -2.643 -13.783 330.689 -5.261 -17.214 330.236 0 -10.344 331.072 6.819 -19.268 329.929 9.395 -22.682 329.362 10.126 -27.51 328.434 -10.446 -29.567 327.994 10.881 -32.31 327.365 -11.546 -36.388 326.338 11.888 -38.434 325.781 -12.695 -43.141 324.393 12.933 -44.496 323.965 -13.89 -49.809 322.165 14.016 -50.488 321.92 -15.13 -56.38 319.655 15.134 -56.401 319.647 16.286 -62.225 317.15 -16.412 -62.844 316.87 17.471 -67.953 314.433 -17.733 -69.187 313.812 18.686 -73.576 311.498 -19.092 -75.398 310.487 19.931 -79.085 308.35 -20.486 -81.466 306.902 21.203 -84.473 304.993 -21.913 -87.38 303.061 22.5 -89.731 301.432 -23.37 -93.128 298.971 23.821 -94.853 297.671 -24.262 -96.511 296.387 25.164 -99.828 293.717 -25.164 -99.828 293.717 25.238 -100.122 293.473 -25.256 -100.202 293.407 25.298 -100.417 293.228 -25.325 -100.578 293.094 25.355 -100.794 292.913 -25.372 -100.955 292.778 25.389 -101.171 292.596 -25.393 -101.251 292.527 25.4 -101.549 292.276 -25.4 -101.549 292.276 25.4 -105.755 288.58 -25.4 -105.755 288.58 25.4 -109.835 284.745 -25.4 -109.835 284.745 -25.4 -113.784 280.775 25.4 -113.784 280.775 25.396 -113.986 280.565 -25.389 -114.111 280.434 25.384 -114.186 280.356 -25.357 -114.434 280.095 25.347 -114.508 280.018 -25.303 -114.754 279.759 25.288 -114.827 279.681 -25.228 -115.069 279.424 25.207 -115.141 279.347 -25.131 -115.381 279.092 25.105 -115.452 279.015 -25.012 -115.689 278.762 24.981 -115.759 278.686 -24.871 -115.993 278.434 24.835 -116.063 278.359 -24.773 -116.178 278.233 24.667 -116.362 278.034 -24.667 -116.362 278.034 22.283 -120.24 273.665 -21.784 -121.028 272.737 19.883 -123.962 269.163 -18.879 -125.466 267.248 17.255 -127.833 264.115 -15.954 -129.671 261.57 14.615 -131.51 258.921 -13.962 -132.386 257.618 11.967 -134.986 253.591 -11.967 -134.986 253.591 11.836 -135.145 253.335 -11.796 -135.191 253.261 11.694 -135.301 253.084 -11.608 -135.39 252.94 11.496 -135.498 252.765 -11.404 -135.584 252.626 11.281 -135.689 252.455 -11.185 -135.771 252.321 11.051 -135.875 252.152 -10.95 -135.953 252.025 10.805 -136.054 251.858 -10.7 -136.128 251.737 10.545 -136.226 251.574 -10.435 -136.297 251.458 10.271 -136.392 251.299 -10.156 -136.459 251.189 9.983 -136.551 251.035 -9.862 -136.615 250.93 9.682 -136.703 250.782 -9.556 -136.763 250.682 -3.175 -138.006 248.566 -6.708 -137.664 249.156 -6.313 -137.738 249.028 -5.912 -137.804 248.916 -5.505 -137.86 248.818 -5.093 -137.907 248.737 -4.677 -137.946 248.67 -4.258 -137.974 248.62 -3.836 -137.994 248.586 -3.506 -138.003 248.571 9.368 -136.847 250.541 -9.237 -136.904 250.445 9.042 -136.984 250.311 -8.906 -137.038 250.22 8.705 -137.113 250.094 -8.563 -137.163 250.009 8.356 -137.233 249.889 -8.211 -137.28 249.81 7.997 -137.346 249.699 -7.848 -137.389 249.625 7.628 -137.45 249.522 -7.476 -137.489 249.454 7.251 -137.545 249.359 -7.096 -137.581 249.298 6.866 -137.632 249.21 3.175 -138.006 248.566 6.474 -137.71 249.076 6.076 -137.779 248.958 4.021 -137.987 248.598 3.599 -138.001 248.574 5.674 -137.839 248.854 4.44 -137.964 248.639 5.266 -137.889 248.767 4.855 -137.931 248.695 -2.117 -6.909 331.625 -1.704 -6.83 331.611 -1.292 -6.751 331.597 -0.875 -6.854 331.574 -0.88 -6.671 331.582 -0.656 -6.804 331.566 -0.437 -6.754 331.558 -0.219 -6.705 331.551 5.001 -12.073 330.888 3.166 -14.391 330.85 7.203 -17.389 330.211 6.299 -18.534 330.186 -7.02 2.641 331.562 -7.033 2.735 331.609 -7.046 2.829 331.657 -6.774 1.671 332.046 -6.869 2.089 331.932 -6.964 2.507 331.819 7.878 -11.615 330.689 7.314 -7.314 331.072 7.937 -12.415 330.85 8.452 -15.892 330.236 8.651 -17.56 330.186 3.906 -6.865 331.385 5.021 -6.994 331.375 -5.541 -3.901 332.015 -5.609 -3.837 332.159 -5.474 -3.966 331.871 -5.407 -4.03 331.726 -5.837 -3.993 332.236 -5.744 -4.052 332.071 -5.65 -4.111 331.905 -5.558 -4.169 331.74 14.184 -8.221 330.426 18.446 -8.803 329.929 26.613 -12.293 328.434 13.521 -28.293 327.994 30.54 -15.152 327.365 17.566 -33.894 326.338 35.583 -18.771 325.781 21.528 -39.482 324.393 40.608 -22.318 323.965 25.398 -45.042 322.165 45.611 -25.79 321.92 29.169 -50.565 319.655 50.582 -29.18 319.647 55.516 -32.484 317.15 32.833 -56.042 316.87 60.404 -35.696 314.433 36.383 -61.462 313.812 65.239 -38.813 311.498 39.814 -66.815 310.487 70.015 -41.828 308.35 43.119 -72.091 306.902 74.724 -44.739 304.993 46.292 -77.282 303.061 79.359 -47.539 301.432 49.327 -82.376 298.971 83.915 -50.227 297.671 51.088 -85.4 296.387 88.382 -52.795 293.717 52.795 -88.382 293.717 88.643 -52.951 293.473 52.995 -88.712 293.407 88.894 -53.117 293.228 53.212 -89.027 293.094 89.2 -53.343 292.913 53.445 -89.327 292.778 89.491 -53.586 292.596 53.64 -89.551 292.527 89.766 -53.845 292.276 53.845 -89.766 292.276 92.741 -56.82 288.58 56.82 -92.741 288.58 95.626 -59.705 284.745 59.705 -95.626 284.745 98.418 -62.497 280.775 62.497 -98.418 280.775 98.558 -62.642 280.565 62.736 -98.642 280.434 98.691 -62.793 280.356 62.987 -98.847 280.095 98.892 -63.047 280.018 63.251 -99.035 279.759 99.076 -63.314 279.681 63.528 -99.205 279.424 99.242 -63.593 279.347 63.817 -99.357 279.092 99.389 -63.885 279.015 64.119 -99.49 278.762 99.519 -64.19 278.686 64.433 -99.606 278.434 99.63 -64.508 278.359 64.633 -99.668 278.233 99.723 -64.838 278.034 64.838 -99.723 278.034 100.779 -69.266 273.665 70.176 -100.984 272.737 101.714 -73.595 269.163 75.368 -102.067 267.248 102.592 -78.19 264.115 80.411 -102.973 261.57 103.326 -82.657 258.921 83.738 -103.484 257.618 103.911 -86.987 253.591 86.987 -103.911 253.591 103.931 -87.193 253.335 87.254 -103.935 253.261 103.941 -87.403 253.084 87.527 -103.943 252.94 103.94 -87.683 252.765 87.808 -103.936 252.626 103.924 -87.97 252.455 88.096 -103.914 252.321 103.892 -88.264 252.152 88.39 -103.876 252.025 103.845 -88.564 251.858 88.691 -103.823 251.737 103.783 -88.87 251.574 88.998 -103.755 251.458 103.707 -89.181 251.299 89.31 -103.672 251.189 103.615 -89.497 251.035 89.627 -103.575 250.93 103.51 -89.818 250.782 89.949 -103.463 250.682 95.34 -99.83 248.566 92.6 -102.087 249.156 92.932 -101.86 249.028 93.262 -101.622 248.916 93.589 -101.374 248.818 93.914 -101.117 248.737 94.235 -100.85 248.67 94.552 -100.574 248.62 94.864 -100.289 248.586 95.104 -100.062 248.571 103.39 -90.141 250.541 90.275 -103.337 250.445 103.256 -90.469 250.311 90.603 -103.197 250.22 103.108 -90.798 250.094 90.934 -103.044 250.009 102.947 -91.13 249.889 91.266 -102.878 249.81 102.773 -91.463 249.699 91.599 -102.698 249.625 102.586 -91.798 249.522 91.933 -102.506 249.454 102.386 -92.132 249.359 92.267 -102.302 249.298 102.175 -92.465 249.21 99.83 -95.34 248.566 101.953 -92.798 249.076 101.721 -93.128 248.958 100.415 -94.728 248.598 100.127 -95.036 248.574 101.478 -93.455 248.854 100.694 -94.416 248.639 101.226 -93.779 248.767 100.965 -94.099 248.695 -5.972 -3.608 332.046 -6.334 -3.38 331.932 -6.697 -3.152 331.819 -6.831 -3.097 331.562 -6.907 -3.039 331.609 -6.983 -2.982 331.657 -1.16 -6.677 332.015 -1.253 -6.679 332.159 -1.066 -6.675 331.871 -0.973 -6.673 331.726 -1.303 -6.951 332.236 -1.196 -6.927 332.071 -1.089 -6.902 331.905 -0.982 -6.878 331.74 -2.641 -7.02 331.562 -2.735 -7.033 331.609 -2.829 -7.046 331.657 -1.671 -6.774 332.046 -2.089 -6.869 331.932 -2.507 -6.964 331.819 12.36 8.312 337.015 8.775 15.261 337.964 17.203 9.087 338.576 7.556 7.556 335.351 9.561 20.127 339.464 25.026 10.366 340.859 10.366 25.026 340.859 13.311 29.101 342.419 30.512 14.325 342.918 16.269 33.227 343.821 36.089 18.308 344.692 19.865 38.286 345.306 41.754 22.31 346.18 23.473 43.411 346.557 47.494 26.324 347.378 27.089 48.594 347.573 53.297 30.341 348.282 30.706 53.827 348.35 59.155 34.356 348.892 34.321 59.104 348.888 37.926 64.415 349.185 65.056 38.359 349.205 41.518 69.753 349.241 70.989 42.344 349.22 45.09 75.111 349.056 76.945 46.305 348.937 48.637 80.481 348.629 82.911 50.232 348.356 52.156 85.856 347.96 87.07 52.946 347.775 55.638 91.224 347.051 91.224 55.638 347.051 91.544 55.852 346.988 55.912 91.629 346.971 91.855 56.078 346.924 56.205 92.02 346.889 92.237 56.38 346.841 56.515 92.396 346.805 92.605 56.7 346.757 56.77 92.682 346.738 92.958 57.037 346.67 57.037 92.958 346.67 60.926 96.847 345.59 96.847 60.926 345.59 64.786 100.707 344.323 100.707 64.786 344.323 104.535 68.614 342.872 68.614 104.535 342.872 104.73 68.814 342.792 68.942 104.848 342.742 104.918 69.02 342.711 69.283 105.144 342.611 105.209 69.364 342.581 69.636 105.421 342.48 105.482 69.72 342.45 70.002 105.679 342.349 105.736 70.088 342.318 70.379 105.919 342.218 105.972 70.468 342.187 70.769 106.141 342.087 106.189 70.861 342.056 71.171 106.344 341.956 106.388 71.266 341.926 71.425 106.459 341.875 106.568 71.683 341.795 71.683 106.568 341.795 77.336 108.822 339.945 109.25 78.421 339.565 82.952 111.017 337.896 111.845 85.104 337.055 88.938 113.304 335.477 114.351 91.727 334.264 94.865 115.516 332.834 116.023 96.246 332.182 100.723 117.647 329.971 117.647 100.723 329.971 117.742 101.004 329.83 101.087 117.768 329.789 117.826 101.289 329.691 101.455 117.871 329.611 117.92 101.662 329.513 101.829 117.957 329.436 117.995 102.041 329.34 102.207 118.024 329.265 118.053 102.425 329.171 102.589 118.074 329.099 118.093 102.812 329.006 102.974 118.106 328.938 118.115 103.202 328.846 103.364 118.121 328.781 118.12 103.594 328.691 103.756 118.118 328.629 118.107 103.989 328.542 104.15 118.097 328.483 118.076 104.384 328.399 115.632 109.945 327.149 115.057 110.567 327.131 115.351 110.261 327.135 115.9 109.621 327.173 116.153 109.288 327.205 116.393 108.946 327.247 116.619 108.596 327.297 116.831 108.237 327.357 117.028 107.872 327.425 117.21 107.5 327.502 104.546 118.059 328.342 118.028 104.78 328.262 104.941 118.004 328.207 117.963 105.175 328.131 105.336 117.931 328.08 117.88 105.57 328.007 105.73 117.841 327.959 117.779 105.962 327.891 106.122 117.733 327.845 117.662 106.352 327.782 106.51 117.609 327.74 117.527 106.739 327.68 106.895 117.468 327.642 117.377 107.122 327.587 107.275 117.311 327.552 107.651 117.137 327.471 110.567 115.057 327.131 108.02 116.949 327.397 110.085 115.51 327.143 110.329 115.287 327.134 108.384 116.745 327.333 109.762 115.784 327.162 108.741 116.526 327.277 109.43 116.045 327.191 109.09 116.293 327.229 2.563 3.491 334.144 2.165 2.165 333.546 3.491 2.563 334.144 6.021 3.877 335.431 3.877 6.021 335.431 3.78 6.176 335.45 6.331 3.682 335.469 3.682 6.331 335.469 6.486 3.584 335.488 3.486 6.642 335.506 6.642 3.486 335.506 12.909 5.347 338.028 7.385 3.215 335.66 7.346 3.043 335.591 7.424 3.388 335.729 7.463 3.56 335.797 7.503 3.733 335.865 5.347 12.909 338.028 3.56 7.463 335.797 3.733 7.503 335.865 3.388 7.424 335.729 3.215 7.385 335.66 3.043 7.346 335.591 7.687 18.557 340.26 18.557 7.687 340.26 24.282 10.058 342.285 10.058 24.282 342.285 13.367 28.861 344.036 29.791 14.035 344.365 16.692 33.504 345.59 35.391 18.035 346.16 20.307 38.597 347.049 41.079 22.056 347.669 23.934 43.755 348.273 46.842 26.089 348.888 27.568 48.97 349.261 52.67 30.126 349.814 31.203 54.235 350.011 58.553 34.16 350.445 34.833 59.541 350.522 64.479 38.183 350.78 38.455 64.882 350.791 70.439 42.189 350.816 42.062 70.248 350.82 45.648 75.634 350.607 76.422 46.171 350.555 49.21 81.03 350.152 82.417 50.12 349.996 52.742 86.43 349.456 87.123 53.193 349.349 56.237 91.824 348.519 91.824 56.237 348.519 56.451 92.143 348.455 92.228 56.511 348.437 56.676 92.453 348.39 92.618 56.803 348.354 56.978 92.835 348.305 92.993 57.112 348.269 57.297 93.202 348.219 93.278 57.367 348.2 57.633 93.554 348.131 93.554 57.633 348.131 61.516 97.437 347.034 97.437 61.516 347.034 101.291 65.37 345.752 65.37 101.291 345.752 105.113 69.192 344.289 69.192 105.113 344.289 69.393 105.308 344.208 105.426 69.52 344.157 69.598 105.496 344.127 105.721 69.861 344.025 69.941 105.787 343.995 105.998 70.214 343.893 70.297 106.059 343.863 106.256 70.579 343.761 70.664 106.313 343.731 106.496 70.956 343.629 71.044 106.548 343.599 106.717 71.345 343.498 71.437 106.765 343.467 106.919 71.747 343.366 71.841 106.963 343.335 107.035 72 343.285 72.258 107.143 343.204 107.143 72.258 343.204 77.863 109.376 341.359 109.834 79.027 340.95 83.431 111.55 339.321 112.438 85.739 338.415 89.444 113.847 336.885 114.953 92.391 335.6 95.399 116.068 334.225 116.604 96.858 333.535 101.285 118.209 331.347 118.209 101.285 331.347 101.566 118.304 331.206 118.33 101.648 331.165 101.85 118.388 331.066 118.433 102.017 330.986 102.224 118.481 330.889 118.518 102.39 330.811 102.603 118.557 330.715 118.586 102.768 330.641 102.986 118.614 330.546 118.636 103.15 330.475 103.373 118.654 330.381 118.668 103.536 330.313 103.763 118.676 330.221 118.682 103.925 330.156 104.156 118.681 330.066 118.679 104.317 330.004 104.55 118.668 329.917 118.659 104.711 329.857 104.946 118.638 329.774 118.621 105.107 329.717 115.618 111.128 328.506 117.699 108.212 328.845 117.51 108.582 328.772 117.306 108.945 328.708 117.087 109.302 328.651 116.854 109.651 328.604 116.607 109.992 328.566 116.346 110.324 328.537 116.071 110.646 328.517 115.848 110.89 328.509 105.341 118.589 329.637 118.565 105.503 329.582 105.737 118.524 329.506 118.492 105.898 329.454 106.131 118.441 329.382 118.402 106.292 329.334 106.523 118.341 329.266 118.295 106.683 329.22 106.914 118.223 329.157 118.17 107.071 329.115 107.301 118.089 329.055 118.029 107.456 329.017 107.683 117.938 328.962 117.872 107.837 328.927 108.061 117.771 328.877 111.128 115.618 328.506 108.433 117.589 328.8 108.799 117.392 328.731 110.507 116.193 328.524 110.822 115.912 328.51 109.157 117.18 328.672 110.182 116.461 328.548 109.507 116.955 328.621 109.849 116.715 328.58 -4.706 4.706 332.585 -4.528 4.989 332.498 -4.349 5.272 332.411 -4.171 5.554 332.324 -5.275 4.347 331.566 -5.554 4.171 332.324 -5.272 4.349 332.411 -5.085 4.467 331.558 -4.896 4.586 331.551 -4.989 4.528 332.498 -4.365 7.112 333.733 -5.122 12.365 336.076 -3.24 6.902 333.635 -5.491 7.323 333.831 -7.743 7.743 334.026 -2.565 6.192 333.3 -8.576 13.417 336.52 -7.724 18.647 338.598 -9.451 19.181 338.799 -10.366 25.026 340.859 -7.556 7.556 335.351 -8.312 12.36 337.015 -9.087 17.203 338.576 -5.462 5.462 332.951 -6.221 6.221 333.314 -7.227 4.122 332.3 -7.397 5.324 332.885 -6.981 6.981 333.672 -7.569 6.531 333.461 -6.86 2.937 333.485 -6.845 2.835 333.435 -6.518 2.7 333.367 -6.874 3.038 333.535 -6.888 3.139 333.585 -6.902 3.24 333.635 -6.192 2.565 333.3 -6.355 2.632 333.333 -7.323 5.491 333.831 -7.533 6.617 333.929 2.231 7.162 335.506 2.123 7.137 335.592 2.666 7.945 335.865 2.015 7.113 335.678 1.907 7.088 335.764 1.799 7.064 335.85 2.017 8.975 337.566 0 3.061 333.546 0 7.006 337.614 0.656 4.281 334.144 0 9.559 340.113 1.356 10.024 339.253 0.684 11.091 340.923 0 12.177 342.578 -0.656 4.281 334.144 -1.516 6.999 335.431 -1.587 7.015 335.536 -1.657 7.031 335.641 -1.728 7.047 335.745 -1.799 7.064 335.85 -1.907 7.088 335.764 -2.666 7.945 335.865 -2.015 7.113 335.678 -2.123 7.137 335.592 -2.231 7.162 335.506 -2.017 8.975 337.566 -1.356 10.024 339.253 -0.684 11.091 340.923 -15.261 8.775 337.964 -20.127 9.561 339.464 -25.026 10.366 340.859 -29.101 13.311 342.419 -14.325 30.512 342.918 -33.227 16.269 343.821 -18.308 36.089 344.692 -38.286 19.865 345.306 -22.31 41.754 346.18 -43.411 23.473 346.557 -26.324 47.494 347.378 -48.594 27.089 347.573 -30.341 53.297 348.282 -53.827 30.706 348.35 -34.356 59.155 348.892 -59.104 34.321 348.888 -64.415 37.926 349.185 -38.359 65.056 349.205 -69.753 41.518 349.241 -42.344 70.989 349.22 -75.111 45.09 349.056 -46.305 76.945 348.937 -80.481 48.637 348.629 -50.232 82.911 348.356 -85.856 52.156 347.96 -52.946 87.07 347.775 -91.224 55.638 347.051 -55.638 91.224 347.051 -55.852 91.544 346.988 -91.629 55.912 346.971 -56.078 91.855 346.924 -92.02 56.205 346.889 -56.38 92.237 346.841 -92.396 56.515 346.805 -56.7 92.605 346.757 -92.682 56.77 346.738 -57.037 92.958 346.67 -92.958 57.037 346.67 -60.926 96.847 345.59 -96.847 60.926 345.59 -100.707 64.786 344.323 -64.786 100.707 344.323 -68.614 104.535 342.872 -104.535 68.614 342.872 -68.814 104.73 342.792 -104.848 68.942 342.742 -69.02 104.918 342.711 -105.144 69.283 342.611 -69.364 105.209 342.581 -105.421 69.636 342.48 -69.72 105.482 342.45 -105.679 70.002 342.349 -70.088 105.736 342.318 -105.919 70.379 342.218 -70.468 105.972 342.187 -106.141 70.769 342.087 -70.861 106.189 342.056 -106.344 71.171 341.956 -71.266 106.388 341.926 -106.459 71.425 341.875 -71.683 106.568 341.795 -106.568 71.683 341.795 -108.822 77.336 339.945 -78.421 109.25 339.565 -111.017 82.952 337.896 -85.104 111.845 337.055 -113.304 88.938 335.477 -91.727 114.351 334.264 -115.516 94.865 332.834 -96.246 116.023 332.182 -117.647 100.723 329.971 -100.723 117.647 329.971 -101.004 117.742 329.83 -117.768 101.087 329.789 -101.289 117.826 329.691 -117.871 101.455 329.611 -101.662 117.92 329.513 -117.957 101.829 329.436 -102.041 117.995 329.34 -118.024 102.207 329.265 -102.425 118.053 329.171 -118.074 102.589 329.099 -102.812 118.093 329.006 -118.106 102.974 328.938 -103.202 118.115 328.846 -118.121 103.364 328.781 -103.594 118.12 328.691 -118.118 103.756 328.629 -103.989 118.107 328.542 -118.097 104.15 328.483 -104.384 118.076 328.399 -109.945 115.632 327.149 -110.567 115.057 327.131 -110.261 115.351 327.135 -109.621 115.9 327.173 -109.288 116.153 327.205 -108.946 116.393 327.247 -108.596 116.619 327.297 -108.237 116.831 327.357 -107.872 117.028 327.425 -107.5 117.21 327.502 -118.059 104.546 328.342 -104.78 118.028 328.262 -118.004 104.941 328.207 -105.175 117.963 328.131 -117.931 105.336 328.08 -105.57 117.88 328.007 -117.841 105.73 327.959 -105.962 117.779 327.891 -117.733 106.122 327.845 -106.352 117.662 327.782 -117.609 106.51 327.74 -106.739 117.527 327.68 -117.468 106.895 327.642 -107.122 117.377 327.587 -117.311 107.275 327.552 -117.137 107.651 327.471 -115.057 110.567 327.131 -116.949 108.02 327.397 -115.51 110.085 327.143 -115.287 110.329 327.134 -116.745 108.384 327.333 -115.784 109.762 327.162 -116.526 108.741 327.277 -116.045 109.43 327.191 -116.293 109.09 327.229 -3.491 2.563 334.144 -2.165 2.165 333.546 -2.563 3.491 334.144 -3.877 6.021 335.431 -6.021 3.877 335.431 -6.176 3.78 335.45 -3.682 6.331 335.469 -6.331 3.682 335.469 -3.584 6.486 335.488 -6.642 3.486 335.506 -3.486 6.642 335.506 -5.347 12.909 338.028 -3.215 7.385 335.66 -3.043 7.346 335.591 -3.388 7.424 335.729 -3.56 7.463 335.797 -3.733 7.503 335.865 -12.909 5.347 338.028 -7.463 3.56 335.797 -7.503 3.733 335.865 -7.424 3.388 335.729 -7.385 3.215 335.66 -7.346 3.043 335.591 -18.557 7.687 340.26 -7.687 18.557 340.26 -10.058 24.282 342.285 -24.282 10.058 342.285 -28.861 13.367 344.036 -14.035 29.791 344.365 -33.504 16.692 345.59 -18.035 35.391 346.16 -38.597 20.307 347.049 -22.056 41.079 347.669 -43.755 23.934 348.273 -26.089 46.842 348.888 -48.97 27.568 349.261 -30.126 52.67 349.814 -54.235 31.203 350.011 -34.16 58.553 350.445 -59.541 34.833 350.522 -38.183 64.479 350.78 -64.882 38.455 350.791 -42.189 70.439 350.816 -70.248 42.062 350.82 -75.634 45.648 350.607 -46.171 76.422 350.555 -81.03 49.21 350.152 -50.12 82.417 349.996 -86.43 52.742 349.456 -53.193 87.123 349.349 -91.824 56.237 348.519 -56.237 91.824 348.519 -92.143 56.451 348.455 -56.511 92.228 348.437 -92.453 56.676 348.39 -56.803 92.618 348.354 -92.835 56.978 348.305 -57.112 92.993 348.269 -93.202 57.297 348.219 -57.367 93.278 348.2 -93.554 57.633 348.131 -57.633 93.554 348.131 -97.437 61.516 347.034 -61.516 97.437 347.034 -65.37 101.291 345.752 -101.291 65.37 345.752 -69.192 105.113 344.289 -105.113 69.192 344.289 -105.308 69.393 344.208 -69.52 105.426 344.157 -105.496 69.598 344.127 -69.861 105.721 344.025 -105.787 69.941 343.995 -70.214 105.998 343.893 -106.059 70.297 343.863 -70.579 106.256 343.761 -106.313 70.664 343.731 -70.956 106.496 343.629 -106.548 71.044 343.599 -71.345 106.717 343.498 -106.765 71.437 343.467 -71.747 106.919 343.366 -106.963 71.841 343.335 -72 107.035 343.285 -107.143 72.258 343.204 -72.258 107.143 343.204 -109.376 77.863 341.359 -79.027 109.834 340.95 -111.55 83.431 339.321 -85.739 112.438 338.415 -113.847 89.444 336.885 -92.391 114.953 335.6 -116.068 95.399 334.225 -96.858 116.604 333.535 -118.209 101.285 331.347 -101.285 118.209 331.347 -118.304 101.566 331.206 -101.648 118.33 331.165 -118.388 101.85 331.066 -102.017 118.433 330.986 -118.481 102.224 330.889 -102.39 118.518 330.811 -118.557 102.603 330.715 -102.768 118.586 330.641 -118.614 102.986 330.546 -103.15 118.636 330.475 -118.654 103.373 330.381 -103.536 118.668 330.313 -118.676 103.763 330.221 -103.925 118.682 330.156 -118.681 104.156 330.066 -104.317 118.679 330.004 -118.668 104.55 329.917 -104.711 118.659 329.857 -118.638 104.946 329.774 -105.107 118.621 329.717 -111.128 115.618 328.506 -108.212 117.699 328.845 -108.582 117.51 328.772 -108.945 117.306 328.708 -109.302 117.087 328.651 -109.651 116.854 328.604 -109.992 116.607 328.566 -110.324 116.346 328.537 -110.646 116.071 328.517 -110.89 115.848 328.509 -118.589 105.341 329.637 -105.503 118.565 329.582 -118.524 105.737 329.506 -105.898 118.492 329.454 -118.441 106.131 329.382 -106.292 118.402 329.334 -118.341 106.523 329.266 -106.683 118.295 329.22 -118.223 106.914 329.157 -107.071 118.17 329.115 -118.089 107.301 329.055 -107.456 118.029 329.017 -117.938 107.683 328.962 -107.837 117.872 328.927 -117.771 108.061 328.877 -115.618 111.128 328.506 -117.589 108.433 328.8 -117.392 108.799 328.731 -116.193 110.507 328.524 -115.912 110.822 328.51 -117.18 109.157 328.672 -116.461 110.182 328.548 -116.955 109.507 328.621 -116.715 109.849 328.58 -6.927 2.774 333.485 -7.009 2.712 333.535 -7.09 2.651 333.585 -7.172 2.589 333.635 -12.365 5.122 336.076 -13.417 8.576 336.52 -18.647 7.724 338.598 -19.181 9.451 338.799 -8.025 2.196 332.3 -9.873 0 333.672 -8.995 1.466 332.885 -9.971 0.734 333.461 -10.951 0 334.026 -8.798 0 333.314 -6.877 0.978 332.324 -7.725 0 332.951 -6.803 0.652 332.411 -6.729 0.326 332.498 -6.655 0 332.585 -9.06 1.295 333.831 -8.116 1.942 333.733 -4.706 -4.706 332.585 -4.989 -4.528 332.498 -5.272 -4.349 332.411 -5.554 -4.171 332.324 -4.347 -5.275 331.566 -4.171 -5.554 332.324 -4.349 -5.272 332.411 -4.467 -5.085 331.558 -4.586 -4.896 331.551 -4.528 -4.989 332.498 -7.112 -4.365 333.733 -12.365 -5.122 336.076 -6.902 -3.24 333.635 -7.323 -5.491 333.831 -7.743 -7.743 334.026 -6.192 -2.565 333.3 -13.417 -8.576 336.52 -18.647 -7.724 338.598 -19.181 -9.451 338.799 -25.026 -10.366 340.859 -7.556 -7.556 335.351 -12.36 -8.312 337.015 -17.203 -9.087 338.576 -5.462 -5.462 332.951 -6.221 -6.221 333.314 -4.122 -7.227 332.3 -5.324 -7.397 332.885 -6.981 -6.981 333.672 -6.531 -7.569 333.461 -2.937 -6.86 333.485 -2.835 -6.845 333.435 -2.7 -6.518 333.367 -3.038 -6.874 333.535 -3.139 -6.888 333.585 -3.24 -6.902 333.635 -2.565 -6.192 333.3 -2.632 -6.355 333.333 -5.491 -7.323 333.831 -6.617 -7.533 333.929 -7.162 2.231 335.506 -7.137 2.123 335.592 -7.945 2.666 335.865 -7.113 2.015 335.678 -7.088 1.907 335.764 -7.064 1.799 335.85 -8.975 2.017 337.566 -3.061 0 333.546 -7.006 0 337.614 -4.281 0.656 334.144 -9.559 0 340.113 -10.024 1.356 339.253 -11.091 0.684 340.923 -12.177 0 342.578 -7.064 -1.799 335.85 -4.281 -0.656 334.144 -7.088 -1.907 335.764 -7.945 -2.666 335.865 -7.113 -2.015 335.678 -7.137 -2.123 335.592 -7.162 -2.231 335.506 -8.975 -2.017 337.566 -10.024 -1.356 339.253 -11.091 -0.684 340.923 -6.999 -1.516 335.431 -7.015 -1.587 335.536 -7.031 -1.657 335.641 -7.047 -1.728 335.745 -7.015 1.587 335.536 -6.999 1.516 335.431 -7.031 1.657 335.641 -7.047 1.728 335.745 -8.775 -15.261 337.964 -9.561 -20.127 339.464 -10.366 -25.026 340.859 -13.311 -29.101 342.419 -30.512 -14.325 342.918 -16.269 -33.227 343.821 -36.089 -18.308 344.692 -19.865 -38.286 345.306 -41.754 -22.31 346.18 -23.473 -43.411 346.557 -47.494 -26.324 347.378 -27.089 -48.594 347.573 -53.297 -30.341 348.282 -30.706 -53.827 348.35 -59.155 -34.356 348.892 -34.321 -59.104 348.888 -37.926 -64.415 349.185 -65.056 -38.359 349.205 -41.518 -69.753 349.241 -70.989 -42.344 349.22 -45.09 -75.111 349.056 -76.945 -46.305 348.937 -48.637 -80.481 348.629 -82.911 -50.232 348.356 -52.156 -85.856 347.96 -87.07 -52.946 347.775 -55.638 -91.224 347.051 -91.224 -55.638 347.051 -91.544 -55.852 346.988 -55.912 -91.629 346.971 -91.855 -56.078 346.924 -56.205 -92.02 346.889 -92.237 -56.38 346.841 -56.515 -92.396 346.805 -92.605 -56.7 346.757 -56.77 -92.682 346.738 -92.958 -57.037 346.67 -57.037 -92.958 346.67 -60.926 -96.847 345.59 -96.847 -60.926 345.59 -64.786 -100.707 344.323 -100.707 -64.786 344.323 -104.535 -68.614 342.872 -68.614 -104.535 342.872 -104.73 -68.814 342.792 -68.942 -104.848 342.742 -104.918 -69.02 342.711 -69.283 -105.144 342.611 -105.209 -69.364 342.581 -69.636 -105.421 342.48 -105.482 -69.72 342.45 -70.002 -105.679 342.349 -105.736 -70.088 342.318 -70.379 -105.919 342.218 -105.972 -70.468 342.187 -70.769 -106.141 342.087 -106.189 -70.861 342.056 -71.171 -106.344 341.956 -106.388 -71.266 341.926 -71.425 -106.459 341.875 -106.568 -71.683 341.795 -71.683 -106.568 341.795 -77.336 -108.822 339.945 -109.25 -78.421 339.565 -82.952 -111.017 337.896 -111.845 -85.104 337.055 -88.938 -113.304 335.477 -114.351 -91.727 334.264 -94.865 -115.516 332.834 -116.023 -96.246 332.182 -100.723 -117.647 329.971 -117.647 -100.723 329.971 -117.742 -101.004 329.83 -101.087 -117.768 329.789 -117.826 -101.289 329.691 -101.455 -117.871 329.611 -117.92 -101.662 329.513 -101.829 -117.957 329.436 -117.995 -102.041 329.34 -102.207 -118.024 329.265 -118.053 -102.425 329.171 -102.589 -118.074 329.099 -118.093 -102.812 329.006 -102.974 -118.106 328.938 -118.115 -103.202 328.846 -103.364 -118.121 328.781 -118.12 -103.594 328.691 -103.756 -118.118 328.629 -118.107 -103.989 328.542 -104.15 -118.097 328.483 -118.076 -104.384 328.399 -115.632 -109.945 327.149 -115.057 -110.567 327.131 -115.351 -110.261 327.135 -115.9 -109.621 327.173 -116.153 -109.288 327.205 -116.393 -108.946 327.247 -116.619 -108.596 327.297 -116.831 -108.237 327.357 -117.028 -107.872 327.425 -117.21 -107.5 327.502 -104.546 -118.059 328.342 -118.028 -104.78 328.262 -104.941 -118.004 328.207 -117.963 -105.175 328.131 -105.336 -117.931 328.08 -117.88 -105.57 328.007 -105.73 -117.841 327.959 -117.779 -105.962 327.891 -106.122 -117.733 327.845 -117.662 -106.352 327.782 -106.51 -117.609 327.74 -117.527 -106.739 327.68 -106.895 -117.468 327.642 -117.377 -107.122 327.587 -107.275 -117.311 327.552 -107.651 -117.137 327.471 -110.567 -115.057 327.131 -108.02 -116.949 327.397 -110.085 -115.51 327.143 -110.329 -115.287 327.134 -108.384 -116.745 327.333 -109.762 -115.784 327.162 -108.741 -116.526 327.277 -109.43 -116.045 327.191 -109.09 -116.293 327.229 -2.563 -3.491 334.144 -2.165 -2.165 333.546 -3.491 -2.563 334.144 -6.021 -3.877 335.431 -3.877 -6.021 335.431 -3.78 -6.176 335.45 -6.331 -3.682 335.469 -3.682 -6.331 335.469 -6.486 -3.584 335.488 -3.486 -6.642 335.506 -6.642 -3.486 335.506 -12.909 -5.347 338.028 -7.385 -3.215 335.66 -7.346 -3.043 335.591 -7.424 -3.388 335.729 -7.463 -3.56 335.797 -7.503 -3.733 335.865 -5.347 -12.909 338.028 -3.56 -7.463 335.797 -3.733 -7.503 335.865 -3.388 -7.424 335.729 -3.215 -7.385 335.66 -3.043 -7.346 335.591 -7.687 -18.557 340.26 -18.557 -7.687 340.26 -24.282 -10.058 342.285 -10.058 -24.282 342.285 -13.367 -28.861 344.036 -29.791 -14.035 344.365 -16.692 -33.504 345.59 -35.391 -18.035 346.16 -20.307 -38.597 347.049 -41.079 -22.056 347.669 -23.934 -43.755 348.273 -46.842 -26.089 348.888 -27.568 -48.97 349.261 -52.67 -30.126 349.814 -31.203 -54.235 350.011 -58.553 -34.16 350.445 -34.833 -59.541 350.522 -64.479 -38.183 350.78 -38.455 -64.882 350.791 -70.439 -42.189 350.816 -42.062 -70.248 350.82 -45.648 -75.634 350.607 -76.422 -46.171 350.555 -49.21 -81.03 350.152 -82.417 -50.12 349.996 -52.742 -86.43 349.456 -87.123 -53.193 349.349 -56.237 -91.824 348.519 -91.824 -56.237 348.519 -56.451 -92.143 348.455 -92.228 -56.511 348.437 -56.676 -92.453 348.39 -92.618 -56.803 348.354 -56.978 -92.835 348.305 -92.993 -57.112 348.269 -57.297 -93.202 348.219 -93.278 -57.367 348.2 -57.633 -93.554 348.131 -93.554 -57.633 348.131 -61.516 -97.437 347.034 -97.437 -61.516 347.034 -101.291 -65.37 345.752 -65.37 -101.291 345.752 -105.113 -69.192 344.289 -69.192 -105.113 344.289 -69.393 -105.308 344.208 -105.426 -69.52 344.157 -69.598 -105.496 344.127 -105.721 -69.861 344.025 -69.941 -105.787 343.995 -105.998 -70.214 343.893 -70.297 -106.059 343.863 -106.256 -70.579 343.761 -70.664 -106.313 343.731 -106.496 -70.956 343.629 -71.044 -106.548 343.599 -106.717 -71.345 343.498 -71.437 -106.765 343.467 -106.919 -71.747 343.366 -71.841 -106.963 343.335 -107.035 -72 343.285 -72.258 -107.143 343.204 -107.143 -72.258 343.204 -77.863 -109.376 341.359 -109.834 -79.027 340.95 -83.431 -111.55 339.321 -112.438 -85.739 338.415 -89.444 -113.847 336.885 -114.953 -92.391 335.6 -95.399 -116.068 334.225 -116.604 -96.858 333.535 -101.285 -118.209 331.347 -118.209 -101.285 331.347 -101.566 -118.304 331.206 -118.33 -101.648 331.165 -101.85 -118.388 331.066 -118.433 -102.017 330.986 -102.224 -118.481 330.889 -118.518 -102.39 330.811 -102.603 -118.557 330.715 -118.586 -102.768 330.641 -102.986 -118.614 330.546 -118.636 -103.15 330.475 -103.373 -118.654 330.381 -118.668 -103.536 330.313 -103.763 -118.676 330.221 -118.682 -103.925 330.156 -104.156 -118.681 330.066 -118.679 -104.317 330.004 -104.55 -118.668 329.917 -118.659 -104.711 329.857 -104.946 -118.638 329.774 -118.621 -105.107 329.717 -115.618 -111.128 328.506 -117.699 -108.212 328.845 -117.51 -108.582 328.772 -117.306 -108.945 328.708 -117.087 -109.302 328.651 -116.854 -109.651 328.604 -116.607 -109.992 328.566 -116.346 -110.324 328.537 -116.071 -110.646 328.517 -115.848 -110.89 328.509 -105.341 -118.589 329.637 -118.565 -105.503 329.582 -105.737 -118.524 329.506 -118.492 -105.898 329.454 -106.131 -118.441 329.382 -118.402 -106.292 329.334 -106.523 -118.341 329.266 -118.295 -106.683 329.22 -106.914 -118.223 329.157 -118.17 -107.071 329.115 -107.301 -118.089 329.055 -118.029 -107.456 329.017 -107.683 -117.938 328.962 -117.872 -107.837 328.927 -108.061 -117.771 328.877 -111.128 -115.618 328.506 -108.433 -117.589 328.8 -108.799 -117.392 328.731 -110.507 -116.193 328.524 -110.822 -115.912 328.51 -109.157 -117.18 328.672 -110.182 -116.461 328.548 -109.507 -116.955 328.621 -109.849 -116.715 328.58 -2.774 -6.927 333.485 -2.712 -7.009 333.535 -2.651 -7.09 333.585 -2.589 -7.172 333.635 -5.122 -12.365 336.076 -8.576 -13.417 336.52 -7.724 -18.647 338.598 -9.451 -19.181 338.799 -2.196 -8.025 332.3 0 -9.873 333.672 -1.466 -8.995 332.885 -0.734 -9.971 333.461 0 -10.951 334.026 0 -8.798 333.314 -0.978 -6.877 332.324 0 -7.725 332.951 -0.652 -6.803 332.411 -0.326 -6.729 332.498 0 -6.655 332.585 -1.295 -9.06 333.831 -1.942 -8.116 333.733 2.589 -7.172 333.635 2.196 -8.025 332.3 2.651 -7.09 333.585 2.712 -7.009 333.535 2.774 -6.927 333.485 2.835 -6.845 333.435 2.924 -7.059 331.704 1.466 -8.995 332.885 1.295 -9.06 333.831 0.734 -9.971 333.461 0.648 -10.005 333.929 1.253 -6.679 332.159 1.671 -6.774 332.046 1.303 -6.951 332.236 0.326 -6.729 332.498 0.652 -6.803 332.411 0.978 -6.877 332.324 2.089 -6.869 331.932 2.507 -6.964 331.819 2.7 -6.518 333.367 2.565 -6.192 333.3 2.632 -6.355 333.333 -2.231 -7.162 335.506 -2.123 -7.137 335.592 -2.666 -7.945 335.865 -2.015 -7.113 335.678 -1.907 -7.088 335.764 -1.799 -7.064 335.85 -2.017 -8.975 337.566 0 -3.061 333.546 0 -7.006 337.614 -0.656 -4.281 334.144 0 -9.559 340.113 -1.356 -10.024 339.253 -0.684 -11.091 340.923 0 -12.177 342.578 -1.587 -7.015 335.536 -1.516 -6.999 335.431 -1.657 -7.031 335.641 -1.728 -7.047 335.745 1.799 -7.064 335.85 0.656 -4.281 334.144 1.907 -7.088 335.764 2.666 -7.945 335.865 2.015 -7.113 335.678 2.123 -7.137 335.592 2.231 -7.162 335.506 2.017 -8.975 337.566 1.356 -10.024 339.253 0.684 -11.091 340.923 8.312 -12.36 337.015 15.261 -8.775 337.964 9.087 -17.203 338.576 7.556 -7.556 335.351 20.127 -9.561 339.464 10.366 -25.026 340.859 25.026 -10.366 340.859 29.101 -13.311 342.419 14.325 -30.512 342.918 33.227 -16.269 343.821 18.308 -36.089 344.692 38.286 -19.865 345.306 22.31 -41.754 346.18 43.411 -23.473 346.557 26.324 -47.494 347.378 48.594 -27.089 347.573 30.341 -53.297 348.282 53.827 -30.706 348.35 34.356 -59.155 348.892 59.104 -34.321 348.888 64.415 -37.926 349.185 38.359 -65.056 349.205 69.753 -41.518 349.241 42.344 -70.989 349.22 75.111 -45.09 349.056 46.305 -76.945 348.937 80.481 -48.637 348.629 50.232 -82.911 348.356 85.856 -52.156 347.96 52.946 -87.07 347.775 91.224 -55.638 347.051 55.638 -91.224 347.051 55.852 -91.544 346.988 91.629 -55.912 346.971 56.078 -91.855 346.924 92.02 -56.205 346.889 56.38 -92.237 346.841 92.396 -56.515 346.805 56.7 -92.605 346.757 92.682 -56.77 346.738 57.037 -92.958 346.67 92.958 -57.037 346.67 60.926 -96.847 345.59 96.847 -60.926 345.59 100.707 -64.786 344.323 64.786 -100.707 344.323 68.614 -104.535 342.872 104.535 -68.614 342.872 68.814 -104.73 342.792 104.848 -68.942 342.742 69.02 -104.918 342.711 105.144 -69.283 342.611 69.364 -105.209 342.581 105.421 -69.636 342.48 69.72 -105.482 342.45 105.679 -70.002 342.349 70.088 -105.736 342.318 105.919 -70.379 342.218 70.468 -105.972 342.187 106.141 -70.769 342.087 70.861 -106.189 342.056 106.344 -71.171 341.956 71.266 -106.388 341.926 106.459 -71.425 341.875 71.683 -106.568 341.795 106.568 -71.683 341.795 108.822 -77.336 339.945 78.421 -109.25 339.565 111.017 -82.952 337.896 85.104 -111.845 337.055 113.304 -88.938 335.477 91.727 -114.351 334.264 115.516 -94.865 332.834 96.246 -116.023 332.182 117.647 -100.723 329.971 100.723 -117.647 329.971 101.004 -117.742 329.83 117.768 -101.087 329.789 101.289 -117.826 329.691 117.871 -101.455 329.611 101.662 -117.92 329.513 117.957 -101.829 329.436 102.041 -117.995 329.34 118.024 -102.207 329.265 102.425 -118.053 329.171 118.074 -102.589 329.099 102.812 -118.093 329.006 118.106 -102.974 328.938 103.202 -118.115 328.846 118.121 -103.364 328.781 103.594 -118.12 328.691 118.118 -103.756 328.629 103.989 -118.107 328.542 118.097 -104.15 328.483 104.384 -118.076 328.399 109.945 -115.632 327.149 110.567 -115.057 327.131 110.261 -115.351 327.135 109.621 -115.9 327.173 109.288 -116.153 327.205 108.946 -116.393 327.247 108.596 -116.619 327.297 108.237 -116.831 327.357 107.872 -117.028 327.425 107.5 -117.21 327.502 118.059 -104.546 328.342 104.78 -118.028 328.262 118.004 -104.941 328.207 105.175 -117.963 328.131 117.931 -105.336 328.08 105.57 -117.88 328.007 117.841 -105.73 327.959 105.962 -117.779 327.891 117.733 -106.122 327.845 106.352 -117.662 327.782 117.609 -106.51 327.74 106.739 -117.527 327.68 117.468 -106.895 327.642 107.122 -117.377 327.587 117.311 -107.275 327.552 117.137 -107.651 327.471 115.057 -110.567 327.131 116.949 -108.02 327.397 115.51 -110.085 327.143 115.287 -110.329 327.134 116.745 -108.384 327.333 115.784 -109.762 327.162 116.526 -108.741 327.277 116.045 -109.43 327.191 116.293 -109.09 327.229 3.491 -2.563 334.144 2.165 -2.165 333.546 2.563 -3.491 334.144 3.877 -6.021 335.431 6.021 -3.877 335.431 6.176 -3.78 335.45 3.682 -6.331 335.469 6.331 -3.682 335.469 3.584 -6.486 335.488 6.642 -3.486 335.506 3.486 -6.642 335.506 5.347 -12.909 338.028 3.215 -7.385 335.66 3.043 -7.346 335.591 3.388 -7.424 335.729 3.56 -7.463 335.797 3.733 -7.503 335.865 12.909 -5.347 338.028 7.463 -3.56 335.797 7.503 -3.733 335.865 7.424 -3.388 335.729 7.385 -3.215 335.66 7.346 -3.043 335.591 18.557 -7.687 340.26 7.687 -18.557 340.26 10.058 -24.282 342.285 24.282 -10.058 342.285 28.861 -13.367 344.036 14.035 -29.791 344.365 33.504 -16.692 345.59 18.035 -35.391 346.16 38.597 -20.307 347.049 22.056 -41.079 347.669 43.755 -23.934 348.273 26.089 -46.842 348.888 48.97 -27.568 349.261 30.126 -52.67 349.814 54.235 -31.203 350.011 34.16 -58.553 350.445 59.541 -34.833 350.522 38.183 -64.479 350.78 64.882 -38.455 350.791 42.189 -70.439 350.816 70.248 -42.062 350.82 75.634 -45.648 350.607 46.171 -76.422 350.555 81.03 -49.21 350.152 50.12 -82.417 349.996 86.43 -52.742 349.456 53.193 -87.123 349.349 91.824 -56.237 348.519 56.237 -91.824 348.519 92.143 -56.451 348.455 56.511 -92.228 348.437 92.453 -56.676 348.39 56.803 -92.618 348.354 92.835 -56.978 348.305 57.112 -92.993 348.269 93.202 -57.297 348.219 57.367 -93.278 348.2 93.554 -57.633 348.131 57.633 -93.554 348.131 97.437 -61.516 347.034 61.516 -97.437 347.034 65.37 -101.291 345.752 101.291 -65.37 345.752 69.192 -105.113 344.289 105.113 -69.192 344.289 105.308 -69.393 344.208 69.52 -105.426 344.157 105.496 -69.598 344.127 69.861 -105.721 344.025 105.787 -69.941 343.995 70.214 -105.998 343.893 106.059 -70.297 343.863 70.579 -106.256 343.761 106.313 -70.664 343.731 70.956 -106.496 343.629 106.548 -71.044 343.599 71.345 -106.717 343.498 106.765 -71.437 343.467 71.747 -106.919 343.366 106.963 -71.841 343.335 72 -107.035 343.285 107.143 -72.258 343.204 72.258 -107.143 343.204 109.376 -77.863 341.359 79.027 -109.834 340.95 111.55 -83.431 339.321 85.739 -112.438 338.415 113.847 -89.444 336.885 92.391 -114.953 335.6 116.068 -95.399 334.225 96.858 -116.604 333.535 118.209 -101.285 331.347 101.285 -118.209 331.347 118.304 -101.566 331.206 101.648 -118.33 331.165 118.388 -101.85 331.066 102.017 -118.433 330.986 118.481 -102.224 330.889 102.39 -118.518 330.811 118.557 -102.603 330.715 102.768 -118.586 330.641 118.614 -102.986 330.546 103.15 -118.636 330.475 118.654 -103.373 330.381 103.536 -118.668 330.313 118.676 -103.763 330.221 103.925 -118.682 330.156 118.681 -104.156 330.066 104.317 -118.679 330.004 118.668 -104.55 329.917 104.711 -118.659 329.857 118.638 -104.946 329.774 105.107 -118.621 329.717 111.128 -115.618 328.506 108.212 -117.699 328.845 108.582 -117.51 328.772 108.945 -117.306 328.708 109.302 -117.087 328.651 109.651 -116.854 328.604 109.992 -116.607 328.566 110.324 -116.346 328.537 110.646 -116.071 328.517 110.89 -115.848 328.509 118.589 -105.341 329.637 105.503 -118.565 329.582 118.524 -105.737 329.506 105.898 -118.492 329.454 118.441 -106.131 329.382 106.292 -118.402 329.334 118.341 -106.523 329.266 106.683 -118.295 329.22 118.223 -106.914 329.157 107.071 -118.17 329.115 118.089 -107.301 329.055 107.456 -118.029 329.017 117.938 -107.683 328.962 107.837 -117.872 328.927 117.771 -108.061 328.877 115.618 -111.128 328.506 117.589 -108.433 328.8 117.392 -108.799 328.731 116.193 -110.507 328.524 115.912 -110.822 328.51 117.18 -109.157 328.672 116.461 -110.182 328.548 116.955 -109.507 328.621 116.715 -109.849 328.58 3.545 6.548 335.592 3.604 6.454 335.678 3.663 6.361 335.764 3.839 6.083 335.536 3.8 6.144 335.641 3.761 6.205 335.745 3.722 6.267 335.85 6.144 3.8 335.641 6.083 3.839 335.536 6.205 3.761 335.745 6.267 3.722 335.85 6.361 3.663 335.764 6.454 3.604 335.678 6.548 3.545 335.592 8.61 8.61 342.578 8.464 7.966 342.387 8.326 7.359 340.923 7.772 4.921 337.566 7.346 3.043 337.656 8.318 7.324 342.196 7.513 3.781 338.703 8.047 6.129 339.253 7.683 4.526 339.745 8.172 6.682 342.004 7.854 5.28 340.782 8.027 6.042 341.812 4.281 0.656 334.144 6.999 1.516 335.431 7.015 1.587 335.536 7.031 1.657 335.641 7.047 1.728 335.745 7.064 1.799 335.85 7.137 2.123 335.592 7.08 1.873 335.469 7.162 2.231 335.506 7.113 2.015 335.678 7.088 1.907 335.764 7.04 1.695 335.45 6.318 2.617 337.043 5.607 3.657 338.529 4.281 1.773 335.812 5.296 2.194 336.428 3.272 1.355 335.193 7.006 0 337.614 3.061 0 333.546 7.945 2.666 335.865 8.975 2.017 337.566 9.559 0 340.113 10.024 1.356 339.253 11.091 0.684 340.923 12.177 0 342.578 7.795 2.76 335.797 7.645 2.854 335.729 7.496 2.949 335.66 7.986 2.64 338.703 8.633 2.232 339.745 9.287 1.82 340.782 9.948 1.404 341.812 10.504 1.054 342.004 11.06 0.703 342.196 11.618 0.352 342.387 6.552 1.379 338.531 7.015 -1.587 335.536 6.999 -1.516 335.431 4.281 -0.656 334.144 7.031 -1.657 335.641 7.047 -1.728 335.745 7.064 -1.799 335.85 7.08 -1.873 335.469 7.088 -1.907 335.764 7.113 -2.015 335.678 7.121 -2.052 335.488 7.137 -2.123 335.592 7.162 -2.231 335.506 -1.873 7.08 335.469 -1.695 7.04 335.45 0.352 11.618 342.387 3.043 7.346 337.656 2.949 7.496 335.66 2.854 7.645 335.729 2.76 7.795 335.797 0.703 11.06 342.196 2.64 7.986 338.703 2.232 8.633 339.745 1.054 10.504 342.004 1.82 9.287 340.782 1.404 9.948 341.812 2.617 6.318 337.043 1.379 6.556 338.535 1.773 4.281 335.812 2.194 5.296 336.428 1.355 3.272 335.193 13.79 31.42 366.845 13.426 29.819 366.109 12.875 27.394 363.23 14.73 35.562 370.326 9.6 12.971 348.031 8.61 8.61 345.169 12.167 24.272 361.699 11.735 22.37 358.365 9.363 11.924 349.254 10.642 17.559 353.295 10.144 15.366 353.233 10.954 18.931 357.101 6.021 7.674 343.965 4.746 4.746 340.049 5.693 5.693 341.343 6.653 6.653 342.628 7.626 7.626 343.903 7.345 10.706 347.782 9.115 14.748 352.536 3.003 7.249 340.776 3.657 5.607 338.529 6.042 8.027 341.812 7.966 8.464 342.387 4.745 11.455 346.188 7.324 8.318 342.196 6.682 8.172 342.004 6.584 15.895 351.438 8.516 20.559 356.507 10.537 25.438 361.385 12.596 30.408 365.959 1.227 14.125 345.446 2.489 16.128 348.262 4.747 19.713 353.006 7.104 23.454 357.59 9.555 27.346 362.009 12.099 31.385 366.258 1.168 9.684 343.965 0 8.052 341.343 0 6.712 340.049 0 9.409 342.628 0 10.784 343.903 2.376 12.762 347.78 0 12.177 345.169 1.811 15.052 349.254 3.983 16.872 352.535 3.692 18.038 353.233 5.641 21.132 357.101 8.56 25.766 361.699 11.591 30.579 366.109 -1.379 6.554 338.533 -1.773 4.281 335.812 -1.355 3.272 335.193 -2.194 5.296 336.428 -2.617 6.318 337.043 -2.64 7.986 338.703 -3.043 7.346 337.656 -2.232 8.633 339.745 -1.82 9.287 340.782 -1.404 9.948 341.812 -2.76 7.795 335.797 -2.854 7.645 335.729 -2.949 7.496 335.66 -1.054 10.504 342.004 -0.703 11.06 342.196 -0.352 11.618 342.387 -3.8 6.144 335.641 -3.839 6.083 335.536 -3.761 6.205 335.745 -3.722 6.267 335.85 -3.663 6.361 335.764 -3.604 6.454 335.678 -3.545 6.548 335.592 6.318 -2.617 337.043 7.346 -3.043 337.656 7.986 -2.64 338.703 6.552 -1.379 338.531 4.281 -1.773 335.812 5.296 -2.194 336.428 8.633 -2.232 339.745 9.287 -1.82 340.782 9.948 -1.404 341.812 3.272 -1.355 335.193 11.618 -0.352 342.387 11.091 -0.684 340.923 8.975 -2.017 337.566 7.945 -2.666 335.865 7.496 -2.949 335.66 7.645 -2.854 335.729 7.795 -2.76 335.797 11.06 -0.703 342.196 10.024 -1.356 339.253 10.504 -1.054 342.004 -1.169 9.684 343.965 -2.377 12.764 347.782 -3.983 16.873 352.536 -5.641 21.132 357.101 -8.56 25.766 361.699 -11.591 30.579 366.109 -14.73 35.562 370.326 -15.531 39.089 373.114 15.985 41.088 374.627 -16.349 42.691 375.806 17.28 46.792 378.689 -17.524 47.866 379.415 18.615 52.669 382.51 -18.73 53.178 382.825 19.986 58.706 386.08 -19.966 58.619 386.031 -21.229 64.18 389.027 21.39 64.892 389.391 -22.517 69.854 391.81 22.826 71.215 392.438 -23.83 75.634 394.375 23.987 76.326 394.664 -25.164 81.509 396.717 25.164 81.509 396.717 25.238 81.867 396.851 -25.256 81.965 396.888 25.298 82.228 396.986 -25.325 82.424 397.059 25.355 82.688 397.156 -25.372 82.886 397.229 25.389 83.152 397.326 -25.393 83.251 397.362 25.4 83.618 397.495 -25.4 83.618 397.495 -25.4 88.92 399.309 25.4 88.92 399.309 -25.4 94.282 400.942 25.4 94.282 400.942 25.4 99.695 402.392 -25.4 99.695 402.392 25.396 99.978 402.462 -25.389 100.154 402.506 25.384 100.259 402.532 -25.357 100.609 402.617 25.347 100.713 402.643 -25.303 101.06 402.727 25.288 101.164 402.751 -25.228 101.508 402.834 25.207 101.61 402.858 -25.131 101.951 402.938 25.105 102.053 402.962 -25.012 102.391 403.041 24.981 102.492 403.065 -24.871 102.827 403.142 24.835 102.927 403.165 -24.773 103.094 403.202 24.667 103.358 403.262 -24.667 103.358 403.262 -22.264 109.126 404.456 21.799 110.242 404.663 -19.845 114.933 405.444 18.909 117.179 405.769 -17.23 121.209 406.273 15.998 124.165 406.579 -14.602 127.515 406.862 13.985 128.997 406.965 -11.967 133.838 407.208 11.967 133.838 407.208 11.836 134.139 407.218 -11.796 134.226 407.221 11.694 134.435 407.228 -11.608 134.604 407.233 11.496 134.809 407.239 -11.404 134.973 407.244 11.281 135.174 407.25 -11.185 135.331 407.254 11.051 135.529 407.259 -10.95 135.678 407.263 10.805 135.873 407.267 -10.7 136.015 407.271 10.545 136.205 407.275 -10.435 136.341 407.278 10.271 136.526 407.281 -10.156 136.655 407.284 9.983 136.834 407.287 -9.862 136.957 407.289 9.682 137.129 407.292 4.021 139.663 407.312 3.175 139.7 407.312 3.599 139.691 407.312 4.44 139.616 407.312 4.855 139.551 407.312 5.266 139.468 407.312 5.674 139.367 407.311 6.076 139.247 407.311 6.474 139.11 407.311 6.866 138.955 407.31 -9.556 137.246 407.293 9.368 137.411 407.296 -9.237 137.522 407.297 9.042 137.678 407.299 -8.906 137.783 407.301 8.705 137.93 407.302 -8.563 138.029 407.303 8.356 138.168 407.305 -8.211 138.26 407.306 7.997 138.389 407.307 -7.848 138.474 407.307 7.628 138.594 407.308 -7.476 138.673 407.309 7.251 138.783 407.309 -7.096 138.854 407.31 -6.708 139.019 407.311 -3.175 139.7 407.312 -6.313 139.166 407.311 -3.836 139.677 407.312 -3.506 139.694 407.312 -5.912 139.296 407.312 -4.258 139.637 407.312 -5.505 139.409 407.312 -4.678 139.579 407.312 -5.093 139.503 407.312 -1.604 3.872 338.833 0 0 333.144 1.604 3.872 338.833 3.304 7.976 344.357 -3.304 7.976 344.357 -5.103 12.319 349.723 5.103 12.319 349.723 6.995 16.887 354.914 -6.995 16.887 354.914 -8.978 21.675 359.919 8.978 21.675 359.919 -11.049 26.675 364.728 11.049 26.675 364.728 -12.862 31.051 368.625 12.862 31.051 368.625 14.73 35.562 372.365 -14.73 35.562 372.365 -15.501 38.954 375.009 15.999 41.148 376.645 -16.286 42.414 377.564 17.307 46.91 380.685 -17.471 47.632 381.165 18.654 52.843 384.481 -18.686 52.985 384.568 -19.931 58.466 387.765 20.037 58.934 388.025 -21.203 64.067 390.752 21.454 65.173 391.31 -22.5 69.779 393.525 22.902 71.547 394.33 -23.821 75.597 396.081 24.025 76.495 396.451 -25.164 81.509 398.412 25.164 81.509 398.412 -25.238 81.867 398.545 25.256 81.965 398.581 -25.298 82.228 398.678 25.325 82.424 398.75 -25.355 82.688 398.846 25.372 82.886 398.918 -25.389 83.152 399.014 25.393 83.251 399.05 -25.4 83.618 399.182 25.4 83.618 399.182 -25.4 88.922 400.977 25.4 88.922 400.977 -25.4 94.283 402.593 25.4 94.283 402.593 -25.4 99.695 404.028 25.4 99.695 404.028 -25.396 99.978 404.097 25.389 100.154 404.14 -25.384 100.259 404.166 25.357 100.609 404.251 -25.347 100.713 404.276 25.303 101.06 404.359 -25.288 101.164 404.384 25.228 101.508 404.465 -25.207 101.61 404.489 25.131 101.952 404.569 -25.105 102.053 404.592 25.012 102.391 404.67 -24.981 102.492 404.694 24.871 102.827 404.77 -24.835 102.927 404.793 24.773 103.094 404.83 -24.667 103.358 404.889 24.667 103.358 404.889 -22.283 109.081 406.063 21.784 110.278 406.282 -19.883 114.841 407.035 18.879 117.251 407.381 -17.255 121.148 407.864 15.954 124.271 408.184 -14.615 127.484 408.451 13.962 129.05 408.559 -11.967 133.838 408.796 11.967 133.838 408.796 -11.836 134.139 408.807 11.796 134.226 408.809 -11.694 134.435 408.816 11.608 134.604 408.821 -11.496 134.809 408.827 11.404 134.973 408.832 -11.281 135.174 408.838 11.185 135.331 408.842 -11.051 135.529 408.847 10.95 135.678 408.851 -10.805 135.873 408.855 10.7 136.015 408.859 -10.545 136.205 408.862 10.435 136.341 408.865 -10.271 136.526 408.869 10.156 136.655 408.871 -9.983 136.834 408.875 9.862 136.957 408.877 -9.682 137.129 408.879 9.556 137.246 408.881 3.175 139.7 408.899 6.708 139.019 408.898 6.313 139.166 408.899 5.912 139.296 408.899 5.505 139.409 408.9 5.093 139.503 408.9 4.677 139.58 408.9 4.258 139.637 408.9 3.836 139.677 408.899 3.506 139.694 408.899 -9.368 137.411 408.883 9.237 137.522 408.885 -9.042 137.678 408.887 8.906 137.783 408.888 -8.705 137.93 408.89 8.563 138.029 408.891 -8.356 138.168 408.892 8.211 138.26 408.893 -7.997 138.389 408.894 7.848 138.474 408.895 -7.628 138.594 408.896 7.476 138.673 408.896 -7.251 138.783 408.897 7.096 138.854 408.898 -6.866 138.955 408.898 -3.175 139.7 408.899 -6.474 139.11 408.898 -6.076 139.247 408.899 -4.021 139.663 408.899 -3.599 139.691 408.899 -5.674 139.367 408.899 -4.44 139.616 408.899 -5.266 139.468 408.899 -4.855 139.551 408.899 -3.003 7.249 340.776 -4.745 11.455 346.188 -2.383 15.96 348.031 -6.584 15.895 351.438 -4.891 19.941 353.295 -8.516 20.559 356.507 -7.52 24.115 358.365 -10.537 25.438 361.385 -10.266 28.475 363.23 -12.596 30.408 365.959 -12.466 31.968 366.845 -1.811 15.052 349.254 -3.692 18.038 353.233 -3.781 7.513 338.703 -3.661 5.611 338.535 -4.526 7.683 339.745 -5.28 7.854 340.782 -6.042 8.027 341.812 -8.61 8.61 342.578 -7.966 8.464 342.387 -7.359 8.326 340.923 -4.921 7.772 337.566 -7.324 8.318 342.196 -6.129 8.047 339.253 -6.682 8.172 342.004 -6.548 3.545 335.592 -6.454 3.604 335.678 -6.361 3.663 335.764 -6.083 3.839 335.536 -6.144 3.8 335.641 -6.205 3.761 335.745 -6.267 3.722 335.85 7.513 -3.781 338.703 7.772 -4.921 337.566 7.683 -4.526 339.745 8.047 -6.129 339.253 7.854 -5.28 340.782 8.027 -6.042 341.812 8.326 -7.359 340.923 8.172 -6.682 342.004 8.318 -7.324 342.196 8.464 -7.966 342.387 8.61 -8.61 342.578 5.611 -3.661 338.535 9.685 -1.169 343.966 8.052 0 341.343 6.712 0 340.049 9.409 0 342.628 10.784 0 343.903 12.766 -2.377 347.784 12.177 0 345.169 15.052 -1.811 349.254 16.874 -3.983 352.537 18.038 -3.692 353.233 21.132 -5.641 357.101 14.125 -1.227 345.446 16.128 -2.489 348.262 19.713 -4.747 353.006 23.454 -7.104 357.59 25.766 -8.56 361.699 27.346 -9.555 362.009 30.579 -11.591 366.109 31.385 -12.099 366.258 35.562 -14.73 370.326 7.249 -3.003 340.776 11.455 -4.745 346.188 15.895 -6.584 351.438 20.559 -8.516 356.507 25.438 -10.537 361.385 30.408 -12.596 365.959 -6.556 1.379 338.535 -7.249 3.003 340.776 -3.272 1.355 335.193 -9.948 1.404 341.812 -10.504 1.054 342.004 -11.455 4.745 346.188 -11.06 0.703 342.196 -11.618 0.352 342.387 -14.125 1.227 345.446 -16.128 2.489 348.262 -15.895 6.584 351.438 -19.713 4.747 353.006 -20.559 8.516 356.507 -23.454 7.104 357.59 -25.438 10.537 361.385 -27.346 9.555 362.009 -30.408 12.596 365.959 -31.385 12.099 366.258 -35.562 14.73 370.326 -9.685 1.169 343.966 -8.052 0 341.343 -6.712 0 340.049 -9.409 0 342.628 -10.784 0 343.903 -12.766 2.377 347.784 -12.177 0 345.169 -15.052 1.811 349.254 -16.874 3.983 352.537 -18.038 3.692 353.233 -21.132 5.641 357.101 -25.766 8.56 361.699 -30.579 11.591 366.109 -6.554 -1.379 338.532 -4.281 -1.773 335.812 -3.272 -1.355 335.193 -5.296 -2.194 336.428 -6.318 -2.617 337.043 -7.986 -2.64 338.703 -7.346 -3.043 337.656 -8.633 -2.232 339.745 -9.287 -1.82 340.782 -9.948 -1.404 341.812 -7.795 -2.76 335.797 -7.645 -2.854 335.729 -7.496 -2.949 335.66 -10.504 -1.054 342.004 -11.06 -0.703 342.196 -11.618 -0.352 342.387 -6.144 -3.8 335.641 -6.083 -3.839 335.536 -6.205 -3.761 335.745 -6.267 -3.722 335.85 -6.361 -3.663 335.764 -6.454 -3.604 335.678 -6.548 -3.545 335.592 -9.685 -1.169 343.966 -12.766 -2.377 347.784 -16.874 -3.983 352.537 -21.132 -5.641 357.101 -25.766 -8.56 361.699 -30.579 -11.591 366.109 -35.562 -14.73 370.326 -39.089 -15.531 373.114 -41.088 15.985 374.627 -42.691 -16.349 375.806 -46.792 17.28 378.689 -47.866 -17.524 379.415 -52.669 18.615 382.51 -53.178 -18.73 382.825 -58.706 19.986 386.08 -58.619 -19.966 386.031 -64.18 -21.229 389.027 -64.892 21.39 389.391 -69.854 -22.517 391.81 -71.215 22.826 392.438 -75.634 -23.83 394.375 -76.326 23.987 394.664 -81.509 -25.164 396.717 -81.509 25.164 396.717 -81.867 25.238 396.851 -81.965 -25.256 396.888 -82.228 25.298 396.986 -82.424 -25.325 397.059 -82.688 25.355 397.156 -82.886 -25.372 397.229 -83.152 25.389 397.326 -83.251 -25.393 397.362 -83.618 25.4 397.495 -83.618 -25.4 397.495 -88.92 -25.4 399.309 -88.92 25.4 399.309 -94.282 -25.4 400.942 -94.282 25.4 400.942 -99.695 25.4 402.392 -99.695 -25.4 402.392 -99.978 25.396 402.462 -100.154 -25.389 402.506 -100.259 25.384 402.532 -100.609 -25.357 402.617 -100.713 25.347 402.643 -101.06 -25.303 402.727 -101.164 25.288 402.751 -101.508 -25.228 402.834 -101.61 25.207 402.858 -101.951 -25.131 402.938 -102.053 25.105 402.962 -102.391 -25.012 403.041 -102.492 24.981 403.065 -102.827 -24.871 403.142 -102.927 24.835 403.165 -103.094 -24.773 403.202 -103.358 24.667 403.262 -103.358 -24.667 403.262 -109.126 -22.264 404.456 -110.242 21.799 404.663 -114.933 -19.845 405.444 -117.179 18.909 405.769 -121.209 -17.23 406.273 -124.165 15.998 406.579 -127.515 -14.602 406.862 -128.997 13.985 406.965 -133.838 -11.967 407.208 -133.838 11.967 407.208 -134.139 11.836 407.218 -134.226 -11.796 407.221 -134.435 11.694 407.228 -134.604 -11.608 407.233 -134.809 11.496 407.239 -134.973 -11.404 407.244 -135.174 11.281 407.25 -135.331 -11.185 407.254 -135.529 11.051 407.259 -135.678 -10.95 407.263 -135.873 10.805 407.267 -136.015 -10.7 407.271 -136.205 10.545 407.275 -136.341 -10.435 407.278 -136.526 10.271 407.281 -136.655 -10.156 407.284 -136.834 9.983 407.287 -136.957 -9.862 407.289 -137.129 9.682 407.292 -139.663 4.021 407.312 -139.7 3.175 407.312 -139.691 3.599 407.312 -139.616 4.44 407.312 -139.551 4.855 407.312 -139.468 5.266 407.312 -139.367 5.674 407.311 -139.247 6.076 407.311 -139.11 6.474 407.311 -138.955 6.866 407.31 -137.246 -9.556 407.293 -137.411 9.368 407.296 -137.522 -9.237 407.297 -137.678 9.042 407.299 -137.783 -8.906 407.301 -137.93 8.705 407.302 -138.029 -8.563 407.303 -138.168 8.356 407.305 -138.26 -8.211 407.306 -138.389 7.997 407.307 -138.474 -7.848 407.307 -138.594 7.628 407.308 -138.673 -7.476 407.309 -138.783 7.251 407.309 -138.854 -7.096 407.31 -139.019 -6.708 407.311 -139.7 -3.175 407.312 -139.166 -6.313 407.311 -139.677 -3.836 407.312 -139.694 -3.506 407.312 -139.296 -5.912 407.312 -139.637 -4.258 407.312 -139.409 -5.505 407.312 -139.579 -4.678 407.312 -139.503 -5.093 407.312 -3.872 -1.604 338.833 -3.872 1.604 338.833 -7.976 3.304 344.357 -7.976 -3.304 344.357 -12.319 -5.103 349.723 -12.319 5.103 349.723 -16.887 6.995 354.914 -16.887 -6.995 354.914 -21.675 -8.978 359.919 -21.675 8.978 359.919 -26.675 -11.049 364.728 -26.675 11.049 364.728 -31.051 -12.862 368.625 -31.051 12.862 368.625 -35.562 14.73 372.365 -35.562 -14.73 372.365 -38.954 -15.501 375.009 -41.148 15.999 376.645 -42.414 -16.286 377.564 -46.91 17.307 380.685 -47.632 -17.471 381.165 -52.843 18.654 384.481 -52.985 -18.686 384.568 -58.466 -19.931 387.765 -58.934 20.037 388.025 -64.067 -21.203 390.752 -65.173 21.454 391.31 -69.779 -22.5 393.525 -71.547 22.902 394.33 -75.597 -23.821 396.081 -76.495 24.025 396.451 -81.509 -25.164 398.412 -81.509 25.164 398.412 -81.867 -25.238 398.545 -81.965 25.256 398.581 -82.228 -25.298 398.678 -82.424 25.325 398.75 -82.688 -25.355 398.846 -82.886 25.372 398.918 -83.152 -25.389 399.014 -83.251 25.393 399.05 -83.618 -25.4 399.182 -83.618 25.4 399.182 -88.922 -25.4 400.977 -88.922 25.4 400.977 -94.283 -25.4 402.593 -94.283 25.4 402.593 -99.695 -25.4 404.028 -99.695 25.4 404.028 -99.978 -25.396 404.097 -100.154 25.389 404.14 -100.259 -25.384 404.166 -100.609 25.357 404.251 -100.713 -25.347 404.276 -101.06 25.303 404.359 -101.164 -25.288 404.384 -101.508 25.228 404.465 -101.61 -25.207 404.489 -101.952 25.131 404.569 -102.053 -25.105 404.592 -102.391 25.012 404.67 -102.492 -24.981 404.694 -102.827 24.871 404.77 -102.927 -24.835 404.793 -103.094 24.773 404.83 -103.358 -24.667 404.889 -103.358 24.667 404.889 -109.081 -22.283 406.063 -110.278 21.784 406.282 -114.841 -19.883 407.035 -117.251 18.879 407.381 -121.148 -17.255 407.864 -124.271 15.954 408.184 -127.484 -14.615 408.451 -129.05 13.962 408.559 -133.838 -11.967 408.796 -133.838 11.967 408.796 -134.139 -11.836 408.807 -134.226 11.796 408.809 -134.435 -11.694 408.816 -134.604 11.608 408.821 -134.809 -11.496 408.827 -134.973 11.404 408.832 -135.174 -11.281 408.838 -135.331 11.185 408.842 -135.529 -11.051 408.847 -135.678 10.95 408.851 -135.873 -10.805 408.855 -136.015 10.7 408.859 -136.205 -10.545 408.862 -136.341 10.435 408.865 -136.526 -10.271 408.869 -136.655 10.156 408.871 -136.834 -9.983 408.875 -136.957 9.862 408.877 -137.129 -9.682 408.879 -137.246 9.556 408.881 -139.7 3.175 408.899 -139.019 6.708 408.898 -139.166 6.313 408.899 -139.296 5.912 408.899 -139.409 5.505 408.9 -139.503 5.093 408.9 -139.58 4.677 408.9 -139.637 4.258 408.9 -139.677 3.836 408.899 -139.694 3.506 408.899 -137.411 -9.368 408.883 -137.522 9.237 408.885 -137.678 -9.042 408.887 -137.783 8.906 408.888 -137.93 -8.705 408.89 -138.029 8.563 408.891 -138.168 -8.356 408.892 -138.26 8.211 408.893 -138.389 -7.997 408.894 -138.474 7.848 408.895 -138.594 -7.628 408.896 -138.673 7.476 408.896 -138.783 -7.251 408.897 -138.854 7.096 408.898 -138.955 -6.866 408.898 -139.7 -3.175 408.899 -139.11 -6.474 408.898 -139.247 -6.076 408.899 -139.663 -4.021 408.899 -139.691 -3.599 408.899 -139.367 -5.674 408.899 -139.616 -4.44 408.899 -139.468 -5.266 408.899 -139.551 -4.855 408.899 -15.052 -1.811 349.254 -18.038 -3.692 353.233 -7.249 -3.003 340.776 -11.455 -4.745 346.188 -15.96 -2.383 348.031 -15.895 -6.584 351.438 -19.941 -4.891 353.295 -20.559 -8.516 356.507 -24.115 -7.52 358.365 -25.438 -10.537 361.385 -28.475 -10.266 363.23 -30.408 -12.596 365.959 -31.968 -12.466 366.845 -7.513 -3.781 338.703 -5.611 -3.661 338.535 -7.683 -4.526 339.745 -7.854 -5.28 340.782 -8.027 -6.042 341.812 -8.61 -8.61 342.578 -8.464 -7.966 342.387 -8.326 -7.359 340.923 -7.772 -4.921 337.566 -8.318 -7.324 342.196 -8.047 -6.129 339.253 -8.172 -6.682 342.004 -3.545 -6.548 335.592 -3.604 -6.454 335.678 -3.663 -6.361 335.764 -3.839 -6.083 335.536 -3.8 -6.144 335.641 -3.761 -6.205 335.745 -3.722 -6.267 335.85 -1.873 -7.08 335.469 -2.052 -7.121 335.488 -1.379 -6.556 338.535 -3.003 -7.249 340.776 -1.355 -3.272 335.193 -1.404 -9.948 341.812 -1.054 -10.504 342.004 -4.745 -11.455 346.188 -0.703 -11.06 342.196 -0.352 -11.618 342.387 -1.227 -14.125 345.446 -2.489 -16.128 348.262 -6.584 -15.895 351.438 -4.747 -19.713 353.006 -8.516 -20.559 356.507 -7.104 -23.454 357.59 -10.537 -25.438 361.385 -9.555 -27.346 362.009 -12.596 -30.408 365.959 -12.099 -31.385 366.258 -14.73 -35.562 370.326 -1.169 -9.685 343.966 0 -8.052 341.343 0 -6.712 340.049 0 -9.409 342.628 0 -10.784 343.903 -2.377 -12.766 347.784 0 -12.177 345.169 -1.811 -15.052 349.254 -3.983 -16.874 352.537 -3.692 -18.038 353.233 -5.641 -21.132 357.101 -8.56 -25.766 361.699 -11.591 -30.579 366.109 1.604 -3.872 338.833 -1.604 -3.872 338.833 -3.304 -7.976 344.357 3.304 -7.976 344.357 5.103 -12.319 349.723 -5.103 -12.319 349.723 -6.995 -16.887 354.914 6.995 -16.887 354.914 8.978 -21.675 359.919 -8.978 -21.675 359.919 11.049 -26.675 364.728 -11.049 -26.675 364.728 12.862 -31.051 368.625 -12.862 -31.051 368.625 -14.73 -35.562 372.365 14.73 -35.562 372.365 15.501 -38.954 375.009 -15.999 -41.148 376.645 16.286 -42.414 377.564 -17.307 -46.91 380.685 17.471 -47.632 381.165 -18.654 -52.843 384.481 18.686 -52.985 384.568 19.931 -58.466 387.765 -20.037 -58.934 388.025 21.203 -64.067 390.752 -21.454 -65.173 391.31 22.5 -69.779 393.525 -22.902 -71.547 394.33 23.821 -75.597 396.081 -24.025 -76.495 396.451 25.164 -81.509 398.412 -25.164 -81.509 398.412 25.238 -81.867 398.545 -25.256 -81.965 398.581 25.298 -82.228 398.678 -25.325 -82.424 398.75 25.355 -82.688 398.846 -25.372 -82.886 398.918 25.389 -83.152 399.014 -25.393 -83.251 399.05 25.4 -83.618 399.182 -25.4 -83.618 399.182 25.4 -88.922 400.977 -25.4 -88.922 400.977 25.4 -94.283 402.593 -25.4 -94.283 402.593 25.4 -99.695 404.028 -25.4 -99.695 404.028 25.396 -99.978 404.097 -25.389 -100.154 404.14 25.384 -100.259 404.166 -25.357 -100.609 404.251 25.347 -100.713 404.276 -25.303 -101.06 404.359 25.288 -101.164 404.384 -25.228 -101.508 404.465 25.207 -101.61 404.489 -25.131 -101.952 404.569 25.105 -102.053 404.592 -25.012 -102.391 404.67 24.981 -102.492 404.694 -24.871 -102.827 404.77 24.835 -102.927 404.793 -24.773 -103.094 404.83 24.667 -103.358 404.889 -24.667 -103.358 404.889 22.283 -109.081 406.063 -21.784 -110.278 406.282 19.883 -114.841 407.035 -18.879 -117.251 407.381 17.255 -121.148 407.864 -15.954 -124.271 408.184 14.615 -127.484 408.451 -13.962 -129.05 408.559 11.967 -133.838 408.796 -11.967 -133.838 408.796 11.836 -134.139 408.807 -11.796 -134.226 408.809 11.694 -134.435 408.816 -11.608 -134.604 408.821 11.496 -134.809 408.827 -11.404 -134.973 408.832 11.281 -135.174 408.838 -11.185 -135.331 408.842 11.051 -135.529 408.847 -10.95 -135.678 408.851 10.805 -135.873 408.855 -10.7 -136.015 408.859 10.545 -136.205 408.862 -10.435 -136.341 408.865 10.271 -136.526 408.869 -10.156 -136.655 408.871 9.983 -136.834 408.875 -9.862 -136.957 408.877 9.682 -137.129 408.879 -9.556 -137.246 408.881 -3.175 -139.7 408.899 -6.708 -139.019 408.898 -6.313 -139.166 408.899 -5.912 -139.296 408.899 -5.505 -139.409 408.9 -5.093 -139.503 408.9 -4.677 -139.58 408.9 -4.258 -139.637 408.9 -3.836 -139.677 408.899 -3.506 -139.694 408.899 9.368 -137.411 408.883 -9.237 -137.522 408.885 9.042 -137.678 408.887 -8.906 -137.783 408.888 8.705 -137.93 408.89 -8.563 -138.029 408.891 8.356 -138.168 408.892 -8.211 -138.26 408.893 7.997 -138.389 408.894 -7.848 -138.474 408.895 7.628 -138.594 408.896 -7.476 -138.673 408.896 7.251 -138.783 408.897 -7.096 -138.854 408.898 6.866 -138.955 408.898 3.175 -139.7 408.899 6.474 -139.11 408.898 6.076 -139.247 408.899 4.021 -139.663 408.899 3.599 -139.691 408.899 5.674 -139.367 408.899 4.44 -139.616 408.899 5.266 -139.468 408.899 4.855 -139.551 408.899 1.169 -9.685 343.966 2.377 -12.766 347.784 3.983 -16.874 352.537 5.641 -21.132 357.101 8.56 -25.766 361.699 11.591 -30.579 366.109 14.73 -35.562 370.326 15.531 -39.089 373.114 -15.985 -41.088 374.627 16.349 -42.691 375.806 -17.28 -46.792 378.689 17.524 -47.866 379.415 -18.615 -52.669 382.51 18.73 -53.178 382.825 -19.986 -58.706 386.08 19.966 -58.619 386.031 21.229 -64.18 389.027 -21.39 -64.892 389.391 22.517 -69.854 391.81 -22.826 -71.215 392.438 23.83 -75.634 394.375 -23.987 -76.326 394.664 25.164 -81.509 396.717 -25.164 -81.509 396.717 -25.238 -81.867 396.851 25.256 -81.965 396.888 -25.298 -82.228 396.986 25.325 -82.424 397.059 -25.355 -82.688 397.156 25.372 -82.886 397.229 -25.389 -83.152 397.326 25.393 -83.251 397.362 -25.4 -83.618 397.495 25.4 -83.618 397.495 25.4 -88.92 399.309 -25.4 -88.92 399.309 25.4 -94.282 400.942 -25.4 -94.282 400.942 -25.4 -99.695 402.392 25.4 -99.695 402.392 -25.396 -99.978 402.462 25.389 -100.154 402.506 -25.384 -100.259 402.532 25.357 -100.609 402.617 -25.347 -100.713 402.643 25.303 -101.06 402.727 -25.288 -101.164 402.751 25.228 -101.508 402.834 -25.207 -101.61 402.858 25.131 -101.951 402.938 -25.105 -102.053 402.962 25.012 -102.391 403.041 -24.981 -102.492 403.065 24.871 -102.827 403.142 -24.835 -102.927 403.165 24.773 -103.094 403.202 -24.667 -103.358 403.262 24.667 -103.358 403.262 22.264 -109.126 404.456 -21.799 -110.242 404.663 19.845 -114.933 405.444 -18.909 -117.179 405.769 17.23 -121.209 406.273 -15.998 -124.165 406.579 14.602 -127.515 406.862 -13.985 -128.997 406.965 11.967 -133.838 407.208 -11.967 -133.838 407.208 -11.836 -134.139 407.218 11.796 -134.226 407.221 -11.694 -134.435 407.228 11.608 -134.604 407.233 -11.496 -134.809 407.239 11.404 -134.973 407.244 -11.281 -135.174 407.25 11.185 -135.331 407.254 -11.051 -135.529 407.259 10.95 -135.678 407.263 -10.805 -135.873 407.267 10.7 -136.015 407.271 -10.545 -136.205 407.275 10.435 -136.341 407.278 -10.271 -136.526 407.281 10.156 -136.655 407.284 -9.983 -136.834 407.287 9.862 -136.957 407.289 -9.682 -137.129 407.292 -4.021 -139.663 407.312 -3.175 -139.7 407.312 -3.599 -139.691 407.312 -4.44 -139.616 407.312 -4.855 -139.551 407.312 -5.266 -139.468 407.312 -5.674 -139.367 407.311 -6.076 -139.247 407.311 -6.474 -139.11 407.311 -6.866 -138.955 407.31 9.556 -137.246 407.293 -9.368 -137.411 407.296 9.237 -137.522 407.297 -9.042 -137.678 407.299 8.906 -137.783 407.301 -8.705 -137.93 407.302 8.563 -138.029 407.303 -8.356 -138.168 407.305 8.211 -138.26 407.306 -7.997 -138.389 407.307 7.848 -138.474 407.307 -7.628 -138.594 407.308 7.476 -138.673 407.309 -7.251 -138.783 407.309 7.096 -138.854 407.31 6.708 -139.019 407.311 3.175 -139.7 407.312 6.313 -139.166 407.311 3.836 -139.677 407.312 3.506 -139.694 407.312 5.912 -139.296 407.312 4.258 -139.637 407.312 5.505 -139.409 407.312 4.678 -139.579 407.312 5.093 -139.503 407.312 1.379 -6.554 338.532 3.003 -7.249 340.776 1.404 -9.948 341.812 1.355 -3.272 335.193 4.745 -11.455 346.188 2.383 -15.96 348.031 0.352 -11.618 342.387 0.703 -11.06 342.196 1.054 -10.504 342.004 6.584 -15.895 351.438 4.891 -19.941 353.295 8.516 -20.559 356.507 7.52 -24.115 358.365 10.537 -25.438 361.385 10.266 -28.475 363.23 12.596 -30.408 365.959 12.466 -31.968 366.845 1.811 -15.052 349.254 3.692 -18.038 353.233 8.61 -8.61 345.169 9.12 -10.856 345.446 9.363 -11.924 349.254 9.644 -13.164 348.262 10.144 -15.366 353.233 10.583 -17.296 353.006 10.954 -18.931 357.101 11.562 -21.608 357.59 12.167 -24.272 361.699 12.58 -26.093 362.009 13.426 -29.819 366.109 13.637 -30.748 366.258 6.022 -7.675 343.966 5.693 -5.693 341.343 4.746 -4.746 340.049 6.653 -6.653 342.628 7.626 -7.626 343.903 7.346 -10.708 347.784 9.115 -14.748 352.537 3.661 -5.611 338.535 6.042 -8.027 341.812 6.682 -8.172 342.004 7.324 -8.318 342.196 7.966 -8.464 342.387 103.1 -86.176 407.208 103.1 -86.176 408.796 103.22 -86.482 408.807 103.253 -86.572 407.221 103.329 -86.791 408.816 103.388 -86.972 407.233 103.453 -87.196 408.827 103.504 -87.376 407.244 103.56 -87.606 408.838 103.602 -87.784 407.254 103.648 -88.019 408.847 103.682 -88.196 407.263 103.717 -88.436 408.855 103.743 -88.611 407.271 103.768 -88.855 408.862 103.786 -89.029 407.278 103.801 -89.276 408.869 103.811 -89.449 407.284 103.815 -89.697 408.875 103.817 -89.87 407.289 103.811 -90.119 408.879 103.805 -90.291 407.293 103.788 -90.54 408.883 103.774 -90.711 407.297 103.747 -90.959 408.887 103.725 -91.13 407.301 103.687 -91.377 408.89 103.657 -91.546 407.303 103.608 -91.791 408.892 103.57 -91.959 407.306 103.511 -92.201 408.894 103.466 -92.367 407.307 103.395 -92.607 408.896 103.343 -92.77 407.309 103.262 -93.007 408.897 103.202 -93.167 407.31 103.111 -93.401 408.898 103.044 -93.558 407.311 102.943 -93.788 408.898 102.869 -93.941 407.311 102.759 -94.166 408.899 102.678 -94.317 407.312 102.559 -94.535 408.899 102.469 -94.684 407.312 102.343 -94.895 408.899 102.245 -95.042 407.312 102.111 -95.245 408.899 102.005 -95.39 407.312 101.863 -95.584 408.899 101.75 -95.728 407.312 101.6 -95.913 408.899 101.479 -96.054 407.312 101.321 -96.231 408.899 101.258 -96.3 407.312 101.028 -96.538 408.899 101.028 -96.538 407.312 96.538 -101.028 407.312 96.538 -101.028 408.899 96.3 -101.258 408.899 96.231 -101.321 407.312 96.054 -101.479 408.899 95.913 -101.6 407.312 95.728 -101.75 408.9 95.584 -101.863 407.312 95.39 -102.005 408.9 95.245 -102.111 407.312 95.042 -102.245 408.9 94.895 -102.343 407.312 94.684 -102.469 408.9 94.535 -102.559 407.311 94.317 -102.678 408.899 94.166 -102.759 407.311 93.941 -102.869 408.899 93.788 -102.943 407.311 93.558 -103.044 408.898 93.401 -103.111 407.31 93.167 -103.202 408.898 93.007 -103.262 407.309 92.77 -103.343 408.896 92.607 -103.395 407.308 92.367 -103.466 408.895 92.201 -103.511 407.307 91.959 -103.57 408.893 91.791 -103.608 407.305 91.546 -103.657 408.891 91.377 -103.687 407.302 91.13 -103.725 408.888 90.959 -103.747 407.299 90.711 -103.774 408.885 90.54 -103.788 407.296 90.291 -103.805 408.881 90.119 -103.811 407.292 89.87 -103.817 408.877 89.697 -103.815 407.287 89.449 -103.811 408.871 89.276 -103.801 407.281 89.029 -103.786 408.865 88.855 -103.768 407.275 88.611 -103.743 408.859 88.436 -103.717 407.267 88.196 -103.682 408.851 88.019 -103.648 407.259 87.784 -103.602 408.842 87.606 -103.56 407.25 87.376 -103.504 408.832 87.196 -103.453 407.239 86.972 -103.388 408.821 86.791 -103.329 407.228 86.572 -103.253 408.809 86.482 -103.22 407.218 86.176 -103.1 408.796 86.176 -103.1 407.208 88.456 -52.535 402.392 88.456 -52.535 404.028 88.653 -52.737 404.097 88.772 -52.867 402.506 88.843 -52.945 404.166 89.071 -53.211 402.617 89.138 -53.292 404.276 89.352 -53.568 402.727 89.415 -53.652 404.384 89.616 -53.938 402.834 89.674 -54.025 404.489 89.861 -54.321 402.938 89.915 -54.411 404.592 90.087 -54.716 403.041 90.137 -54.809 404.694 90.296 -55.124 403.142 90.342 -55.219 404.793 90.415 -55.381 403.202 90.528 -55.643 404.889 90.528 -55.643 403.262 76.75 -40.845 399.014 77.087 -41.166 399.182 77.087 -41.166 397.495 76.823 -40.912 397.362 76.55 -40.669 397.229 76.398 -40.541 398.846 76.19 -40.375 397.059 76.032 -40.255 398.678 75.816 -40.1 396.888 75.735 -40.043 398.545 75.429 -39.842 398.412 75.429 -39.842 396.717 41.166 -77.087 397.495 41.166 -77.087 399.182 40.912 -76.823 399.05 40.845 -76.75 397.326 40.669 -76.55 398.918 40.541 -76.398 397.156 40.375 -76.19 398.75 40.255 -76.032 396.986 40.1 -75.816 398.581 40.043 -75.735 396.851 39.842 -75.429 398.412 39.842 -75.429 396.717 52.535 -88.456 404.028 52.535 -88.456 402.392 52.737 -88.653 402.462 52.867 -88.772 404.14 52.945 -88.843 402.532 53.211 -89.071 404.251 53.292 -89.138 402.643 53.568 -89.353 404.359 53.652 -89.415 402.751 53.938 -89.616 404.465 54.025 -89.674 402.858 54.321 -89.861 404.569 54.411 -89.914 402.962 54.716 -90.087 404.67 54.809 -90.137 403.065 55.124 -90.296 404.77 55.219 -90.342 403.165 55.381 -90.415 404.83 55.643 -90.528 403.262 55.643 -90.528 404.889 81.38 -101.125 408.559 81.326 -101.103 406.965 76.592 -99.154 408.184 76.485 -99.11 406.579 69.559 -96.258 407.381 69.488 -96.229 405.769 62.575 -93.382 406.282 62.539 -93.367 404.663 92.907 -61.421 404.456 92.888 -61.375 406.063 95.302 -67.237 405.444 95.264 -67.145 407.035 97.891 -73.524 406.273 97.866 -73.463 407.864 100.492 -79.841 406.862 100.479 -79.811 408.451 84.628 -48.707 402.593 84.628 -48.707 400.942 80.838 -44.917 400.977 80.837 -44.916 399.309 48.707 -84.628 402.593 48.707 -84.628 400.942 44.917 -80.838 400.977 44.916 -80.837 399.309 35.562 -14.73 372.365 38.622 -16.658 373.114 38.505 -16.584 375.009 41.748 -18.627 375.806 41.507 -18.475 377.564 46.238 -21.455 379.415 46.034 -21.327 381.165 50.847 -24.358 382.825 50.679 -24.252 384.568 55.568 -27.332 386.031 55.435 -27.248 387.765 60.393 -30.371 389.027 60.295 -30.309 390.752 65.316 -33.472 391.81 65.251 -33.431 393.525 70.332 -36.631 394.375 70.3 -36.611 396.081 37.102 -71.078 396.451 37.009 -70.932 394.664 34.398 -66.785 394.33 34.216 -66.497 392.438 30.914 -61.254 391.31 30.76 -61.01 389.391 27.504 -55.841 388.025 27.379 -55.643 386.08 24.175 -50.556 384.481 24.08 -50.405 382.51 20.932 -45.408 380.685 20.868 -45.306 378.689 17.783 -40.409 376.645 17.751 -40.357 374.627 3.872 -1.604 338.833 7.976 -3.304 344.357 12.319 -5.103 349.723 16.887 -6.995 354.914 21.675 -8.978 359.919 26.675 -11.049 364.728 31.051 -12.862 368.625 7.675 -6.022 343.966 10.708 -7.346 347.784 14.748 -9.115 352.537 18.931 -10.954 357.101 24.272 -12.167 361.699 29.819 -13.426 366.109 -86.176 -103.1 407.208 -86.176 -103.1 408.796 -86.482 -103.22 408.807 -86.572 -103.253 407.221 -86.791 -103.329 408.816 -86.972 -103.388 407.233 -87.196 -103.453 408.827 -87.376 -103.504 407.244 -87.606 -103.56 408.838 -87.784 -103.602 407.254 -88.019 -103.648 408.847 -88.196 -103.682 407.263 -88.436 -103.717 408.855 -88.611 -103.743 407.271 -88.855 -103.768 408.862 -89.029 -103.786 407.278 -89.276 -103.801 408.869 -89.449 -103.811 407.284 -89.697 -103.815 408.875 -89.87 -103.817 407.289 -90.119 -103.811 408.879 -90.291 -103.805 407.293 -90.54 -103.788 408.883 -90.711 -103.774 407.297 -90.959 -103.747 408.887 -91.13 -103.725 407.301 -91.377 -103.687 408.89 -91.546 -103.657 407.303 -91.791 -103.608 408.892 -91.959 -103.57 407.306 -92.201 -103.511 408.894 -92.367 -103.466 407.307 -92.607 -103.395 408.896 -92.77 -103.343 407.309 -93.007 -103.262 408.897 -93.167 -103.202 407.31 -93.401 -103.111 408.898 -93.558 -103.044 407.311 -93.788 -102.943 408.898 -93.941 -102.869 407.311 -94.166 -102.759 408.899 -94.317 -102.678 407.312 -94.535 -102.559 408.899 -94.684 -102.469 407.312 -94.895 -102.343 408.899 -95.042 -102.245 407.312 -95.245 -102.111 408.899 -95.39 -102.005 407.312 -95.584 -101.863 408.899 -95.728 -101.75 407.312 -95.913 -101.6 408.899 -96.054 -101.479 407.312 -96.231 -101.321 408.899 -96.3 -101.258 407.312 -96.538 -101.028 408.899 -96.538 -101.028 407.312 -101.028 -96.538 407.312 -101.028 -96.538 408.899 -101.258 -96.3 408.899 -101.321 -96.231 407.312 -101.479 -96.054 408.899 -101.6 -95.913 407.312 -101.75 -95.728 408.9 -101.863 -95.584 407.312 -102.005 -95.39 408.9 -102.111 -95.245 407.312 -102.245 -95.042 408.9 -102.343 -94.895 407.312 -102.469 -94.684 408.9 -102.559 -94.535 407.311 -102.678 -94.317 408.899 -102.759 -94.166 407.311 -102.869 -93.941 408.899 -102.943 -93.788 407.311 -103.044 -93.558 408.898 -103.111 -93.401 407.31 -103.202 -93.167 408.898 -103.262 -93.007 407.309 -103.343 -92.77 408.896 -103.395 -92.607 407.308 -103.466 -92.367 408.895 -103.511 -92.201 407.307 -103.57 -91.959 408.893 -103.608 -91.791 407.305 -103.657 -91.546 408.891 -103.687 -91.377 407.302 -103.725 -91.13 408.888 -103.747 -90.959 407.299 -103.774 -90.711 408.885 -103.788 -90.54 407.296 -103.805 -90.291 408.881 -103.811 -90.119 407.292 -103.817 -89.87 408.877 -103.815 -89.697 407.287 -103.811 -89.449 408.871 -103.801 -89.276 407.281 -103.786 -89.029 408.865 -103.768 -88.855 407.275 -103.743 -88.611 408.859 -103.717 -88.436 407.267 -103.682 -88.196 408.851 -103.648 -88.019 407.259 -103.602 -87.784 408.842 -103.56 -87.606 407.25 -103.504 -87.376 408.832 -103.453 -87.196 407.239 -103.388 -86.972 408.821 -103.329 -86.791 407.228 -103.253 -86.572 408.809 -103.22 -86.482 407.218 -103.1 -86.176 408.796 -103.1 -86.176 407.208 -52.535 -88.456 402.392 -52.535 -88.456 404.028 -52.737 -88.653 404.097 -52.867 -88.772 402.506 -52.945 -88.843 404.166 -53.211 -89.071 402.617 -53.292 -89.138 404.276 -53.568 -89.352 402.727 -53.652 -89.415 404.384 -53.938 -89.616 402.834 -54.025 -89.674 404.489 -54.321 -89.861 402.938 -54.411 -89.915 404.592 -54.716 -90.087 403.041 -54.809 -90.137 404.694 -55.124 -90.296 403.142 -55.219 -90.342 404.793 -55.381 -90.415 403.202 -55.643 -90.528 404.889 -55.643 -90.528 403.262 -40.845 -76.75 399.014 -41.166 -77.087 399.182 -41.166 -77.087 397.495 -40.912 -76.823 397.362 -40.669 -76.55 397.229 -40.541 -76.398 398.846 -40.375 -76.19 397.059 -40.255 -76.032 398.678 -40.1 -75.816 396.888 -40.043 -75.735 398.545 -39.842 -75.429 398.412 -39.842 -75.429 396.717 -77.087 -41.166 397.495 -77.087 -41.166 399.182 -76.823 -40.912 399.05 -76.75 -40.845 397.326 -76.55 -40.669 398.918 -76.398 -40.541 397.156 -76.19 -40.375 398.75 -76.032 -40.255 396.986 -75.816 -40.1 398.581 -75.735 -40.043 396.851 -75.429 -39.842 398.412 -75.429 -39.842 396.717 -88.456 -52.535 404.028 -88.456 -52.535 402.392 -88.653 -52.737 402.462 -88.772 -52.867 404.14 -88.843 -52.945 402.532 -89.071 -53.211 404.251 -89.138 -53.292 402.643 -89.353 -53.568 404.359 -89.415 -53.652 402.751 -89.616 -53.938 404.465 -89.674 -54.025 402.858 -89.861 -54.321 404.569 -89.914 -54.411 402.962 -90.087 -54.716 404.67 -90.137 -54.809 403.065 -90.296 -55.124 404.77 -90.342 -55.219 403.165 -90.415 -55.381 404.83 -90.528 -55.643 403.262 -90.528 -55.643 404.889 -101.125 -81.38 408.559 -101.103 -81.326 406.965 -99.154 -76.592 408.184 -99.11 -76.485 406.579 -96.258 -69.559 407.381 -96.229 -69.488 405.769 -93.382 -62.575 406.282 -93.367 -62.539 404.663 -61.421 -92.907 404.456 -61.375 -92.888 406.063 -67.237 -95.302 405.444 -67.145 -95.264 407.035 -73.524 -97.891 406.273 -73.463 -97.866 407.864 -79.841 -100.492 406.862 -79.811 -100.479 408.451 -48.707 -84.628 402.593 -48.707 -84.628 400.942 -44.917 -80.838 400.977 -44.916 -80.837 399.309 -84.628 -48.707 402.593 -84.628 -48.707 400.942 -80.838 -44.917 400.977 -80.837 -44.916 399.309 -16.658 -38.622 373.114 -16.584 -38.505 375.009 -18.627 -41.748 375.806 -18.475 -41.507 377.564 -21.455 -46.238 379.415 -21.327 -46.034 381.165 -24.358 -50.847 382.825 -24.252 -50.679 384.568 -27.332 -55.568 386.031 -27.248 -55.435 387.765 -30.371 -60.393 389.027 -30.309 -60.295 390.752 -33.472 -65.316 391.81 -33.431 -65.251 393.525 -36.631 -70.332 394.375 -36.611 -70.3 396.081 1.773 -4.281 335.812 2.194 -5.296 336.428 2.617 -6.318 337.043 2.64 -7.986 338.703 3.043 -7.346 337.656 2.232 -8.633 339.745 1.82 -9.287 340.782 2.76 -7.795 335.797 2.854 -7.645 335.729 2.949 -7.496 335.66 3.8 -6.144 335.641 3.839 -6.083 335.536 3.761 -6.205 335.745 3.722 -6.267 335.85 3.663 -6.361 335.764 3.604 -6.454 335.678 3.545 -6.548 335.592 -3.043 -7.346 337.656 -2.949 -7.496 335.66 -2.854 -7.645 335.729 -2.76 -7.795 335.797 -2.64 -7.986 338.703 -2.232 -8.633 339.745 -1.82 -9.287 340.782 -2.617 -6.318 337.043 -1.773 -4.281 335.812 -2.194 -5.296 336.428 -13.79 -31.42 366.845 -13.426 -29.819 366.109 -12.875 -27.394 363.23 -9.6 -12.971 348.031 -8.61 -8.61 345.169 -12.167 -24.272 361.699 -11.735 -22.37 358.365 -9.363 -11.924 349.254 -10.642 -17.559 353.295 -10.144 -15.366 353.233 -10.954 -18.931 357.101 -3.659 -5.609 338.532 -6.042 -8.027 341.812 -7.966 -8.464 342.387 -7.324 -8.318 342.196 -6.682 -8.172 342.004 -6.022 -7.675 343.966 -4.746 -4.746 340.049 -5.693 -5.693 341.343 -6.653 -6.653 342.628 -7.626 -7.626 343.903 -7.346 -10.708 347.784 -9.115 -14.748 352.537 -71.078 -37.102 396.451 -70.932 -37.009 394.664 -66.785 -34.398 394.33 -66.497 -34.216 392.438 -61.254 -30.914 391.31 -61.01 -30.76 389.391 -55.841 -27.504 388.025 -55.643 -27.379 386.08 -50.556 -24.175 384.481 -50.405 -24.08 382.51 -45.408 -20.932 380.685 -45.306 -20.868 378.689 -40.409 -17.783 376.645 -40.357 -17.751 374.627 -7.675 -6.022 343.966 -10.708 -7.346 347.784 -14.748 -9.115 352.537 -18.931 -10.954 357.101 -24.272 -12.167 361.699 -29.819 -13.426 366.109 -3.781 -7.513 338.703 -4.921 -7.772 337.566 -4.526 -7.683 339.745 -6.129 -8.047 339.253 -5.28 -7.854 340.782 -7.359 -8.326 340.923 -10.856 -9.12 345.446 -11.924 -9.363 349.254 -13.164 -9.644 348.262 -15.366 -10.144 353.233 -17.296 -10.583 353.006 -21.608 -11.562 357.59 -26.093 -12.58 362.009 -30.748 -13.637 366.258 -103.1 86.176 407.208 -103.1 86.176 408.796 -103.22 86.482 408.807 -103.253 86.572 407.221 -103.329 86.791 408.816 -103.388 86.972 407.233 -103.453 87.196 408.827 -103.504 87.376 407.244 -103.56 87.606 408.838 -103.602 87.784 407.254 -103.648 88.019 408.847 -103.682 88.196 407.263 -103.717 88.436 408.855 -103.743 88.611 407.271 -103.768 88.855 408.862 -103.786 89.029 407.278 -103.801 89.276 408.869 -103.811 89.449 407.284 -103.815 89.697 408.875 -103.817 89.87 407.289 -103.811 90.119 408.879 -103.805 90.291 407.293 -103.788 90.54 408.883 -103.774 90.711 407.297 -103.747 90.959 408.887 -103.725 91.13 407.301 -103.687 91.377 408.89 -103.657 91.546 407.303 -103.608 91.791 408.892 -103.57 91.959 407.306 -103.511 92.201 408.894 -103.466 92.367 407.307 -103.395 92.607 408.896 -103.343 92.77 407.309 -103.262 93.007 408.897 -103.202 93.167 407.31 -103.111 93.401 408.898 -103.044 93.558 407.311 -102.943 93.788 408.898 -102.869 93.941 407.311 -102.759 94.166 408.899 -102.678 94.317 407.312 -102.559 94.535 408.899 -102.469 94.684 407.312 -102.343 94.895 408.899 -102.245 95.042 407.312 -102.111 95.245 408.899 -102.005 95.39 407.312 -101.863 95.584 408.899 -101.75 95.728 407.312 -101.6 95.913 408.899 -101.479 96.054 407.312 -101.321 96.231 408.899 -101.258 96.3 407.312 -101.028 96.538 408.899 -101.028 96.538 407.312 -96.538 101.028 407.312 -96.538 101.028 408.899 -96.3 101.258 408.899 -96.231 101.321 407.312 -96.054 101.479 408.899 -95.913 101.6 407.312 -95.728 101.75 408.9 -95.584 101.863 407.312 -95.39 102.005 408.9 -95.245 102.111 407.312 -95.042 102.245 408.9 -94.895 102.343 407.312 -94.684 102.469 408.9 -94.535 102.559 407.311 -94.317 102.678 408.899 -94.166 102.759 407.311 -93.941 102.869 408.899 -93.788 102.943 407.311 -93.558 103.044 408.898 -93.401 103.111 407.31 -93.167 103.202 408.898 -93.007 103.262 407.309 -92.77 103.343 408.896 -92.607 103.395 407.308 -92.367 103.466 408.895 -92.201 103.511 407.307 -91.959 103.57 408.893 -91.791 103.608 407.305 -91.546 103.657 408.891 -91.377 103.687 407.302 -91.13 103.725 408.888 -90.959 103.747 407.299 -90.711 103.774 408.885 -90.54 103.788 407.296 -90.291 103.805 408.881 -90.119 103.811 407.292 -89.87 103.817 408.877 -89.697 103.815 407.287 -89.449 103.811 408.871 -89.276 103.801 407.281 -89.029 103.786 408.865 -88.855 103.768 407.275 -88.611 103.743 408.859 -88.436 103.717 407.267 -88.196 103.682 408.851 -88.019 103.648 407.259 -87.784 103.602 408.842 -87.606 103.56 407.25 -87.376 103.504 408.832 -87.196 103.453 407.239 -86.972 103.388 408.821 -86.791 103.329 407.228 -86.572 103.253 408.809 -86.482 103.22 407.218 -86.176 103.1 408.796 -86.176 103.1 407.208 -88.456 52.535 402.392 -88.456 52.535 404.028 -88.653 52.737 404.097 -88.772 52.867 402.506 -88.843 52.945 404.166 -89.071 53.211 402.617 -89.138 53.292 404.276 -89.352 53.568 402.727 -89.415 53.652 404.384 -89.616 53.938 402.834 -89.674 54.025 404.489 -89.861 54.321 402.938 -89.915 54.411 404.592 -90.087 54.716 403.041 -90.137 54.809 404.694 -90.296 55.124 403.142 -90.342 55.219 404.793 -90.415 55.381 403.202 -90.528 55.643 404.889 -90.528 55.643 403.262 -76.75 40.845 399.014 -77.087 41.166 399.182 -77.087 41.166 397.495 -76.823 40.912 397.362 -76.55 40.669 397.229 -76.398 40.541 398.846 -76.19 40.375 397.059 -76.032 40.255 398.678 -75.816 40.1 396.888 -75.735 40.043 398.545 -75.429 39.842 398.412 -75.429 39.842 396.717 -41.166 77.087 397.495 -41.166 77.087 399.182 -40.912 76.823 399.05 -40.845 76.75 397.326 -40.669 76.55 398.918 -40.541 76.398 397.156 -40.375 76.19 398.75 -40.255 76.032 396.986 -40.1 75.816 398.581 -40.043 75.735 396.851 -39.842 75.429 398.412 -39.842 75.429 396.717 -52.535 88.456 404.028 -52.535 88.456 402.392 -52.737 88.653 402.462 -52.867 88.772 404.14 -52.945 88.843 402.532 -53.211 89.071 404.251 -53.292 89.138 402.643 -53.568 89.353 404.359 -53.652 89.415 402.751 -53.938 89.616 404.465 -54.025 89.674 402.858 -54.321 89.861 404.569 -54.411 89.914 402.962 -54.716 90.087 404.67 -54.809 90.137 403.065 -55.124 90.296 404.77 -55.219 90.342 403.165 -55.381 90.415 404.83 -55.643 90.528 403.262 -55.643 90.528 404.889 -81.38 101.125 408.559 -81.326 101.103 406.965 -76.592 99.154 408.184 -76.485 99.11 406.579 -69.559 96.258 407.381 -69.488 96.229 405.769 -62.575 93.382 406.282 -62.539 93.367 404.663 -92.907 61.421 404.456 -92.888 61.375 406.063 -95.302 67.237 405.444 -95.264 67.145 407.035 -97.891 73.524 406.273 -97.866 73.463 407.864 -100.492 79.841 406.862 -100.479 79.811 408.451 -84.628 48.707 402.593 -84.628 48.707 400.942 -80.838 44.917 400.977 -80.837 44.916 399.309 -48.707 84.628 402.593 -48.707 84.628 400.942 -44.917 80.838 400.977 -44.916 80.837 399.309 -38.622 16.658 373.114 -38.505 16.584 375.009 -41.748 18.627 375.806 -41.507 18.475 377.564 -46.238 21.455 379.415 -46.034 21.327 381.165 -50.847 24.358 382.825 -50.679 24.252 384.568 -55.568 27.332 386.031 -55.435 27.248 387.765 -60.393 30.371 389.027 -60.295 30.309 390.752 -65.316 33.472 391.81 -65.251 33.431 393.525 -70.332 36.631 394.375 -70.3 36.611 396.081 -7.08 -1.873 335.469 -7.04 -1.695 335.45 -7.346 3.043 337.656 -7.496 2.949 335.66 -7.645 2.854 335.729 -7.795 2.76 335.797 -7.986 2.64 338.703 -8.633 2.232 339.745 -9.287 1.82 340.782 -6.318 2.617 337.043 -4.281 1.773 335.812 -5.296 2.194 336.428 -31.42 13.79 366.845 -29.819 13.426 366.109 -27.394 12.875 363.23 -12.971 9.6 348.031 -8.61 8.61 345.169 -24.272 12.167 361.699 -22.37 11.735 358.365 -11.924 9.363 349.254 -17.559 10.642 353.295 -15.366 10.144 353.233 -18.931 10.954 357.101 -7.674 6.021 343.965 -4.746 4.746 340.049 -5.693 5.693 341.343 -6.653 6.653 342.628 -7.626 7.626 343.903 -10.706 7.345 347.781 -14.747 9.115 352.536 -5.609 3.66 338.533 -8.027 6.042 341.812 -8.464 7.966 342.387 -8.318 7.324 342.196 -8.172 6.682 342.004 -37.102 71.078 396.451 -37.009 70.932 394.664 -34.398 66.785 394.33 -34.216 66.497 392.438 -30.914 61.254 391.31 -30.76 61.01 389.391 -27.504 55.841 388.025 -27.379 55.643 386.08 -24.175 50.556 384.481 -24.08 50.405 382.51 -20.932 45.408 380.685 -20.868 45.306 378.689 -17.783 40.409 376.645 -17.751 40.357 374.627 -6.021 7.674 343.965 -7.345 10.706 347.782 -9.115 14.748 352.536 -10.954 18.931 357.101 -12.167 24.272 361.699 -13.426 29.819 366.109 -7.08 1.873 335.469 -7.121 2.052 335.488 -7.513 3.781 338.703 -7.772 4.921 337.566 -7.683 4.526 339.745 -8.047 6.129 339.253 -7.854 5.28 340.782 -8.326 7.359 340.923 -9.12 10.856 345.446 -9.363 11.924 349.254 -9.644 13.164 348.262 -10.144 15.366 353.233 -10.583 17.296 353.006 -11.562 21.608 357.59 -12.58 26.093 362.009 -13.637 30.748 366.258 86.176 103.1 407.208 86.176 103.1 408.796 86.482 103.22 408.807 86.572 103.253 407.221 86.791 103.329 408.816 86.972 103.388 407.233 87.196 103.453 408.827 87.376 103.504 407.244 87.606 103.56 408.838 87.784 103.602 407.254 88.019 103.648 408.847 88.196 103.682 407.263 88.436 103.717 408.855 88.611 103.743 407.271 88.855 103.768 408.862 89.029 103.786 407.278 89.276 103.801 408.869 89.449 103.811 407.284 89.697 103.815 408.875 89.87 103.817 407.289 90.119 103.811 408.879 90.291 103.805 407.293 90.54 103.788 408.883 90.711 103.774 407.297 90.959 103.747 408.887 91.13 103.725 407.301 91.377 103.687 408.89 91.546 103.657 407.303 91.791 103.608 408.892 91.959 103.57 407.306 92.201 103.511 408.894 92.367 103.466 407.307 92.607 103.395 408.896 92.77 103.343 407.309 93.007 103.262 408.897 93.167 103.202 407.31 93.401 103.111 408.898 93.558 103.044 407.311 93.788 102.943 408.898 93.941 102.869 407.311 94.166 102.759 408.899 94.317 102.678 407.312 94.535 102.559 408.899 94.684 102.469 407.312 94.895 102.343 408.899 95.042 102.245 407.312 95.245 102.111 408.899 95.39 102.005 407.312 95.584 101.863 408.899 95.728 101.75 407.312 95.913 101.6 408.899 96.054 101.479 407.312 96.231 101.321 408.899 96.3 101.258 407.312 96.538 101.028 408.899 96.538 101.028 407.312 101.028 96.538 407.312 101.028 96.538 408.899 101.258 96.3 408.899 101.321 96.231 407.312 101.479 96.054 408.899 101.6 95.913 407.312 101.75 95.728 408.9 101.863 95.584 407.312 102.005 95.39 408.9 102.111 95.245 407.312 102.245 95.042 408.9 102.343 94.895 407.312 102.469 94.684 408.9 102.559 94.535 407.311 102.678 94.317 408.899 102.759 94.166 407.311 102.869 93.941 408.899 102.943 93.788 407.311 103.044 93.558 408.898 103.111 93.401 407.31 103.202 93.167 408.898 103.262 93.007 407.309 103.343 92.77 408.896 103.395 92.607 407.308 103.466 92.367 408.895 103.511 92.201 407.307 103.57 91.959 408.893 103.608 91.791 407.305 103.657 91.546 408.891 103.687 91.377 407.302 103.725 91.13 408.888 103.747 90.959 407.299 103.774 90.711 408.885 103.788 90.54 407.296 103.805 90.291 408.881 103.811 90.119 407.292 103.817 89.87 408.877 103.815 89.697 407.287 103.811 89.449 408.871 103.801 89.276 407.281 103.786 89.029 408.865 103.768 88.855 407.275 103.743 88.611 408.859 103.717 88.436 407.267 103.682 88.196 408.851 103.648 88.019 407.259 103.602 87.784 408.842 103.56 87.606 407.25 103.504 87.376 408.832 103.453 87.196 407.239 103.388 86.972 408.821 103.329 86.791 407.228 103.253 86.572 408.809 103.22 86.482 407.218 103.1 86.176 408.796 103.1 86.176 407.208 52.535 88.456 402.392 52.535 88.456 404.028 52.737 88.653 404.097 52.867 88.772 402.506 52.945 88.843 404.166 53.211 89.071 402.617 53.292 89.138 404.276 53.568 89.352 402.727 53.652 89.415 404.384 53.938 89.616 402.834 54.025 89.674 404.489 54.321 89.861 402.938 54.411 89.915 404.592 54.716 90.087 403.041 54.809 90.137 404.694 55.124 90.296 403.142 55.219 90.342 404.793 55.381 90.415 403.202 55.643 90.528 404.889 55.643 90.528 403.262 40.845 76.75 399.014 41.166 77.087 399.182 41.166 77.087 397.495 40.912 76.823 397.362 40.669 76.55 397.229 40.541 76.398 398.846 40.375 76.19 397.059 40.255 76.032 398.678 40.1 75.816 396.888 40.043 75.735 398.545 39.842 75.429 398.412 39.842 75.429 396.717 77.087 41.166 397.495 77.087 41.166 399.182 76.823 40.912 399.05 76.75 40.845 397.326 76.55 40.669 398.918 76.398 40.541 397.156 76.19 40.375 398.75 76.032 40.255 396.986 75.816 40.1 398.581 75.735 40.043 396.851 75.429 39.842 398.412 75.429 39.842 396.717 88.456 52.535 404.028 88.456 52.535 402.392 88.653 52.737 402.462 88.772 52.867 404.14 88.843 52.945 402.532 89.071 53.211 404.251 89.138 53.292 402.643 89.353 53.568 404.359 89.415 53.652 402.751 89.616 53.938 404.465 89.674 54.025 402.858 89.861 54.321 404.569 89.914 54.411 402.962 90.087 54.716 404.67 90.137 54.809 403.065 90.296 55.124 404.77 90.342 55.219 403.165 90.415 55.381 404.83 90.528 55.643 403.262 90.528 55.643 404.889 101.125 81.38 408.559 101.103 81.326 406.965 99.154 76.592 408.184 99.11 76.485 406.579 96.258 69.559 407.381 96.229 69.488 405.769 93.382 62.575 406.282 93.367 62.539 404.663 61.421 92.907 404.456 61.375 92.888 406.063 67.237 95.302 405.444 67.145 95.264 407.035 73.524 97.891 406.273 73.463 97.866 407.864 79.841 100.492 406.862 79.811 100.479 408.451 48.707 84.628 402.593 48.707 84.628 400.942 44.917 80.838 400.977 44.916 80.837 399.309 84.628 48.707 402.593 84.628 48.707 400.942 80.838 44.917 400.977 80.837 44.916 399.309 16.658 38.622 373.114 16.584 38.505 375.009 18.627 41.748 375.806 18.475 41.507 377.564 21.455 46.238 379.415 21.327 46.034 381.165 24.358 50.847 382.825 24.252 50.679 384.568 27.332 55.568 386.031 27.248 55.435 387.765 30.371 60.393 389.027 30.309 60.295 390.752 33.472 65.316 391.81 33.431 65.251 393.525 36.631 70.332 394.375 36.611 70.3 396.081 6.548 -3.545 335.592 6.454 -3.604 335.678 6.361 -3.663 335.764 6.083 -3.839 335.536 6.144 -3.8 335.641 6.205 -3.761 335.745 6.267 -3.722 335.85 31.968 12.466 366.845 30.579 11.591 366.109 28.475 10.266 363.23 35.562 14.73 370.326 15.96 2.383 348.031 25.766 8.56 361.699 24.115 7.52 358.365 15.052 1.811 349.254 19.941 4.891 353.295 18.038 3.692 353.233 21.132 5.641 357.101 71.078 37.102 396.451 70.932 37.009 394.664 66.785 34.398 394.33 66.497 34.216 392.438 61.254 30.914 391.31 61.01 30.76 389.391 55.841 27.504 388.025 55.643 27.379 386.08 50.556 24.175 384.481 50.405 24.08 382.51 45.408 20.932 380.685 45.306 20.868 378.689 40.409 17.783 376.645 40.357 17.751 374.627 35.562 14.73 372.365 10.907 1.649 345.509 15.297 3.367 350.757 18.176 4.491 353.97 3.872 1.604 338.833 7.976 3.304 344.357 12.319 5.103 349.723 16.887 6.995 354.914 21.675 8.978 359.919 26.675 11.049 364.728 31.051 12.862 368.625 7.249 3.003 340.776 11.455 4.745 346.188 15.895 6.584 351.438 20.559 8.516 356.507 25.438 10.537 361.385 30.408 12.596 365.959 8.878 6.546 345.509 13.198 8.435 350.757 16.028 9.677 353.97 18.931 10.954 357.101 24.272 12.167 361.699 29.819 13.426 366.109 4.954 -4.954 337.614 6.759 -6.759 340.113 11.967 -154.411 329.971 11.967 -155.206 331.347 11.836 -155.471 331.206 11.796 -154.754 329.789 11.694 -155.732 331.066 11.608 -155.087 329.611 11.496 -156.062 330.889 11.404 -155.412 329.436 11.281 -156.383 330.715 11.185 -155.727 329.265 11.051 -156.695 330.546 10.95 -156.032 329.099 10.805 -156.997 330.381 10.7 -156.328 328.938 10.545 -157.289 330.221 10.435 -156.613 328.781 10.271 -157.569 330.066 10.156 -156.888 328.629 9.983 -157.839 329.917 9.862 -157.153 328.483 9.682 -158.097 329.774 9.556 -157.405 328.342 9.368 -158.343 329.637 9.237 -157.646 328.207 9.042 -158.576 329.506 8.906 -157.874 328.08 8.705 -158.796 329.382 8.563 -158.089 327.959 8.356 -159.003 329.266 8.211 -158.289 327.845 7.997 -159.196 329.157 7.848 -158.476 327.74 7.628 -159.374 329.055 7.476 -158.648 327.642 7.251 -159.538 328.962 7.096 -158.806 327.552 6.866 -159.688 328.877 6.708 -158.949 327.471 6.474 -159.822 328.8 6.313 -159.077 327.397 6.076 -159.941 328.731 5.912 -159.19 327.333 5.674 -160.045 328.672 5.505 -159.287 327.277 5.266 -160.132 328.621 5.093 -159.369 327.229 4.855 -160.205 328.58 4.678 -159.435 327.191 4.44 -160.261 328.548 4.258 -159.486 327.162 4.021 -160.301 328.524 3.836 -159.52 327.143 3.599 -160.325 328.51 3.506 -159.535 327.134 3.175 -160.333 328.506 3.175 -159.54 327.131 -3.175 -159.54 327.131 -3.175 -160.333 328.506 -3.506 -160.328 328.509 -3.599 -159.532 327.135 -3.836 -160.313 328.517 -4.021 -159.507 327.149 -4.258 -160.279 328.537 -4.44 -159.467 327.173 -4.677 -160.229 328.566 -4.855 -159.411 327.205 -5.093 -160.163 328.604 -5.266 -159.339 327.247 -5.505 -160.081 328.651 -5.674 -159.251 327.297 -5.912 -159.984 328.708 -6.076 -159.147 327.357 -6.313 -159.871 328.772 -6.474 -159.028 327.425 -6.708 -159.743 328.845 -6.866 -158.894 327.502 -7.096 -159.6 328.927 -7.251 -158.744 327.587 -7.476 -159.442 329.017 -7.628 -158.58 327.68 -7.848 -159.27 329.115 -7.997 -158.402 327.782 -8.211 -159.083 329.22 -8.356 -158.209 327.891 -8.563 -158.882 329.334 -8.705 -158.002 328.007 -8.906 -158.668 329.454 -9.042 -157.782 328.131 -9.237 -158.44 329.582 -9.368 -157.549 328.262 -9.556 -158.199 329.717 -9.682 -157.303 328.399 -9.862 -157.947 329.857 -9.983 -157.045 328.542 -10.156 -157.682 330.004 -10.271 -156.776 328.691 -10.435 -157.407 330.156 -10.545 -156.495 328.846 -10.7 -157.122 330.313 -10.805 -156.203 329.006 -10.95 -156.826 330.475 -11.051 -155.901 329.171 -11.185 -156.521 330.641 -11.281 -155.589 329.34 -11.404 -156.206 330.811 -11.496 -155.268 329.513 -11.608 -155.882 330.986 -11.694 -154.938 329.691 -11.796 -155.548 331.165 -11.836 -154.677 329.83 -11.967 -155.206 331.347 -11.967 -154.411 329.971 25.4 -122.434 342.872 25.4 -123.252 344.289 25.396 -123.532 344.208 25.389 -122.889 342.742 25.384 -123.81 344.127 25.357 -123.339 342.611 25.347 -124.258 343.995 25.303 -123.784 342.48 25.288 -124.702 343.863 25.228 -124.225 342.349 25.207 -125.142 343.731 25.131 -124.662 342.218 25.105 -125.577 343.599 25.012 -125.094 342.087 24.981 -126.008 343.467 24.871 -125.522 341.956 24.835 -126.434 343.335 24.773 -125.783 341.875 24.667 -126.856 343.204 24.667 -126.042 341.795 25.389 -106.419 348.219 25.4 -106.906 348.131 25.4 -106.063 346.67 25.393 -105.678 346.738 25.372 -105.296 346.805 25.355 -105.933 348.305 25.325 -104.811 346.889 25.298 -105.45 348.39 25.256 -104.328 346.971 25.238 -105.072 348.455 25.164 -104.695 348.519 25.164 -103.847 347.051 -25.4 -106.063 346.67 -25.4 -106.906 348.131 -25.393 -106.523 348.2 -25.389 -105.574 346.757 -25.372 -106.141 348.269 -25.355 -105.088 346.841 -25.325 -105.656 348.354 -25.298 -104.604 346.924 -25.256 -105.174 348.437 -25.238 -104.225 346.988 -25.164 -104.695 348.519 -25.164 -103.847 347.051 -25.4 -123.252 344.289 -25.4 -122.434 342.872 -25.396 -122.714 342.792 -25.389 -123.706 344.157 -25.384 -122.993 342.711 -25.357 -124.155 344.025 -25.347 -123.442 342.581 -25.303 -124.6 343.893 -25.288 -123.886 342.45 -25.228 -125.041 343.761 -25.207 -124.326 342.318 -25.131 -125.477 343.629 -25.105 -124.762 342.187 -25.012 -125.909 343.498 -24.981 -125.193 342.056 -24.871 -126.336 343.366 -24.835 -125.62 341.926 -24.773 -126.597 343.285 -24.667 -126.042 341.795 -24.667 -126.856 343.204 -13.962 -150.94 333.535 -13.985 -150.097 332.182 -15.954 -146.614 335.6 -15.998 -145.719 334.264 -18.879 -140.132 338.415 -18.909 -139.264 337.055 -21.784 -133.545 340.95 -21.799 -132.704 339.565 22.264 -131.634 339.945 22.283 -132.398 341.359 19.845 -137.156 337.896 19.883 -137.873 339.321 17.23 -143.006 335.477 17.255 -143.749 336.885 14.602 -148.762 332.834 14.615 -149.53 334.225 25.4 -117.847 345.752 25.4 -117.021 344.323 25.4 -112.397 347.034 25.4 -111.562 345.59 -25.4 -117.847 345.752 -25.4 -117.021 344.323 -25.4 -112.397 347.034 -25.4 -111.562 345.59 10.956 -29.859 344.036 11.165 -29.989 342.419 11.991 -34.999 343.821 11.888 -35.494 345.59 13.026 -41.119 345.306 12.933 -41.652 347.049 14.098 -47.294 346.557 14.016 -47.864 348.273 15.207 -53.516 347.573 15.134 -54.121 349.261 16.349 -59.774 348.35 16.286 -60.413 350.011 17.524 -66.061 348.888 17.471 -66.733 350.522 18.73 -72.366 349.185 18.686 -73.07 350.791 19.966 -78.68 349.241 19.931 -79.415 350.82 21.229 -84.995 349.056 21.203 -85.759 350.607 22.517 -91.3 348.629 22.5 -92.093 350.152 23.83 -97.589 347.96 23.821 -98.41 349.456 4.365 -7.112 333.733 5.122 -12.365 336.076 3.24 -6.902 333.635 5.491 -7.323 333.831 7.743 -7.743 334.026 8.576 -13.417 336.52 7.724 -18.647 338.598 9.451 -19.181 338.799 3.423 -15.552 336.52 0 -10.686 335.351 6.88 -20.246 338.799 4.587 -16.996 337.964 7.471 -20.992 339.464 -23.992 -99.218 349.349 -24.129 -99.006 347.775 -23.108 -94.146 348.356 -22.837 -93.717 349.996 -21.666 -87.15 348.937 -21.391 -86.686 350.555 -20.255 -80.139 349.22 -19.976 -79.641 350.816 -18.878 -73.125 349.205 -18.594 -72.594 350.78 -17.536 -66.122 348.892 -17.249 -65.558 350.445 -16.232 -59.142 348.282 -15.941 -58.546 349.814 -14.969 -52.197 347.378 -14.675 -51.57 348.888 -13.749 -45.3 346.18 -13.451 -44.643 347.669 -12.574 -38.464 344.692 -12.272 -37.778 346.16 -11.446 -31.705 342.918 -11.141 -30.989 344.365 -2.862 -14.617 337.015 -5.739 -18.59 338.576 1.516 -6.999 335.431 1.695 -7.04 335.45 1.873 -7.08 335.469 -4.954 -4.954 337.614 -6.759 -6.759 340.113 -3.423 -15.552 336.52 -6.88 -20.246 338.799 -154.411 -11.967 329.971 -155.206 -11.967 331.347 -155.471 -11.836 331.206 -154.754 -11.796 329.789 -155.732 -11.694 331.066 -155.087 -11.608 329.611 -156.062 -11.496 330.889 -155.412 -11.404 329.436 -156.383 -11.281 330.715 -155.727 -11.185 329.265 -156.695 -11.051 330.546 -156.032 -10.95 329.099 -156.997 -10.805 330.381 -156.328 -10.7 328.938 -157.289 -10.545 330.221 -156.613 -10.435 328.781 -157.569 -10.271 330.066 -156.888 -10.156 328.629 -157.839 -9.983 329.917 -157.153 -9.862 328.483 -158.097 -9.682 329.774 -157.405 -9.556 328.342 -158.343 -9.368 329.637 -157.646 -9.237 328.207 -158.576 -9.042 329.506 -157.874 -8.906 328.08 -158.796 -8.705 329.382 -158.089 -8.563 327.959 -159.003 -8.356 329.266 -158.289 -8.211 327.845 -159.196 -7.997 329.157 -158.476 -7.848 327.74 -159.374 -7.628 329.055 -158.648 -7.476 327.642 -159.538 -7.251 328.962 -158.806 -7.096 327.552 -159.688 -6.866 328.877 -158.949 -6.708 327.471 -159.822 -6.474 328.8 -159.077 -6.313 327.397 -159.941 -6.076 328.731 -159.19 -5.912 327.333 -160.045 -5.674 328.672 -159.287 -5.505 327.277 -160.132 -5.266 328.621 -159.369 -5.093 327.229 -160.205 -4.855 328.58 -159.435 -4.678 327.191 -160.261 -4.44 328.548 -159.486 -4.258 327.162 -160.301 -4.021 328.524 -159.52 -3.836 327.143 -160.325 -3.599 328.51 -159.535 -3.506 327.134 -160.333 -3.175 328.506 -159.54 -3.175 327.131 -159.54 3.175 327.131 -160.333 3.175 328.506 -160.328 3.506 328.509 -159.532 3.599 327.135 -160.313 3.836 328.517 -159.507 4.021 327.149 -160.279 4.258 328.537 -159.467 4.44 327.173 -160.229 4.677 328.566 -159.411 4.855 327.205 -160.163 5.093 328.604 -159.339 5.266 327.247 -160.081 5.505 328.651 -159.251 5.674 327.297 -159.984 5.912 328.708 -159.147 6.076 327.357 -159.871 6.313 328.772 -159.028 6.474 327.425 -159.743 6.708 328.845 -158.894 6.866 327.502 -159.6 7.096 328.927 -158.744 7.251 327.587 -159.442 7.476 329.017 -158.58 7.628 327.68 -159.27 7.848 329.115 -158.402 7.997 327.782 -159.083 8.211 329.22 -158.209 8.356 327.891 -158.882 8.563 329.334 -158.002 8.705 328.007 -158.668 8.906 329.454 -157.782 9.042 328.131 -158.44 9.237 329.582 -157.549 9.368 328.262 -158.199 9.556 329.717 -157.303 9.682 328.399 -157.947 9.862 329.857 -157.045 9.983 328.542 -157.682 10.156 330.004 -156.776 10.271 328.691 -157.407 10.435 330.156 -156.495 10.545 328.846 -157.122 10.7 330.313 -156.203 10.805 329.006 -156.826 10.95 330.475 -155.901 11.051 329.171 -156.521 11.185 330.641 -155.589 11.281 329.34 -156.206 11.404 330.811 -155.268 11.496 329.513 -155.882 11.608 330.986 -154.938 11.694 329.691 -155.548 11.796 331.165 -154.677 11.836 329.83 -155.206 11.967 331.347 -154.411 11.967 329.971 -122.434 -25.4 342.872 -123.252 -25.4 344.289 -123.532 -25.396 344.208 -122.889 -25.389 342.742 -123.81 -25.384 344.127 -123.339 -25.357 342.611 -124.258 -25.347 343.995 -123.784 -25.303 342.48 -124.702 -25.288 343.863 -124.225 -25.228 342.349 -125.142 -25.207 343.731 -124.662 -25.131 342.218 -125.577 -25.105 343.599 -125.094 -25.012 342.087 -126.008 -24.981 343.467 -125.522 -24.871 341.956 -126.434 -24.835 343.335 -125.783 -24.773 341.875 -126.856 -24.667 343.204 -126.042 -24.667 341.795 -106.419 -25.389 348.219 -106.906 -25.4 348.131 -106.063 -25.4 346.67 -105.678 -25.393 346.738 -105.296 -25.372 346.805 -105.933 -25.355 348.305 -104.811 -25.325 346.889 -105.45 -25.298 348.39 -104.328 -25.256 346.971 -105.072 -25.238 348.455 -104.695 -25.164 348.519 -103.847 -25.164 347.051 -106.063 25.4 346.67 -106.906 25.4 348.131 -106.523 25.393 348.2 -105.574 25.389 346.757 -106.141 25.372 348.269 -105.088 25.355 346.841 -105.656 25.325 348.354 -104.604 25.298 346.924 -105.174 25.256 348.437 -104.225 25.238 346.988 -104.695 25.164 348.519 -103.847 25.164 347.051 -123.252 25.4 344.289 -122.434 25.4 342.872 -122.714 25.396 342.792 -123.706 25.389 344.157 -122.993 25.384 342.711 -124.155 25.357 344.025 -123.442 25.347 342.581 -124.6 25.303 343.893 -123.886 25.288 342.45 -125.041 25.228 343.761 -124.326 25.207 342.318 -125.477 25.131 343.629 -124.762 25.105 342.187 -125.909 25.012 343.498 -125.193 24.981 342.056 -126.336 24.871 343.366 -125.62 24.835 341.926 -126.597 24.773 343.285 -126.042 24.667 341.795 -126.856 24.667 343.204 -150.94 13.962 333.535 -150.097 13.985 332.182 -146.614 15.954 335.6 -145.719 15.998 334.264 -140.132 18.879 338.415 -139.264 18.909 337.055 -133.545 21.784 340.95 -132.704 21.799 339.565 -131.634 -22.264 339.945 -132.398 -22.283 341.359 -137.156 -19.845 337.896 -137.873 -19.883 339.321 -143.006 -17.23 335.477 -143.749 -17.255 336.885 -148.762 -14.602 332.834 -149.53 -14.615 334.225 -117.847 -25.4 345.752 -117.021 -25.4 344.323 -112.397 -25.4 347.034 -111.562 -25.4 345.59 -117.847 25.4 345.752 -117.021 25.4 344.323 -112.397 25.4 347.034 -111.562 25.4 345.59 -29.859 -10.956 344.036 -29.989 -11.165 342.419 -34.999 -11.991 343.821 -35.494 -11.888 345.59 -41.119 -13.026 345.306 -41.652 -12.933 347.049 -47.294 -14.098 346.557 -47.864 -14.016 348.273 -53.516 -15.207 347.573 -54.121 -15.134 349.261 -59.774 -16.349 348.35 -60.413 -16.286 350.011 -66.061 -17.524 348.888 -66.733 -17.471 350.522 -72.366 -18.73 349.185 -73.07 -18.686 350.791 -78.68 -19.966 349.241 -79.415 -19.931 350.82 -84.995 -21.229 349.056 -85.759 -21.203 350.607 -91.3 -22.517 348.629 -92.093 -22.5 350.152 -97.589 -23.83 347.96 -98.41 -23.821 349.456 -7.569 -6.531 333.461 -7.397 -5.324 332.885 -7.227 -4.122 332.3 -6.845 -2.835 333.435 -6.86 -2.937 333.485 -6.874 -3.038 333.535 -6.888 -3.139 333.585 -15.552 -3.423 336.52 -10.686 0 335.351 -20.246 -6.88 338.799 -16.996 -4.587 337.964 -20.992 -7.471 339.464 -7.172 -2.589 333.635 -10.005 -0.648 333.929 -9.06 -1.295 333.831 -6.518 -2.7 333.367 -6.355 -2.632 333.333 -99.218 23.992 349.349 -99.006 24.129 347.775 -94.146 23.108 348.356 -93.717 22.837 349.996 -87.15 21.666 348.937 -86.686 21.391 350.555 -80.139 20.255 349.22 -79.641 19.976 350.816 -73.125 18.878 349.205 -72.594 18.594 350.78 -66.122 17.536 348.892 -65.558 17.249 350.445 -59.142 16.232 348.282 -58.546 15.941 349.814 -52.197 14.969 347.378 -51.57 14.675 348.888 -45.3 13.749 346.18 -44.643 13.451 347.669 -38.464 12.574 344.692 -37.778 12.272 346.16 -31.705 11.446 342.918 -30.989 11.141 344.365 -14.617 2.862 337.015 -18.59 5.739 338.576 -4.954 4.954 337.614 -6.759 6.759 340.113 -8.025 -2.196 332.3 -7.09 -2.651 333.585 -7.009 -2.712 333.535 -6.927 -2.774 333.485 -8.995 -1.466 332.885 -9.971 -0.734 333.461 -6.729 -0.326 332.498 -6.803 -0.652 332.411 -6.877 -0.978 332.324 -15.552 3.423 336.52 -20.246 6.88 338.799 -6.804 -0.656 331.566 -6.754 -0.437 331.558 -6.705 -0.219 331.551 -11.967 154.411 329.971 -11.967 155.206 331.347 -11.836 155.471 331.206 -11.796 154.754 329.789 -11.694 155.732 331.066 -11.608 155.087 329.611 -11.496 156.062 330.889 -11.404 155.412 329.436 -11.281 156.383 330.715 -11.185 155.727 329.265 -11.051 156.695 330.546 -10.95 156.032 329.099 -10.805 156.997 330.381 -10.7 156.328 328.938 -10.545 157.289 330.221 -10.435 156.613 328.781 -10.271 157.569 330.066 -10.156 156.888 328.629 -9.983 157.839 329.917 -9.862 157.153 328.483 -9.682 158.097 329.774 -9.556 157.405 328.342 -9.368 158.343 329.637 -9.237 157.646 328.207 -9.042 158.576 329.506 -8.906 157.874 328.08 -8.705 158.796 329.382 -8.563 158.089 327.959 -8.356 159.003 329.266 -8.211 158.289 327.845 -7.997 159.196 329.157 -7.848 158.476 327.74 -7.628 159.374 329.055 -7.476 158.648 327.642 -7.251 159.538 328.962 -7.096 158.806 327.552 -6.866 159.688 328.877 -6.708 158.949 327.471 -6.474 159.822 328.8 -6.313 159.077 327.397 -6.076 159.941 328.731 -5.912 159.19 327.333 -5.674 160.045 328.672 -5.505 159.287 327.277 -5.266 160.132 328.621 -5.093 159.369 327.229 -4.855 160.205 328.58 -4.678 159.435 327.191 -4.44 160.261 328.548 -4.258 159.486 327.162 -4.021 160.301 328.524 -3.836 159.52 327.143 -3.599 160.325 328.51 -3.506 159.535 327.134 -3.175 160.333 328.506 -3.175 159.54 327.131 3.175 159.54 327.131 3.175 160.333 328.506 3.506 160.328 328.509 3.599 159.532 327.135 3.836 160.313 328.517 4.021 159.507 327.149 4.258 160.279 328.537 4.44 159.467 327.173 4.677 160.229 328.566 4.855 159.411 327.205 5.093 160.163 328.604 5.266 159.339 327.247 5.505 160.081 328.651 5.674 159.251 327.297 5.912 159.984 328.708 6.076 159.147 327.357 6.313 159.871 328.772 6.474 159.028 327.425 6.708 159.743 328.845 6.866 158.894 327.502 7.096 159.6 328.927 7.251 158.744 327.587 7.476 159.442 329.017 7.628 158.58 327.68 7.848 159.27 329.115 7.997 158.402 327.782 8.211 159.083 329.22 8.356 158.209 327.891 8.563 158.882 329.334 8.705 158.002 328.007 8.906 158.668 329.454 9.042 157.782 328.131 9.237 158.44 329.582 9.368 157.549 328.262 9.556 158.199 329.717 9.682 157.303 328.399 9.862 157.947 329.857 9.983 157.045 328.542 10.156 157.682 330.004 10.271 156.776 328.691 10.435 157.407 330.156 10.545 156.495 328.846 10.7 157.122 330.313 10.805 156.203 329.006 10.95 156.826 330.475 11.051 155.901 329.171 11.185 156.521 330.641 11.281 155.589 329.34 11.404 156.206 330.811 11.496 155.268 329.513 11.608 155.882 330.986 11.694 154.938 329.691 11.796 155.548 331.165 11.836 154.677 329.83 11.967 155.206 331.347 11.967 154.411 329.971 -25.4 122.434 342.872 -25.4 123.252 344.289 -25.396 123.532 344.208 -25.389 122.889 342.742 -25.384 123.81 344.127 -25.357 123.339 342.611 -25.347 124.258 343.995 -25.303 123.784 342.48 -25.288 124.702 343.863 -25.228 124.225 342.349 -25.207 125.142 343.731 -25.131 124.662 342.218 -25.105 125.577 343.599 -25.012 125.094 342.087 -24.981 126.008 343.467 -24.871 125.522 341.956 -24.835 126.434 343.335 -24.773 125.783 341.875 -24.667 126.856 343.204 -24.667 126.042 341.795 -25.389 106.419 348.219 -25.4 106.906 348.131 -25.4 106.063 346.67 -25.393 105.678 346.738 -25.372 105.296 346.805 -25.355 105.933 348.305 -25.325 104.811 346.889 -25.298 105.45 348.39 -25.256 104.328 346.971 -25.238 105.072 348.455 -25.164 104.695 348.519 -25.164 103.847 347.051 25.4 106.063 346.67 25.4 106.906 348.131 25.393 106.523 348.2 25.389 105.574 346.757 25.372 106.141 348.269 25.355 105.088 346.841 25.325 105.656 348.354 25.298 104.604 346.924 25.256 105.174 348.437 25.238 104.225 346.988 25.164 104.695 348.519 25.164 103.847 347.051 25.4 123.252 344.289 25.4 122.434 342.872 25.396 122.714 342.792 25.389 123.706 344.157 25.384 122.993 342.711 25.357 124.155 344.025 25.347 123.442 342.581 25.303 124.6 343.893 25.288 123.886 342.45 25.228 125.041 343.761 25.207 124.326 342.318 25.131 125.477 343.629 25.105 124.762 342.187 25.012 125.909 343.498 24.981 125.193 342.056 24.871 126.336 343.366 24.835 125.62 341.926 24.773 126.597 343.285 24.667 126.042 341.795 24.667 126.856 343.204 13.962 150.94 333.535 13.985 150.097 332.182 15.954 146.614 335.6 15.998 145.719 334.264 18.879 140.132 338.415 18.909 139.264 337.055 21.784 133.545 340.95 21.799 132.704 339.565 -22.264 131.634 339.945 -22.283 132.398 341.359 -19.845 137.156 337.896 -19.883 137.873 339.321 -17.23 143.006 335.477 -17.255 143.749 336.885 -14.602 148.762 332.834 -14.615 149.53 334.225 -25.4 117.847 345.752 -25.4 117.021 344.323 -25.4 112.397 347.034 -25.4 111.562 345.59 25.4 117.847 345.752 25.4 117.021 344.323 25.4 112.397 347.034 25.4 111.562 345.59 -10.956 29.859 344.036 -11.165 29.989 342.419 -11.991 34.999 343.821 -11.888 35.494 345.59 -13.026 41.119 345.306 -12.933 41.652 347.049 -14.098 47.294 346.557 -14.016 47.864 348.273 -15.207 53.516 347.573 -15.134 54.121 349.261 -16.349 59.774 348.35 -16.286 60.413 350.011 -17.524 66.061 348.888 -17.471 66.733 350.522 -18.73 72.366 349.185 -18.686 73.07 350.791 -19.966 78.68 349.241 -19.931 79.415 350.82 -21.229 84.995 349.056 -21.203 85.759 350.607 -22.517 91.3 348.629 -22.5 92.093 350.152 -23.83 97.589 347.96 -23.821 98.41 349.456 -6.531 7.569 333.461 -5.324 7.397 332.885 -4.122 7.227 332.3 -2.835 6.845 333.435 -2.937 6.86 333.485 -3.038 6.874 333.535 -3.139 6.888 333.585 -3.423 15.552 336.52 0 10.686 335.351 0 10.951 334.026 -6.88 20.246 338.799 -4.587 16.996 337.964 -7.471 20.992 339.464 -2.589 7.172 333.635 -0.648 10.005 333.929 -1.295 9.06 333.831 -2.7 6.518 333.367 -2.632 6.355 333.333 23.992 99.218 349.349 24.129 99.006 347.775 23.108 94.146 348.356 22.837 93.717 349.996 21.666 87.15 348.937 21.391 86.686 350.555 20.255 80.139 349.22 19.976 79.641 350.816 18.878 73.125 349.205 18.594 72.594 350.78 17.536 66.122 348.892 17.249 65.558 350.445 16.232 59.142 348.282 15.941 58.546 349.814 14.969 52.197 347.378 14.675 51.57 348.888 13.749 45.3 346.18 13.451 44.643 347.669 12.574 38.464 344.692 12.272 37.778 346.16 11.446 31.705 342.918 11.141 30.989 344.365 1.516 6.999 335.431 1.873 7.08 335.469 2.052 7.121 335.488 2.862 14.617 337.015 5.739 18.59 338.576 4.954 4.954 337.614 6.759 6.759 340.113 -2.196 8.025 332.3 -2.651 7.09 333.585 -2.712 7.009 333.535 -2.774 6.927 333.485 -1.466 8.995 332.885 -0.734 9.971 333.461 -0.326 6.729 332.498 0 7.725 332.951 0 6.655 332.585 -0.652 6.803 332.411 -0.978 6.877 332.324 0 8.798 333.314 0 9.873 333.672 3.423 15.552 336.52 6.88 20.246 338.799 1.942 8.116 333.733 5.122 12.365 336.076 2.589 7.172 333.635 1.295 9.06 333.831 2.565 6.192 333.3 7.724 18.647 338.598 2.7 6.518 333.367 2.835 6.845 333.435 2.774 6.927 333.485 2.712 7.009 333.535 2.651 7.09 333.585 2.632 6.355 333.333 -0.656 6.804 331.566 -0.437 6.754 331.558 -0.219 6.705 331.551 6.617 7.533 333.929 7.743 7.743 334.026 5.491 7.323 333.831 3.24 6.902 333.635 8.576 13.417 336.52 9.451 19.181 338.799 2.196 8.025 332.3 1.466 8.995 332.885 0.734 9.971 333.461 0.978 6.877 332.324 0.652 6.803 332.411 0.326 6.729 332.498 -3.166 -14.391 330.85 -6.299 -18.534 330.186 2.641 -7.02 331.562 2.735 -7.033 331.609 2.829 -7.046 331.657 0.973 -6.673 331.726 1.066 -6.675 331.871 1.16 -6.677 332.015 0.982 -6.878 331.74 1.089 -6.902 331.905 1.196 -6.927 332.071 2.847 -6.874 331.666 2.809 -6.781 331.647 3.154 -6.755 331.514 2.962 -6.722 331.571 2.867 -6.705 331.599 3.154 -6.73 331.639 4.179 -6.859 331.577 5.203 -6.988 331.509 6.228 -7.119 331.434 3.389 -6.382 331.625 6.615 -6.615 331.405 5.979 -5.979 331.453 3.624 -6.035 331.611 3.86 -5.687 331.597 4.228 -5.465 331.574 4.095 -5.34 331.582 5.342 -5.342 331.499 4.347 -5.275 331.566 4.467 -5.085 331.558 4.586 -4.896 331.551 4.706 -4.706 331.543 12.415 -7.937 330.85 17.56 -8.651 330.186 8.025 -2.196 332.3 9.873 0 333.672 8.995 -1.466 332.885 9.971 -0.734 333.461 10.951 0 334.026 8.798 0 333.314 6.877 -0.978 332.324 7.725 0 332.951 6.803 -0.652 332.411 6.729 -0.326 332.498 6.655 0 332.585 6.679 1.253 332.159 6.774 1.671 332.046 6.951 1.303 332.236 6.729 0.326 332.498 6.803 0.652 332.411 6.877 0.978 332.324 6.869 2.089 331.932 6.964 2.507 331.819 8.025 2.196 332.3 8.995 1.466 332.885 9.971 0.734 333.461 6.804 -0.656 331.566 6.705 -0.219 331.551 6.754 -0.437 331.558 6.878 0.982 331.74 6.902 1.089 331.905 6.927 1.196 332.071 6.673 0.973 331.726 6.675 1.066 331.871 6.677 1.16 332.015 7.02 2.641 331.562 7.033 2.735 331.609 7.046 2.829 331.657 6.518 -2.7 333.367 6.845 -2.835 333.435 6.927 -2.774 333.485 7.009 -2.712 333.535 7.09 -2.651 333.585 7.172 -2.589 333.635 6.192 -2.565 333.3 6.355 -2.632 333.333 3.901 -5.541 332.015 3.966 -5.474 331.871 4.03 -5.407 331.726 3.837 -5.609 332.159 3.608 -5.972 332.046 3.38 -6.334 331.932 3.152 -6.697 331.819 3.097 -6.831 331.562 3.039 -6.907 331.609 2.982 -6.983 331.657 3.993 -5.837 332.236 4.052 -5.744 332.071 4.111 -5.65 331.905 4.169 -5.558 331.74 4.706 -4.706 332.585 4.528 -4.989 332.498 4.349 -5.272 332.411 4.171 -5.554 332.324 5.558 -4.169 331.74 5.275 -4.347 331.566 5.465 -4.228 331.574 5.65 -4.111 331.905 5.554 -4.171 332.324 5.744 -4.052 332.071 5.837 -3.993 332.236 5.272 -4.349 332.411 5.085 -4.467 331.558 4.896 -4.586 331.551 4.989 -4.528 332.498 5.34 -4.095 331.582 5.407 -4.03 331.726 5.474 -3.966 331.871 5.541 -3.901 332.015 5.609 -3.837 332.159 9.06 -1.295 333.831 8.116 -1.942 333.733 6.927 2.774 333.485 6.845 2.835 333.435 6.518 2.7 333.367 7.009 2.712 333.535 7.09 2.651 333.585 7.172 2.589 333.635 6.192 2.565 333.3 6.355 2.632 333.333 10.686 0 335.351 14.617 -2.862 337.015 15.552 -3.423 336.52 18.59 -5.739 338.576 20.246 -6.88 338.799 12.365 -5.122 336.076 18.647 -7.724 338.598 15.552 3.423 336.52 20.246 6.88 338.799 16.996 4.587 337.964 20.992 7.471 339.464 12.365 5.122 336.076 10.005 0.648 333.929 9.06 1.295 333.831 18.647 7.724 338.598 6.902 -3.24 333.635 7.227 -4.122 332.3 6.888 -3.139 333.585 6.874 -3.038 333.535 6.86 -2.937 333.485 7.397 -5.324 332.885 7.323 -5.491 333.831 7.569 -6.531 333.461 7.533 -6.617 333.929 5.972 -3.608 332.046 5.462 -5.462 332.951 6.334 -3.38 331.932 6.221 -6.221 333.314 6.697 -3.152 331.819 6.981 -6.981 333.672 6.831 -3.097 331.562 6.907 -3.039 331.609 6.983 -2.982 331.657 6.382 -3.389 331.625 6.035 -3.624 331.611 5.687 -3.86 331.597 4.03 5.407 331.726 3.966 5.474 331.871 3.901 5.541 332.015 3.837 5.609 332.159 3.993 5.837 332.236 4.052 5.744 332.071 4.111 5.65 331.905 4.169 5.558 331.74 4.171 5.554 332.324 4.349 5.272 332.411 4.528 4.989 332.498 4.706 4.706 332.585 5.275 4.347 331.566 4.989 4.528 332.498 4.896 4.586 331.551 5.085 4.467 331.558 5.272 4.349 332.411 5.554 4.171 332.324 3.097 6.831 331.562 3.039 6.907 331.609 2.982 6.983 331.657 3.152 6.697 331.819 3.38 6.334 331.932 3.608 5.972 332.046 7.569 6.531 333.461 7.323 5.491 333.831 7.397 5.324 332.885 7.112 4.365 333.733 7.227 4.122 332.3 6.86 2.937 333.485 6.874 3.038 333.535 6.888 3.139 333.585 6.902 3.24 333.635 6.981 6.981 333.672 6.221 6.221 333.314 5.462 5.462 332.951 4.122 7.227 332.3 5.324 7.397 332.885 6.531 7.569 333.461 3.139 6.888 333.585 3.038 6.874 333.535 2.937 6.86 333.485 13.417 8.576 336.52 19.181 9.451 338.799 106.419 25.389 348.219 106.906 25.4 348.131 106.063 25.4 346.67 105.678 25.393 346.738 105.296 25.372 346.805 105.933 25.355 348.305 104.811 25.325 346.889 105.45 25.298 348.39 104.328 25.256 346.971 105.072 25.238 348.455 104.695 25.164 348.519 103.847 25.164 347.051 117.847 25.4 345.752 123.252 25.4 344.289 122.434 25.4 342.872 117.021 25.4 344.323 112.397 25.4 347.034 111.562 25.4 345.59 123.532 25.396 344.208 122.889 25.389 342.742 123.81 25.384 344.127 123.339 25.357 342.611 124.258 25.347 343.995 123.784 25.303 342.48 124.702 25.288 343.863 124.225 25.228 342.349 125.142 25.207 343.731 124.662 25.131 342.218 125.577 25.105 343.599 125.094 25.012 342.087 126.008 24.981 343.467 125.522 24.871 341.956 126.434 24.835 343.335 125.783 24.773 341.875 126.856 24.667 343.204 126.042 24.667 341.795 131.634 22.264 339.945 132.398 22.283 341.359 137.156 19.845 337.896 137.873 19.883 339.321 143.006 17.23 335.477 143.749 17.255 336.885 148.762 14.602 332.834 149.53 14.615 334.225 154.411 11.967 329.971 155.206 11.967 331.347 155.471 11.836 331.206 154.754 11.796 329.789 155.732 11.694 331.066 155.087 11.608 329.611 156.062 11.496 330.889 155.412 11.404 329.436 156.383 11.281 330.715 155.727 11.185 329.265 156.695 11.051 330.546 156.032 10.95 329.099 156.997 10.805 330.381 156.328 10.7 328.938 157.289 10.545 330.221 156.613 10.435 328.781 157.569 10.271 330.066 156.888 10.156 328.629 157.839 9.983 329.917 157.153 9.862 328.483 158.097 9.682 329.774 157.405 9.556 328.342 158.343 9.368 329.637 157.646 9.237 328.207 158.576 9.042 329.506 157.874 8.906 328.08 158.796 8.705 329.382 158.089 8.563 327.959 159.003 8.356 329.266 158.289 8.211 327.845 159.196 7.997 329.157 158.476 7.848 327.74 159.374 7.628 329.055 158.648 7.476 327.642 159.538 7.251 328.962 158.806 7.096 327.552 159.688 6.866 328.877 158.949 6.708 327.471 159.822 6.474 328.8 159.077 6.313 327.397 159.941 6.076 328.731 159.19 5.912 327.333 160.045 5.674 328.672 159.287 5.505 327.277 160.132 5.266 328.621 159.369 5.093 327.229 160.205 4.855 328.58 159.435 4.678 327.191 160.261 4.44 328.548 159.486 4.258 327.162 160.301 4.021 328.524 159.52 3.836 327.143 160.325 3.599 328.51 159.535 3.506 327.134 160.333 3.175 328.506 159.54 3.175 327.131 159.54 -3.175 327.131 160.333 -3.175 328.506 160.328 -3.506 328.509 159.532 -3.599 327.135 160.313 -3.836 328.517 159.507 -4.021 327.149 160.279 -4.258 328.537 159.467 -4.44 327.173 160.229 -4.677 328.566 159.411 -4.855 327.205 160.163 -5.093 328.604 159.339 -5.266 327.247 160.081 -5.505 328.651 159.251 -5.674 327.297 159.984 -5.912 328.708 159.147 -6.076 327.357 159.871 -6.313 328.772 159.028 -6.474 327.425 159.743 -6.708 328.845 158.894 -6.866 327.502 159.6 -7.096 328.927 158.744 -7.251 327.587 159.442 -7.476 329.017 158.58 -7.628 327.68 159.27 -7.848 329.115 158.402 -7.997 327.782 159.083 -8.211 329.22 158.209 -8.356 327.891 158.882 -8.563 329.334 158.002 -8.705 328.007 158.668 -8.906 329.454 157.782 -9.042 328.131 158.44 -9.237 329.582 157.549 -9.368 328.262 158.199 -9.556 329.717 157.303 -9.682 328.399 157.947 -9.862 329.857 157.045 -9.983 328.542 157.682 -10.156 330.004 156.776 -10.271 328.691 157.407 -10.435 330.156 156.495 -10.545 328.846 157.122 -10.7 330.313 156.203 -10.805 329.006 156.826 -10.95 330.475 155.901 -11.051 329.171 156.521 -11.185 330.641 155.589 -11.281 329.34 156.206 -11.404 330.811 155.268 -11.496 329.513 155.882 -11.608 330.986 154.938 -11.694 329.691 155.548 -11.796 331.165 154.677 -11.836 329.83 155.206 -11.967 331.347 154.411 -11.967 329.971 150.94 -13.962 333.535 150.097 -13.985 332.182 146.614 -15.954 335.6 145.719 -15.998 334.264 140.132 -18.879 338.415 139.264 -18.909 337.055 133.545 -21.784 340.95 132.704 -21.799 339.565 126.856 -24.667 343.204 126.042 -24.667 341.795 123.252 -25.4 344.289 122.434 -25.4 342.872 122.714 -25.396 342.792 123.706 -25.389 344.157 122.993 -25.384 342.711 124.155 -25.357 344.025 123.442 -25.347 342.581 124.6 -25.303 343.893 123.886 -25.288 342.45 125.041 -25.228 343.761 124.326 -25.207 342.318 125.477 -25.131 343.629 124.762 -25.105 342.187 125.909 -25.012 343.498 125.193 -24.981 342.056 126.336 -24.871 343.366 125.62 -24.835 341.926 126.597 -24.773 343.285 117.847 -25.4 345.752 117.021 -25.4 344.323 112.397 -25.4 347.034 111.562 -25.4 345.59 106.906 -25.4 348.131 106.063 -25.4 346.67 106.523 -25.393 348.2 105.574 -25.389 346.757 106.141 -25.372 348.269 105.088 -25.355 346.841 105.656 -25.325 348.354 104.604 -25.298 346.924 105.174 -25.256 348.437 104.225 -25.238 346.988 104.695 -25.164 348.519 103.847 -25.164 347.051 29.859 10.956 344.036 30.989 -11.141 344.365 35.494 11.888 345.59 37.778 -12.272 346.16 41.652 12.933 347.049 44.643 -13.451 347.669 47.864 14.016 348.273 51.57 -14.675 348.888 54.121 15.134 349.261 58.546 -15.941 349.814 60.413 16.286 350.011 65.558 -17.249 350.445 66.733 17.471 350.522 72.594 -18.594 350.78 73.07 18.686 350.791 79.641 -19.976 350.816 79.415 19.931 350.82 85.759 21.203 350.607 86.686 -21.391 350.555 92.093 22.5 350.152 93.717 -22.837 349.996 98.41 23.821 349.456 99.218 -23.992 349.349 99.006 -24.129 347.775 94.146 -23.108 348.356 87.15 -21.666 348.937 80.139 -20.255 349.22 73.125 -18.878 349.205 66.122 -17.536 348.892 59.142 -16.232 348.282 52.197 -14.969 347.378 45.3 -13.749 346.18 38.464 -12.574 344.692 31.705 -11.446 342.918 29.989 11.165 342.419 34.999 11.991 343.821 41.119 13.026 345.306 47.294 14.098 346.557 53.516 15.207 347.573 59.774 16.349 348.35 66.061 17.524 348.888 72.366 18.73 349.185 78.68 19.966 349.241 84.995 21.229 349.056 91.3 22.517 348.629 97.589 23.83 347.96 3.781 7.513 338.703 4.526 7.683 339.745 5.28 7.854 340.782 4.921 7.772 337.566 6.129 8.047 339.253 7.359 8.326 340.923 1.657 7.031 335.641 1.587 7.015 335.536 1.728 7.047 335.745 13.417 -8.576 336.52 19.181 -9.451 338.799 4.122 -7.227 332.3 5.324 -7.397 332.885 6.531 -7.569 333.461 2.937 -6.86 333.485 3.038 -6.874 333.535 3.139 -6.888 333.585 1.587 -7.015 335.536 1.657 -7.031 335.641 1.728 -7.047 335.745 3.781 -7.513 338.703 4.526 -7.683 339.745 5.28 -7.854 340.782 4.921 -7.772 337.566 6.129 -8.047 339.253 7.359 -8.326 340.923 11.924 9.363 349.254 15.366 10.144 353.233 10.856 9.12 345.446 13.164 9.644 348.262 17.296 10.583 353.006 21.608 11.562 357.59 26.093 12.58 362.009 30.748 13.637 366.258 83.152 25.389 399.014 83.618 25.4 399.182 83.618 25.4 397.495 83.251 25.393 397.362 82.886 25.372 397.229 82.688 25.355 398.846 82.424 25.325 397.059 82.228 25.298 398.678 81.965 25.256 396.888 81.867 25.238 398.545 81.509 25.164 398.412 81.509 25.164 396.717 94.283 25.4 402.593 99.695 25.4 404.028 99.695 25.4 402.392 94.282 25.4 400.942 88.922 25.4 400.977 88.92 25.4 399.309 99.978 25.396 404.097 100.154 25.389 402.506 100.259 25.384 404.166 100.609 25.357 402.617 100.713 25.347 404.276 101.06 25.303 402.727 101.164 25.288 404.384 101.508 25.228 402.834 101.61 25.207 404.489 101.951 25.131 402.938 102.053 25.105 404.592 102.391 25.012 403.041 102.492 24.981 404.694 102.827 24.871 403.142 102.927 24.835 404.793 103.094 24.773 403.202 103.358 24.667 404.889 103.358 24.667 403.262 109.126 22.264 404.456 109.081 22.283 406.063 114.933 19.845 405.444 114.841 19.883 407.035 121.209 17.23 406.273 121.148 17.255 407.864 127.515 14.602 406.862 127.484 14.615 408.451 133.838 11.967 407.208 133.838 11.967 408.796 134.139 11.836 408.807 134.226 11.796 407.221 134.435 11.694 408.816 134.604 11.608 407.233 134.809 11.496 408.827 134.973 11.404 407.244 135.174 11.281 408.838 135.331 11.185 407.254 135.529 11.051 408.847 135.678 10.95 407.263 135.873 10.805 408.855 136.015 10.7 407.271 136.205 10.545 408.862 136.341 10.435 407.278 136.526 10.271 408.869 136.655 10.156 407.284 136.834 9.983 408.875 136.957 9.862 407.289 137.129 9.682 408.879 137.246 9.556 407.293 137.411 9.368 408.883 137.522 9.237 407.297 137.678 9.042 408.887 137.783 8.906 407.301 137.93 8.705 408.89 138.029 8.563 407.303 138.168 8.356 408.892 138.26 8.211 407.306 138.389 7.997 408.894 138.474 7.848 407.307 138.594 7.628 408.896 138.673 7.476 407.309 138.783 7.251 408.897 138.854 7.096 407.31 138.955 6.866 408.898 139.019 6.708 407.311 139.11 6.474 408.898 139.166 6.313 407.311 139.247 6.076 408.899 139.296 5.912 407.312 139.367 5.674 408.899 139.409 5.505 407.312 139.468 5.266 408.899 139.503 5.093 407.312 139.551 4.855 408.899 139.579 4.678 407.312 139.616 4.44 408.899 139.637 4.258 407.312 139.663 4.021 408.899 139.677 3.836 407.312 139.691 3.599 408.899 139.694 3.506 407.312 139.7 3.175 408.899 139.7 3.175 407.312 139.7 -3.175 407.312 139.7 -3.175 408.899 139.694 -3.506 408.899 139.691 -3.599 407.312 139.677 -3.836 408.899 139.663 -4.021 407.312 139.637 -4.258 408.9 139.616 -4.44 407.312 139.58 -4.677 408.9 139.551 -4.855 407.312 139.503 -5.093 408.9 139.468 -5.266 407.312 139.409 -5.505 408.9 139.367 -5.674 407.311 139.296 -5.912 408.899 139.247 -6.076 407.311 139.166 -6.313 408.899 139.11 -6.474 407.311 139.019 -6.708 408.898 138.955 -6.866 407.31 138.854 -7.096 408.898 138.783 -7.251 407.309 138.673 -7.476 408.896 138.594 -7.628 407.308 138.474 -7.848 408.895 138.389 -7.997 407.307 138.26 -8.211 408.893 138.168 -8.356 407.305 138.029 -8.563 408.891 137.93 -8.705 407.302 137.783 -8.906 408.888 137.678 -9.042 407.299 137.522 -9.237 408.885 137.411 -9.368 407.296 137.246 -9.556 408.881 137.129 -9.682 407.292 136.957 -9.862 408.877 136.834 -9.983 407.287 136.655 -10.156 408.871 136.526 -10.271 407.281 136.341 -10.435 408.865 136.205 -10.545 407.275 136.015 -10.7 408.859 135.873 -10.805 407.267 135.678 -10.95 408.851 135.529 -11.051 407.259 135.331 -11.185 408.842 135.174 -11.281 407.25 134.973 -11.404 408.832 134.809 -11.496 407.239 134.604 -11.608 408.821 134.435 -11.694 407.228 134.226 -11.796 408.809 134.139 -11.836 407.218 133.838 -11.967 408.796 133.838 -11.967 407.208 129.05 -13.962 408.559 128.997 -13.985 406.965 124.271 -15.954 408.184 124.165 -15.998 406.579 117.251 -18.879 407.381 117.179 -18.909 405.769 110.278 -21.784 406.282 110.242 -21.799 404.663 103.358 -24.667 404.889 103.358 -24.667 403.262 99.695 -25.4 404.028 99.695 -25.4 402.392 99.978 -25.396 402.462 100.154 -25.389 404.14 100.259 -25.384 402.532 100.609 -25.357 404.251 100.713 -25.347 402.643 101.06 -25.303 404.359 101.164 -25.288 402.751 101.508 -25.228 404.465 101.61 -25.207 402.858 101.952 -25.131 404.569 102.053 -25.105 402.962 102.391 -25.012 404.67 102.492 -24.981 403.065 102.827 -24.871 404.77 102.927 -24.835 403.165 103.094 -24.773 404.83 94.283 -25.4 402.593 94.282 -25.4 400.942 88.922 -25.4 400.977 88.92 -25.4 399.309 83.618 -25.4 399.182 83.618 -25.4 397.495 83.251 -25.393 399.05 83.152 -25.389 397.326 82.886 -25.372 398.918 82.688 -25.355 397.156 82.424 -25.325 398.75 82.228 -25.298 396.986 81.965 -25.256 398.581 81.867 -25.238 396.851 81.509 -25.164 398.412 81.509 -25.164 396.717 38.954 15.501 375.009 41.148 -15.999 376.645 42.414 16.286 377.564 46.91 -17.307 380.685 47.632 17.471 381.165 52.843 -18.654 384.481 52.985 18.686 384.568 58.466 19.931 387.765 58.934 -20.037 388.025 64.067 21.203 390.752 65.173 -21.454 391.31 69.779 22.5 393.525 71.547 -22.902 394.33 75.597 23.821 396.081 76.495 -24.025 396.451 39.089 15.531 373.114 41.088 -15.985 374.627 42.691 16.349 375.806 46.792 -17.28 378.689 47.866 17.524 379.415 52.669 -18.615 382.51 53.178 18.73 382.825 58.706 -19.986 386.08 58.619 19.966 386.031 64.18 21.229 389.027 64.892 -21.39 389.391 69.854 22.517 391.81 71.215 -22.826 392.438 75.634 23.83 394.375 76.326 -23.987 394.664 12.971 -9.6 348.031 17.559 -10.642 353.295 22.37 -11.735 358.365 27.394 -12.875 363.23 31.42 -13.79 366.845 11.924 -9.363 349.254 15.366 -10.144 353.233 -4.179 -6.859 331.577 -5.203 -6.988 331.509 -6.228 -7.119 331.434 -12.415 -7.937 330.85 -17.56 -8.651 330.186 -7.805 -1.895 331.577 -8.621 -1.262 331.509 -9.438 -0.63 331.434 -14.391 3.166 330.85 -18.534 6.299 330.186 6.859 4.179 331.577 6.988 5.203 331.509 7.119 6.228 331.434 -6.859 4.179 331.577 -6.988 5.203 331.509 -7.119 6.228 331.434 -7.937 12.415 330.85 -8.651 17.56 330.186 7.805 -1.895 331.577 8.621 -1.262 331.509 9.438 -0.63 331.434 14.391 3.166 330.85 18.534 6.299 330.186 -1.895 7.805 331.577 -1.262 8.621 331.509 -0.63 9.438 331.434 3.166 14.391 330.85 6.299 18.534 330.186 8 -8.77 324.276 7.85 -7.85 324.936 8.152 -9.684 323.609 8.08 -11.924 323.925 8.304 -10.594 322.937 8.87 -16.407 320.447 9.79 -21.26 316.395 4.521 -7.325 327.248 7.545 -7.545 325.153 7.238 -7.238 325.37 6.931 -6.931 325.586 2.935 -7.085 328.308 2.696 -7.408 328.045 1.654 -8.099 329.136 2.457 -7.731 327.78 2.22 -8.054 327.515 1.099 -8.855 328.513 0.547 -9.608 327.884 1.12 -6.817 329.488 1.571 -6.763 329.724 1.27 -6.799 329.567 1.421 -6.781 329.645 2.71 -6.543 328.456 2.486 -6.001 328.603 2.261 -5.459 328.75 4.102 -5.513 329.567 3.909 -5.706 329.567 4.028 -5.612 329.488 4.176 -5.413 329.645 4.251 -5.314 329.724 3.79 -5.799 329.645 3.671 -5.893 329.724 -0.544 -11.858 324.276 -1.084 -12.612 323.609 -2.718 -14.145 323.925 -1.619 -13.363 322.937 -5.33 -17.873 320.447 -8.111 -21.955 316.395 -3.332 -7.144 328.045 -4.557 -6.897 329.136 -3.729 -7.204 327.78 -4.126 -7.265 327.515 -5.484 -7.038 328.513 -6.407 -7.181 327.884 -0.997 -6.799 329.567 -0.875 -6.781 329.645 -0.752 -6.763 329.724 -8.77 -8 324.276 -9.684 -8.152 323.609 -11.924 -8.08 323.925 -10.594 -8.304 322.937 -16.407 -8.87 320.447 -21.26 -9.79 316.395 4.102 5.513 329.567 3.909 5.706 329.567 4.176 5.413 329.645 4.028 5.612 329.488 3.79 5.799 329.645 4.251 5.314 329.724 3.671 5.893 329.724 -7.408 -2.696 328.045 -8.099 -1.654 329.136 -7.731 -2.457 327.78 -8.054 -2.22 327.515 -8.855 -1.099 328.513 -9.608 -0.547 327.884 -5.513 -4.102 329.567 -5.413 -4.176 329.645 -5.314 -4.251 329.724 -11.858 0.544 324.276 -12.612 1.084 323.609 -14.145 2.718 323.925 -13.363 1.619 322.937 -17.873 5.33 320.447 -21.955 8.111 316.395 7.144 3.332 328.045 7.204 3.729 327.78 6.897 4.557 329.136 7.265 4.126 327.515 7.325 4.521 327.248 7.038 5.484 328.513 7.181 6.407 327.884 6.332 6.332 327.935 5.334 5.334 328.615 4.332 4.332 329.287 6.799 0.997 329.567 6.781 0.875 329.645 6.763 0.752 329.724 -7.144 3.332 328.045 -6.897 4.557 329.136 -7.204 3.729 327.78 -7.265 4.126 327.515 -7.038 5.484 328.513 -7.181 6.407 327.884 -6.799 0.997 329.567 -6.781 0.875 329.645 -6.763 0.752 329.724 -8 8.77 324.276 -8.152 9.684 323.609 -8.08 11.924 323.925 -8.304 10.594 322.937 -8.87 16.407 320.447 -9.79 21.26 316.395 5.513 -4.102 329.567 5.413 -4.176 329.645 5.314 -4.251 329.724 7.408 -2.696 328.045 7.731 -2.457 327.78 8.099 -1.654 329.136 8.054 -2.22 327.515 8.855 -1.099 328.513 9.608 -0.547 327.884 11.858 0.544 324.276 12.612 1.084 323.609 15.03 3.344 323.119 13.363 1.619 322.937 14.113 2.151 322.258 18.164 5.161 319.016 22.113 8.029 315.65 19.611 6.524 318.754 22.809 8.681 315.514 10.071 4.172 325.293 15.087 6.249 321.497 19.943 8.261 317.526 22.981 9.519 314.88 -2.696 7.408 328.045 -1.654 8.099 329.136 -2.457 7.731 327.78 -2.22 8.054 327.515 -1.099 8.855 328.513 -0.547 9.608 327.884 -4.102 5.513 329.567 -4.176 5.413 329.645 -4.251 5.314 329.724 0.544 11.858 324.276 1.084 12.612 323.609 2.718 14.145 323.925 1.619 13.363 322.937 5.33 17.873 320.447 8.111 21.955 316.395</float_array>
          <technique_common>
            <accessor source="#pos_0-array" count="30915" stride="3">
              <param name="X" type="float"/>
              <param name="Y" type="float"/>
              <param name="Z" type="float"/>
            </accessor>
          </technique_common>
        </source>
        <vertices id="vert_0">
          <input semantic="POSITION" source="#pos_0"/>
        </vertices>
        <triangles count="20340" material="mat_0">
          <input semantic="VERTEX" source="#vert_0" offset="0"/>
          <p>0 1 2 2 1 3 3 1 4 4 1 5 5 1 6 6 1 7 7 1 8 8 1 9 9 1 10 10 1 11 11 1 12 12 1 13 14 15 16 16 15 17 17 15 18 18 15 19 19 15 20 20 15 21 21 15 22 22 15 23 23 15 24 24 15 25 25 15 26 26 15 0 0 15 1 1 27 28 15 27 1 27 29 28 28 29 30 29 31 30 30 31 32 32 31 33 31 34 33 33 35 36 34 35 33 35 37 36 36 37 38 37 39 38 39 40 38 39 41 40 40 42 43 41 42 40 43 44 45 42 44 43 45 46 47 44 46 45 47 48 49 46 48 47 49 50 51 48 50 49 51 52 53 50 52 51 53 54 55 52 54 53 55 56 57 54 56 55 57 58 59 59 58 60 56 58 57 60 61 62 58 61 60 62 63 64 61 63 62 64 65 66 63 65 64 66 67 68 65 67 66 67 69 68 68 70 71 69 70 68 70 72 71 71 72 73 72 74 73 73 74 75 75 74 76 74 77 76 76 77 78 77 79 78 78 79 80 79 81 80 80 81 82 81 83 82 82 83 84 83 85 84 84 85 86 85 87 86 86 87 88 87 89 88 88 89 90 89 91 90 90 91 92 91 93 92 93 94 92 92 94 95 94 96 95 95 96 97 96 98 97 97 98 99 98 100 99 99 100 101 100 102 101 101 102 103 103 102 104 104 105 106 102 105 104 106 107 108 105 107 106 108 109 110 107 109 108 109 111 110 110 111 112 111 113 112 112 113 114 113 115 114 114 115 116 115 117 116 116 117 118 117 119 118 118 119 120 119 121 120 120 121 122 123 124 125 126 124 123 127 124 126 128 124 127 129 124 128 130 124 129 131 124 130 132 124 131 121 133 122 122 133 134 133 135 134 134 135 136 135 137 136 136 137 138 137 139 138 138 139 140 139 141 140 140 141 142 141 143 142 142 143 144 143 145 144 144 145 146 145 147 146 146 147 132 132 148 124 147 148 132 124 148 149 148 150 149 149 151 152 150 153 149 149 154 151 153 155 149 149 156 154 155 157 149 149 157 156 158 159 160 161 158 160 162 158 161 163 161 164 163 162 161 165 164 166 165 163 164 167 166 168 167 165 166 169 167 168 170 168 171 170 169 168 172 171 173 172 170 171 174 173 175 174 172 173 176 175 177 176 174 175 178 177 179 178 176 177 180 179 181 180 178 179 182 181 183 182 180 181 184 183 185 184 182 183 186 185 187 186 184 185 188 187 189 188 186 187 190 188 189 191 190 189 191 189 192 193 192 194 193 191 192 195 193 194 195 194 196 197 196 198 197 195 196 199 197 198 199 198 200 201 199 200 201 200 202 203 201 202 203 202 204 205 204 206 205 203 204 207 206 208 207 205 206 209 208 210 209 207 208 211 210 212 211 209 210 213 212 214 213 211 212 215 214 216 215 213 214 217 216 218 217 215 216 219 218 220 219 217 218 221 220 222 221 219 220 223 222 224 223 221 222 225 224 226 225 223 224 227 226 228 227 225 226 229 228 230 229 227 228 231 230 232 231 229 230 233 232 234 233 231 232 235 234 236 235 233 234 237 235 236 237 236 238 239 237 238 239 238 240 241 240 242 241 239 240 243 241 242 243 242 244 245 243 244 245 244 246 247 245 246 247 246 248 249 247 248 249 248 250 251 250 252 251 249 250 253 252 254 253 251 252 255 256 257 255 257 258 255 258 259 255 259 260 255 260 261 255 261 262 255 262 263 255 263 264 265 254 266 265 253 254 267 266 268 267 265 266 269 268 270 269 267 268 271 270 272 271 269 270 273 272 274 273 271 272 275 274 276 275 273 274 277 276 278 277 275 276 279 278 256 279 277 278 280 256 255 280 279 256 281 279 280 282 281 280 283 280 284 285 282 280 286 280 283 287 285 280 288 280 286 288 287 280 167 35 165 167 169 35 169 37 35 37 170 39 169 170 37 170 41 39 170 172 41 172 42 41 172 174 42 174 44 42 174 176 44 176 46 44 176 178 46 178 48 46 178 180 48 180 50 48 180 182 50 182 52 50 182 184 52 184 54 52 184 186 54 186 56 54 186 188 56 188 58 56 188 190 58 189 57 59 57 187 55 189 187 57 55 185 53 187 185 55 53 183 51 185 183 53 51 181 49 183 181 51 49 179 47 181 179 49 47 177 45 179 177 47 45 175 43 177 175 45 43 173 40 175 173 43 40 171 38 173 171 40 38 168 36 171 168 38 168 166 36 280 124 149 255 124 280 206 204 75 204 73 75 204 202 73 202 71 73 202 200 71 200 68 71 203 205 74 72 203 74 201 203 72 70 201 72 199 201 70 69 199 70 223 94 93 223 225 94 225 96 94 225 227 96 227 98 96 227 229 98 229 100 98 229 231 100 231 102 100 231 233 102 234 232 103 103 232 101 101 230 99 232 230 101 99 228 97 230 228 99 97 226 95 228 226 97 95 224 92 226 224 95 206 75 76 208 76 78 208 206 76 210 78 80 210 208 78 212 80 82 212 210 80 214 82 84 214 212 82 216 84 86 216 214 84 218 86 88 218 216 86 220 88 90 220 218 88 222 90 92 222 220 90 224 222 92 68 200 198 66 198 196 66 68 198 64 196 194 64 66 196 62 194 192 62 64 194 60 192 189 60 62 192 59 60 189 197 199 69 197 67 65 197 69 67 195 65 63 195 197 65 193 63 61 193 195 63 191 193 61 190 61 58 190 191 61 74 205 207 77 207 209 77 74 207 79 209 211 79 77 209 81 211 213 81 79 211 83 213 215 83 81 213 85 215 217 85 83 215 87 217 219 87 85 217 89 219 221 89 87 219 91 221 223 91 89 221 93 91 223 124 255 264 125 264 263 125 124 264 123 263 262 123 125 263 126 262 261 126 123 262 127 261 260 127 126 261 128 260 259 128 127 260 129 259 258 129 128 259 130 258 257 130 129 258 131 257 256 131 130 257 132 256 278 132 131 256 146 132 278 146 278 276 144 146 276 144 276 274 142 144 274 142 274 272 140 272 270 140 142 272 138 140 270 138 270 268 136 268 266 136 138 268 134 266 254 134 136 266 122 254 252 122 134 254 120 252 250 120 122 252 118 250 248 118 120 250 116 248 246 116 118 248 114 246 244 114 116 246 112 244 242 112 114 244 110 242 240 110 112 242 108 240 238 108 110 240 106 238 236 106 108 238 104 236 234 104 106 236 103 104 234 102 233 235 105 235 237 105 102 235 107 237 239 107 105 237 109 239 241 109 107 239 111 241 243 111 109 241 113 243 245 113 111 243 115 245 247 115 113 245 117 247 249 117 115 247 119 249 251 119 117 249 121 251 253 121 119 251 133 121 253 133 253 265 135 133 265 135 265 267 137 135 267 137 267 269 139 269 271 139 137 269 141 139 271 141 271 273 143 273 275 143 141 273 145 275 277 145 143 275 147 277 279 147 145 277 148 279 281 148 147 279 150 281 282 150 148 281 153 282 285 153 150 282 155 285 287 155 153 285 157 287 288 157 155 287 156 288 286 156 157 288 154 286 283 154 156 286 151 283 284 151 154 283 152 284 280 152 151 284 149 152 280 289 15 290 290 15 291 291 15 292 292 15 293 293 15 294 294 15 295 295 15 296 296 15 297 297 15 298 298 15 299 299 15 300 300 15 14 301 302 303 303 302 304 304 302 305 305 302 306 306 302 307 307 302 308 308 302 309 309 302 310 310 302 311 311 302 312 312 302 313 313 302 289 289 302 15 302 27 15 302 314 27 27 315 29 314 315 27 315 31 29 315 316 31 316 317 31 31 317 34 34 317 35 317 318 35 318 319 35 35 319 320 319 321 320 321 322 320 321 323 322 323 324 322 322 324 325 324 326 325 325 326 327 327 328 329 326 328 327 329 330 331 328 330 329 331 332 333 330 332 331 333 334 335 332 334 333 335 336 337 334 336 335 337 338 339 336 338 337 340 341 342 339 341 340 338 341 339 342 343 344 341 343 342 344 345 346 343 345 344 346 347 348 345 347 346 348 349 350 347 349 348 349 351 350 350 352 353 353 352 354 351 352 350 352 355 354 355 356 354 354 356 357 357 356 358 358 359 360 356 359 358 360 361 362 359 361 360 361 363 362 362 363 364 363 365 364 364 365 366 366 367 368 365 367 366 368 369 370 367 369 368 370 371 372 369 371 370 372 373 374 371 373 372 373 375 374 374 376 377 375 376 374 377 378 379 376 378 377 379 380 381 378 380 379 381 382 383 380 382 381 383 384 385 385 384 386 382 384 383 386 387 388 384 387 386 388 389 390 387 389 388 390 391 392 389 391 390 391 393 392 392 393 394 393 395 394 394 395 396 395 397 396 396 397 398 397 399 398 398 399 400 399 401 400 400 401 402 401 403 402 402 403 404 405 406 407 408 406 405 409 406 408 410 406 409 411 406 410 412 406 411 413 406 412 414 406 413 403 415 404 404 415 416 416 417 418 415 417 416 418 419 420 417 419 418 419 421 420 420 421 422 422 423 424 421 423 422 423 425 424 424 425 426 426 427 428 425 427 426 427 429 428 428 429 414 406 430 431 429 430 414 414 430 406 430 432 431 431 433 434 432 435 431 431 436 433 435 437 431 431 438 436 437 439 431 431 439 438 440 441 442 442 441 443 443 444 445 441 444 443 445 446 158 444 446 445 159 158 446 447 448 449 450 449 451 450 447 449 452 451 453 452 450 451 165 452 453 454 452 165 455 165 456 455 454 165 457 455 456 458 456 459 458 457 456 460 459 461 460 458 459 462 461 463 462 460 461 464 463 465 464 462 463 466 465 467 466 464 465 468 467 469 468 466 467 470 469 471 470 468 469 472 471 473 472 470 471 474 473 475 474 472 473 476 475 477 476 474 475 478 476 477 479 478 477 479 477 480 481 480 482 481 479 480 483 481 482 483 482 484 485 484 486 485 483 484 487 485 486 487 486 488 487 488 489 490 487 489 491 489 492 491 490 489 493 492 494 493 491 492 495 494 496 495 493 494 497 496 498 497 495 496 499 497 498 499 498 500 501 500 502 501 499 500 503 501 502 503 502 504 505 504 506 505 503 504 507 506 508 507 505 506 509 508 510 509 507 508 511 510 512 511 509 510 513 512 514 513 511 512 515 514 516 515 513 514 517 516 518 517 515 516 519 518 520 519 517 518 521 520 522 521 519 520 523 522 524 523 521 522 525 523 524 525 524 526 527 525 526 527 526 528 529 528 530 529 527 528 531 529 530 531 530 532 533 531 532 533 532 534 535 533 534 535 534 536 537 535 536 537 536 538 539 538 540 539 537 538 541 540 542 541 539 540 543 544 545 543 545 546 543 546 547 543 547 548 543 548 549 543 549 550 543 550 551 543 551 552 553 542 554 553 541 542 555 554 556 555 553 554 557 556 558 557 555 556 559 558 560 559 557 558 561 560 562 561 559 560 563 562 564 563 561 562 565 564 566 565 563 564 567 566 544 567 565 566 568 544 543 568 567 544 569 567 568 570 569 568 571 568 572 573 570 568 574 568 571 575 573 568 576 568 574 576 575 568 577 578 579 577 580 581 577 581 578 582 577 579 583 582 579 584 582 583 585 584 583 586 584 585 165 586 585 442 578 440 162 579 158 443 579 442 445 579 443 158 579 445 442 579 578 163 583 162 162 583 579 163 585 583 163 165 585 477 339 340 339 475 337 477 475 339 337 473 335 475 473 337 335 471 333 473 471 335 333 469 331 471 469 333 331 467 329 469 467 331 329 465 327 467 465 329 327 463 325 465 463 327 325 461 322 463 461 325 322 459 320 461 459 322 320 456 35 459 456 320 456 165 35 587 588 589 589 588 590 590 591 592 588 591 590 592 593 447 591 593 592 448 447 593 594 595 596 596 595 597 597 595 598 598 595 599 595 600 599 580 599 601 601 599 600 602 603 604 602 604 605 602 605 606 607 602 606 608 607 606 609 607 608 610 609 608 611 609 610 454 611 610 612 613 614 615 612 614 616 614 617 616 617 618 616 618 605 616 619 615 616 620 619 616 621 620 616 615 614 622 621 616 623 624 621 623 621 622 625 624 623 594 626 627 594 628 626 594 629 628 596 613 594 594 613 629 597 614 596 598 614 597 596 614 613 599 617 598 598 617 614 599 618 617 599 605 618 589 605 587 450 606 447 590 606 589 592 606 590 447 606 592 589 606 605 452 608 450 450 608 606 452 610 608 452 454 610 630 631 632 632 631 633 633 631 634 634 631 635 631 636 635 603 635 637 637 635 636 638 639 640 640 639 641 641 639 642 642 639 643 644 645 646 647 644 646 648 649 647 648 650 649 648 651 650 648 646 652 648 652 653 648 653 654 648 647 646 655 651 648 656 657 651 656 651 655 658 657 656 642 659 641 643 659 642 641 660 640 659 660 641 640 661 638 660 661 640 661 662 638 630 663 664 630 665 663 630 666 665 632 645 630 630 645 666 633 646 632 634 646 633 632 646 645 635 652 634 634 652 646 635 653 652 635 654 653 658 667 657 657 668 669 667 668 657 668 645 669 668 670 645 663 671 664 665 671 663 666 671 665 645 671 666 670 671 645 672 673 670 674 673 672 675 673 674 676 673 675 670 673 671 671 677 678 673 677 671 678 679 680 677 679 678 680 681 682 679 681 680 681 683 682 682 684 685 683 684 682 684 686 685 685 686 687 686 688 687 687 688 689 689 690 691 688 690 689 691 692 693 690 692 691 693 694 695 692 694 693 695 696 697 694 696 695 697 698 699 696 698 697 699 700 701 698 700 699 701 702 703 700 702 701 703 704 705 702 704 703 705 706 707 704 706 705 707 708 709 706 708 707 709 710 711 708 710 709 711 712 713 710 712 711 713 714 715 712 714 713 714 716 715 715 717 718 716 717 715 718 719 720 720 719 721 717 719 718 721 722 723 719 722 721 723 724 725 722 724 723 725 726 727 724 726 725 727 728 729 726 728 727 729 730 731 728 730 729 730 732 731 731 732 733 732 734 733 733 734 735 734 736 735 735 736 737 736 738 737 737 738 739 738 740 739 740 741 739 739 741 742 742 743 744 741 743 742 743 745 744 744 745 746 745 747 746 746 747 748 747 749 748 748 749 750 750 749 751 749 752 751 751 752 753 752 754 753 753 754 755 755 756 757 754 756 755 757 758 759 756 758 757 759 760 761 758 760 759 761 762 763 760 762 761 763 764 765 762 764 763 765 766 767 764 766 765 767 768 769 766 768 767 770 771 772 773 771 770 774 771 773 775 771 774 776 771 775 777 771 776 778 771 777 779 771 778 768 780 769 769 780 781 780 782 781 781 782 783 782 784 783 783 784 785 784 786 785 785 786 787 786 788 787 787 788 789 788 790 789 789 790 791 790 792 791 791 792 793 792 794 793 793 794 779 779 795 771 794 795 779 771 795 796 795 797 796 796 798 799 797 800 796 796 801 798 800 802 796 796 803 801 802 804 796 796 804 803 645 644 669 805 670 668 625 639 624 624 638 806 639 638 624 638 613 806 638 807 613 626 808 627 628 808 626 629 808 628 613 808 629 807 808 613 809 671 807 810 671 809 811 671 810 664 671 811 807 671 808 808 678 812 671 678 808 812 680 813 678 680 812 813 814 815 680 814 813 814 816 815 815 817 818 816 817 815 817 819 818 818 819 820 819 821 820 820 821 822 821 823 822 822 823 824 824 825 826 823 825 824 826 827 828 825 827 826 828 829 830 827 829 828 830 831 832 829 831 830 832 833 834 831 833 832 834 835 836 833 835 834 836 837 838 835 837 836 838 839 840 837 839 838 840 841 842 839 841 840 842 843 844 841 843 842 844 845 846 843 845 844 846 847 848 845 847 846 847 849 848 848 850 851 849 850 848 851 852 853 850 852 851 853 854 855 855 854 856 852 854 853 856 857 858 854 857 856 858 859 860 857 859 858 860 861 862 859 861 860 862 863 864 861 863 862 863 865 864 864 865 866 865 867 866 866 867 868 867 869 868 868 869 870 869 871 870 870 871 872 871 873 872 873 874 872 872 874 875 875 876 877 874 876 875 876 878 877 877 878 879 878 880 879 879 880 881 880 882 881 881 882 883 883 882 884 882 885 884 884 885 886 885 887 886 886 887 888 888 889 890 887 889 888 890 891 892 889 891 890 892 893 894 891 893 892 894 895 896 893 895 894 896 897 898 895 897 896 898 899 900 897 899 898 900 901 902 899 901 900 903 904 905 906 904 903 907 904 906 908 904 907 909 904 908 910 904 909 911 904 910 912 904 911 901 913 902 902 913 914 913 915 914 914 915 916 915 917 916 916 917 918 917 919 918 918 919 920 919 921 920 920 921 922 921 923 922 922 923 924 923 925 924 924 925 926 925 927 926 926 927 912 912 928 904 927 928 912 904 928 929 928 930 929 929 931 932 930 933 929 929 934 931 933 935 929 929 936 934 935 937 929 929 937 936 613 612 806 662 807 638 938 939 940 941 939 938 942 941 938 943 942 938 944 942 943 945 944 943 946 944 945 947 946 945 948 946 947 949 950 951 952 950 949 953 952 949 954 955 956 954 956 957 958 959 952 958 960 959 958 957 960 958 952 953 958 954 957 961 954 958 962 961 958 941 962 958 951 950 963 963 964 965 950 964 963 964 966 965 964 955 966 967 968 969 970 968 967 971 968 970 966 968 971 955 968 966 972 973 955 974 973 972 975 973 974 976 973 975 955 973 968 973 977 968 973 978 977 977 979 980 978 979 977 980 981 982 979 981 980 981 983 982 982 984 985 983 984 982 984 986 985 985 986 987 986 988 987 987 988 989 989 990 991 988 990 989 991 992 993 990 992 991 993 994 995 992 994 993 995 996 997 994 996 995 997 998 999 996 998 997 999 1000 1001 998 1000 999 1001 1002 1003 1000 1002 1001 1003 1004 1005 1002 1004 1003 1005 1006 1007 1004 1006 1005 1007 1008 1009 1006 1008 1007 1009 1010 1011 1008 1010 1009 1011 1012 1013 1010 1012 1011 1013 1014 1015 1012 1014 1013 1014 1016 1015 1015 1017 1018 1016 1017 1015 1018 1019 1020 1017 1019 1018 1020 1021 1022 1022 1021 1023 1019 1021 1020 1023 1024 1025 1021 1024 1023 1025 1026 1027 1024 1026 1025 1027 1028 1029 1026 1028 1027 1029 1030 1031 1028 1030 1029 1030 1032 1031 1031 1032 1033 1032 1034 1033 1033 1034 1035 1034 1036 1035 1035 1036 1037 1036 1038 1037 1037 1038 1039 1038 1040 1039 1040 1041 1039 1039 1041 1042 1042 1043 1044 1041 1043 1042 1043 1045 1044 1044 1045 1046 1045 1047 1046 1046 1047 1048 1047 1049 1048 1048 1049 1050 1050 1049 1051 1049 1052 1051 1051 1052 1053 1052 1054 1053 1053 1054 1055 1055 1056 1057 1054 1056 1055 1057 1058 1059 1056 1058 1057 1059 1060 1061 1058 1060 1059 1061 1062 1063 1060 1062 1061 1063 1064 1065 1062 1064 1063 1065 1066 1067 1064 1066 1065 1067 1068 1069 1066 1068 1067 1070 1071 1072 1073 1071 1070 1074 1071 1073 1075 1071 1074 1076 1071 1075 1077 1071 1076 1078 1071 1077 1079 1071 1078 1068 1080 1069 1069 1080 1081 1080 1082 1081 1081 1082 1083 1082 1084 1083 1083 1084 1085 1084 1086 1085 1085 1086 1087 1086 1088 1087 1087 1088 1089 1088 1090 1089 1089 1090 1091 1090 1092 1091 1091 1092 1093 1092 1094 1093 1093 1094 1079 1079 1095 1071 1094 1095 1079 1071 1095 1096 1095 1097 1096 1096 1098 1099 1097 1100 1096 1096 1101 1098 1100 1102 1096 1096 1103 1101 1102 1104 1096 1096 1104 1103 966 1105 965 956 955 964 955 1106 972 972 1106 974 974 1106 975 975 1106 976 955 1107 1106 955 954 1107 954 1108 1107 954 1109 1108 954 961 1109 961 1110 1109 961 962 1110 962 941 1110 941 1111 1112 1113 942 1114 1111 942 1113 941 942 1111 942 1115 1114 942 944 1115 944 1116 1115 944 946 1116 946 1117 1116 946 948 1117 1112 1111 1118 1118 1113 1119 1111 1113 1118 1119 1114 1120 1113 1114 1119 1115 1121 1120 1115 1120 1114 1106 1107 1122 1107 1108 1122 1108 1109 1122 1122 1110 1123 1109 1110 1122 1110 1124 1125 1110 1125 1123 1126 1127 1128 1128 1129 1130 1127 1129 1128 1129 1131 1130 1129 1132 1131 1133 1134 1135 1136 1134 1133 1137 1134 1136 1131 1134 1137 1132 1134 1131 1138 968 1132 1139 968 1138 1140 968 1139 969 968 1140 1132 968 1134 1134 977 1141 968 977 1134 1141 980 1142 977 980 1141 1142 1143 1144 980 1143 1142 1143 1145 1144 1144 1146 1147 1145 1146 1144 1146 1148 1147 1147 1148 1149 1148 1150 1149 1149 1150 1151 1150 1152 1151 1151 1152 1153 1153 1154 1155 1152 1154 1153 1155 1156 1157 1154 1156 1155 1157 1158 1159 1156 1158 1157 1159 1160 1161 1158 1160 1159 1161 1162 1163 1160 1162 1161 1163 1164 1165 1162 1164 1163 1165 1166 1167 1164 1166 1165 1167 1168 1169 1166 1168 1167 1169 1170 1171 1168 1170 1169 1171 1172 1173 1170 1172 1171 1173 1174 1175 1172 1174 1173 1175 1176 1177 1174 1176 1175 1176 1178 1177 1177 1179 1180 1178 1179 1177 1180 1181 1182 1182 1181 1183 1179 1181 1180 1183 1184 1185 1181 1184 1183 1185 1186 1187 1184 1186 1185 1187 1188 1189 1186 1188 1187 1189 1190 1191 1188 1190 1189 1191 1192 1193 1190 1192 1191 1192 1194 1193 1193 1194 1195 1194 1196 1195 1195 1196 1197 1196 1198 1197 1197 1198 1199 1198 1200 1199 1199 1200 1201 1200 1202 1201 1202 1203 1201 1201 1203 1204 1204 1205 1206 1203 1205 1204 1205 1207 1206 1206 1207 1208 1207 1209 1208 1208 1209 1210 1209 1211 1210 1210 1211 1212 1212 1211 1213 1211 1214 1213 1213 1214 1215 1214 1216 1215 1215 1216 1217 1217 1218 1219 1216 1218 1217 1219 1220 1221 1218 1220 1219 1221 1222 1223 1220 1222 1221 1223 1224 1225 1222 1224 1223 1225 1226 1227 1224 1226 1225 1227 1228 1229 1226 1228 1227 1229 1230 1231 1228 1230 1229 1232 1233 1234 1235 1233 1232 1236 1233 1235 1237 1233 1236 1238 1233 1237 1239 1233 1238 1240 1233 1239 1241 1233 1240 1230 1242 1231 1231 1242 1243 1242 1244 1243 1243 1244 1245 1244 1246 1245 1245 1246 1247 1246 1248 1247 1247 1248 1249 1248 1250 1249 1249 1250 1251 1250 1252 1251 1251 1252 1253 1252 1254 1253 1253 1254 1255 1254 1256 1255 1255 1256 1241 1241 1257 1233 1256 1257 1241 1233 1257 1258 1257 1259 1258 1258 1260 1261 1259 1262 1258 1258 1263 1260 1262 1264 1258 1258 1265 1263 1264 1266 1258 1258 1266 1265 1131 1267 1130 1268 1132 1129 1269 1270 1271 1272 1270 1269 1273 1274 1272 1272 1274 1270 965 1275 1273 1273 1275 1274 965 1105 1275 1132 1276 1138 1138 1276 1139 1139 1276 1140 1140 1276 969 1132 1277 1276 1132 1278 1277 1278 1279 1277 1278 1280 1279 1278 1281 1280 1281 1282 1280 1281 1283 1282 1283 1284 1282 1285 1127 1126 1286 1127 1285 1287 1286 1285 1278 1268 1288 1278 1132 1268 1289 1290 1286 1289 1291 1290 1289 1288 1291 1289 1286 1287 1289 1278 1288 1281 1278 1289 1283 1281 1289 1284 1283 1289 1276 1277 1292 1277 1279 1292 1279 1280 1292 1292 1282 1293 1280 1282 1292 1282 940 1294 1282 1294 1293 965 1273 963 1273 1272 963 1272 1269 963 1269 1271 963 455 318 454 455 457 318 457 319 318 319 458 321 457 458 319 458 323 321 458 460 323 460 324 323 460 462 324 462 326 324 462 464 326 464 328 326 464 466 328 466 330 328 466 468 330 468 332 330 468 470 332 470 334 332 470 472 334 472 336 334 472 474 336 474 338 336 474 476 338 476 341 338 476 478 341 568 406 431 543 406 568 494 492 357 492 354 357 492 489 354 489 353 354 489 488 353 488 350 353 491 493 356 355 491 356 490 491 355 352 490 355 487 490 352 351 487 352 511 376 375 511 513 376 513 378 376 513 515 378 515 380 378 515 517 380 517 382 380 517 519 382 519 384 382 519 521 384 522 520 385 385 520 383 383 518 381 520 518 383 381 516 379 518 516 381 379 514 377 516 514 379 377 512 374 514 512 377 494 357 358 496 358 360 496 494 358 498 360 362 498 496 360 500 362 364 500 498 362 502 364 366 502 500 364 504 366 368 504 502 366 506 368 370 506 504 368 508 370 372 508 506 370 510 372 374 510 508 372 512 510 374 350 488 486 348 486 484 348 350 486 346 484 482 346 348 484 344 482 480 344 346 482 342 480 477 342 344 480 340 342 477 485 487 351 485 349 347 485 351 349 483 347 345 483 485 347 481 345 343 481 483 345 479 481 343 478 343 341 478 479 343 356 493 495 359 495 497 359 356 495 361 497 499 361 359 497 363 499 501 363 361 499 365 501 503 365 363 501 367 503 505 367 365 503 369 505 507 369 367 505 371 507 509 371 369 507 373 509 511 373 371 509 375 373 511 406 543 552 407 552 551 407 406 552 405 551 550 405 407 551 408 550 549 408 405 550 409 549 548 409 408 549 410 548 547 410 409 548 411 547 546 411 410 547 412 546 545 412 411 546 413 545 544 413 412 545 414 544 566 414 413 544 428 414 566 428 566 564 426 428 564 426 564 562 424 426 562 424 562 560 422 560 558 422 424 560 420 422 558 420 558 556 418 556 554 418 420 556 416 554 542 416 418 554 404 542 540 404 416 542 402 540 538 402 404 540 400 538 536 400 402 538 398 536 534 398 400 536 396 534 532 396 398 534 394 532 530 394 396 532 392 530 528 392 394 530 390 528 526 390 392 528 388 526 524 388 390 526 386 524 522 386 388 524 385 386 522 384 521 523 387 523 525 387 384 523 389 525 527 389 387 525 391 527 529 391 389 527 393 529 531 393 391 529 395 531 533 395 393 531 397 533 535 397 395 533 399 535 537 399 397 535 401 537 539 401 399 537 403 539 541 403 401 539 415 403 541 415 541 553 417 415 553 417 553 555 419 417 555 419 555 557 421 557 559 421 419 557 423 421 559 423 559 561 425 561 563 425 423 561 427 563 565 427 425 563 429 565 567 429 427 565 430 567 569 430 429 567 432 569 570 432 430 569 435 570 573 435 432 570 437 573 575 437 435 573 439 575 576 439 437 575 438 576 574 438 439 576 436 574 571 436 438 574 433 571 572 433 436 571 434 572 568 434 433 572 431 434 568 1295 302 1296 1296 302 1297 1297 302 1298 1298 302 1299 1299 302 1300 1300 302 1301 1301 302 1302 1302 302 1303 1303 302 1304 1304 302 1305 1305 302 1306 1306 302 301 1307 1308 1309 1309 1308 1310 1310 1308 1311 1311 1308 1312 1312 1308 1313 1313 1308 1314 1314 1308 1315 1315 1308 1316 1316 1308 1317 1317 1308 1318 1318 1308 1319 1319 1308 1295 1295 1308 302 1308 1320 302 302 1320 314 1320 315 314 1320 1321 315 1321 1322 315 315 1322 316 1322 1323 316 316 1323 317 1323 1324 317 317 1324 318 1324 1325 318 318 1325 1326 1325 1327 1326 1327 1328 1326 1327 1329 1328 1329 1330 1328 1328 1330 1331 1330 1332 1331 1331 1332 1333 1333 1334 1335 1332 1334 1333 1335 1336 1337 1334 1336 1335 1337 1338 1339 1336 1338 1337 1339 1340 1341 1338 1340 1339 1341 1342 1343 1340 1342 1341 1343 1344 1345 1342 1344 1343 1346 1347 1348 1345 1347 1346 1344 1347 1345 1348 1349 1350 1347 1349 1348 1350 1351 1352 1349 1351 1350 1352 1353 1354 1351 1353 1352 1354 1355 1356 1353 1355 1354 1355 1357 1356 1356 1358 1359 1357 1358 1356 1358 1360 1359 1359 1360 1361 1361 1362 1363 1363 1362 1364 1360 1362 1361 1364 1365 1366 1362 1365 1364 1366 1367 1368 1365 1367 1366 1368 1369 1370 1367 1369 1368 1369 1371 1370 1370 1371 1372 1372 1373 1374 1371 1373 1372 1374 1375 1376 1373 1375 1374 1376 1377 1378 1375 1377 1376 1378 1379 1380 1377 1379 1378 1379 1381 1380 1380 1382 1383 1381 1382 1380 1383 1384 1385 1382 1384 1383 1385 1386 1387 1384 1386 1385 1387 1388 1389 1386 1388 1387 1389 1390 1391 1391 1390 1392 1388 1390 1389 1392 1393 1394 1390 1393 1392 1394 1395 1396 1393 1395 1394 1396 1397 1398 1395 1397 1396 1397 1399 1398 1398 1399 1400 1399 1401 1400 1400 1401 1402 1401 1403 1402 1402 1403 1404 1403 1405 1404 1404 1405 1406 1405 1407 1406 1406 1407 1408 1407 1409 1408 1408 1409 1410 1411 1412 1413 1414 1412 1411 1415 1412 1414 1416 1412 1415 1417 1412 1416 1418 1412 1417 1419 1412 1418 1420 1412 1419 1409 1421 1410 1410 1421 1422 1422 1423 1424 1421 1423 1422 1424 1425 1426 1423 1425 1424 1425 1427 1426 1426 1427 1428 1428 1429 1430 1427 1429 1428 1429 1431 1430 1430 1431 1432 1432 1433 1434 1431 1433 1432 1433 1435 1434 1434 1435 1420 1412 1436 1437 1435 1436 1420 1420 1436 1412 1436 1438 1437 1437 1439 1440 1438 1441 1437 1437 1442 1439 1441 1443 1437 1437 1444 1442 1443 1445 1437 1437 1445 1444 1446 1447 1448 1449 1448 1450 1449 1446 1448 1451 1450 1452 1451 1449 1450 454 1451 1452 1453 1451 454 1454 454 1455 1454 1453 454 1456 1454 1455 1457 1455 1458 1457 1456 1455 1459 1458 1460 1459 1457 1458 1461 1460 1462 1461 1459 1460 1463 1462 1464 1463 1461 1462 1465 1464 1466 1465 1463 1464 1467 1466 1468 1467 1465 1466 1469 1468 1470 1469 1467 1468 1471 1470 1472 1471 1469 1470 1473 1472 1474 1473 1471 1472 1475 1474 1476 1475 1473 1474 1477 1475 1476 1478 1477 1476 1478 1476 1479 1480 1479 1481 1480 1478 1479 1482 1480 1481 1482 1481 1483 1484 1483 1485 1484 1482 1483 1486 1484 1485 1486 1485 1487 1488 1486 1487 1488 1487 1489 1490 1489 1491 1490 1488 1489 1492 1491 1493 1492 1490 1491 1494 1493 1495 1494 1492 1493 1496 1495 1497 1496 1494 1495 1498 1496 1497 1498 1497 1499 1500 1499 1501 1500 1498 1499 1502 1500 1501 1502 1501 1503 1504 1503 1505 1504 1502 1503 1506 1505 1507 1506 1504 1505 1508 1507 1509 1508 1506 1507 1510 1509 1511 1510 1508 1509 1512 1511 1513 1512 1510 1511 1514 1513 1515 1514 1512 1513 1516 1515 1517 1516 1514 1515 1518 1517 1519 1518 1516 1517 1520 1519 1521 1520 1518 1519 1522 1521 1523 1522 1520 1521 1524 1522 1523 1524 1523 1525 1526 1524 1525 1526 1525 1527 1528 1527 1529 1528 1526 1527 1530 1528 1529 1530 1529 1531 1532 1530 1531 1532 1531 1533 1534 1532 1533 1534 1533 1535 1536 1534 1535 1536 1535 1537 1538 1537 1539 1538 1536 1537 1540 1539 1541 1540 1538 1539 1542 1543 1544 1542 1544 1545 1542 1545 1546 1542 1546 1547 1542 1547 1548 1542 1548 1549 1542 1549 1550 1542 1550 1551 1552 1541 1553 1552 1540 1541 1554 1553 1555 1554 1552 1553 1556 1555 1557 1556 1554 1555 1558 1557 1559 1558 1556 1557 1560 1559 1561 1560 1558 1559 1562 1561 1563 1562 1560 1561 1564 1563 1565 1564 1562 1563 1566 1565 1543 1566 1564 1565 1567 1543 1542 1567 1566 1543 1568 1566 1567 1569 1568 1567 1570 1567 1571 1572 1569 1567 1573 1567 1570 1574 1572 1567 1575 1567 1573 1575 1574 1567 1476 1345 1346 1345 1474 1343 1476 1474 1345 1343 1472 1341 1474 1472 1343 1341 1470 1339 1472 1470 1341 1339 1468 1337 1470 1468 1339 1337 1466 1335 1468 1466 1337 1335 1464 1333 1466 1464 1335 1333 1462 1331 1464 1462 1333 1331 1460 1328 1462 1460 1331 1328 1458 1326 1460 1458 1328 1326 1455 318 1458 1455 1326 1455 454 318 1576 1577 1578 1578 1577 1579 1579 1580 1581 1577 1580 1579 1581 1582 1446 1580 1582 1581 1447 1446 1582 1583 1584 1585 1583 1585 654 1583 654 1586 1587 1583 1586 1588 1587 1586 1589 1587 1588 1590 1589 1588 1591 1589 1590 1453 1591 1590 1578 654 1576 1449 1586 1446 1579 1586 1578 1581 1586 1579 1446 1586 1581 1578 1586 654 1451 1588 1449 1449 1588 1586 1451 1590 1588 1451 1453 1590 1592 1593 1594 1594 1593 1595 1595 1593 1596 1596 1593 1597 1593 1598 1597 1584 1597 1599 1599 1597 1598 668 667 1600 1600 667 1601 1601 667 1602 1602 667 1603 1604 1605 1606 1607 1604 1606 1608 1609 1607 1608 1610 1609 1608 1611 1610 1608 1606 1612 1608 1612 1613 1608 1613 1614 1608 1607 1606 1615 1611 1608 1616 1617 1611 1616 1611 1615 1618 1617 1616 1602 1619 1601 1603 1619 1602 1601 1620 1600 1619 1620 1601 1600 1621 668 1620 1621 1600 1621 805 668 1592 1622 676 1592 1623 1622 1592 1624 1623 1594 1605 1592 1592 1605 1624 1595 1606 1594 1596 1606 1595 1594 1606 1605 1597 1612 1596 1596 1612 1606 1597 1613 1612 1597 1614 1613 1618 1625 1617 1617 1626 1627 1625 1626 1617 1626 1605 1627 1626 1628 1605 1622 673 676 1623 673 1622 1624 673 1623 1605 673 1624 1628 673 1605 1629 1630 1628 1631 1630 1629 1632 1630 1631 1633 1630 1632 1628 1630 673 673 1634 677 1630 1634 673 677 1635 679 1634 1635 677 679 1636 1637 1635 1636 679 1636 1638 1637 1637 1639 1640 1638 1639 1637 1639 1641 1640 1640 1641 1642 1641 1643 1642 1642 1643 1644 1644 1645 1646 1643 1645 1644 1646 1647 1648 1645 1647 1646 1648 1649 1650 1647 1649 1648 1650 1651 1652 1649 1651 1650 1652 1653 1654 1651 1653 1652 1654 1655 1656 1653 1655 1654 1656 1657 1658 1655 1657 1656 1658 1659 1660 1657 1659 1658 1660 1661 1662 1659 1661 1660 1662 1663 1664 1661 1663 1662 1664 1665 1666 1663 1665 1664 1666 1667 1668 1665 1667 1666 1668 1669 1670 1667 1669 1668 1669 1671 1670 1670 1672 1673 1671 1672 1670 1673 1674 1675 1672 1674 1673 1675 1676 1677 1677 1676 1678 1674 1676 1675 1678 1679 1680 1676 1679 1678 1680 1681 1682 1679 1681 1680 1682 1683 1684 1681 1683 1682 1684 1685 1686 1683 1685 1684 1685 1687 1686 1686 1687 1688 1687 1689 1688 1688 1689 1690 1689 1691 1690 1690 1691 1692 1691 1693 1692 1692 1693 1694 1693 1695 1694 1695 1696 1694 1694 1696 1697 1697 1698 1699 1696 1698 1697 1698 1700 1699 1699 1700 1701 1700 1702 1701 1701 1702 1703 1702 1704 1703 1703 1704 1705 1705 1704 1706 1704 1707 1706 1706 1707 1708 1707 1709 1708 1708 1709 1710 1710 1711 1712 1709 1711 1710 1712 1713 1714 1711 1713 1712 1714 1715 1716 1713 1715 1714 1716 1717 1718 1715 1717 1716 1718 1719 1720 1717 1719 1718 1720 1721 1722 1719 1721 1720 1722 1723 1724 1721 1723 1722 1725 1726 1727 1728 1726 1725 1729 1726 1728 1730 1726 1729 1731 1726 1730 1732 1726 1731 1733 1726 1732 1734 1726 1733 1723 1735 1724 1724 1735 1736 1735 1737 1736 1736 1737 1738 1737 1739 1738 1738 1739 1740 1739 1741 1740 1740 1741 1742 1741 1743 1742 1742 1743 1744 1743 1745 1744 1744 1745 1746 1745 1747 1746 1746 1747 1748 1747 1749 1748 1748 1749 1734 1734 1750 1726 1749 1750 1734 1726 1750 1751 1750 1752 1751 1751 1753 1754 1752 1755 1751 1751 1756 1753 1755 1757 1751 1751 1758 1756 1757 1759 1751 1751 1759 1758 1605 1604 1627 1760 1628 1626 1761 1762 1763 1763 1764 1765 1762 1764 1763 1764 1766 1765 1764 1767 1766 1768 973 976 1769 973 1768 1770 973 1769 1766 973 1770 1767 973 1766 1771 808 1767 1772 808 1771 1773 808 1772 627 808 1773 1767 808 973 973 812 978 808 812 973 978 813 979 812 813 978 979 1774 1775 813 1774 979 1774 1776 1775 1775 1777 1778 1776 1777 1775 1777 1779 1778 1778 1779 1780 1779 1781 1780 1780 1781 1782 1782 1783 1784 1781 1783 1782 1784 1785 1786 1783 1785 1784 1786 1787 1788 1785 1787 1786 1788 1789 1790 1787 1789 1788 1790 1791 1792 1789 1791 1790 1792 1793 1794 1791 1793 1792 1794 1795 1796 1793 1795 1794 1796 1797 1798 1795 1797 1796 1798 1799 1800 1797 1799 1798 1800 1801 1802 1799 1801 1800 1802 1803 1804 1801 1803 1802 1804 1805 1806 1803 1805 1804 1806 1807 1808 1805 1807 1806 1807 1809 1808 1808 1810 1811 1809 1810 1808 1811 1812 1813 1813 1812 1814 1810 1812 1811 1814 1815 1816 1812 1815 1814 1816 1817 1818 1815 1817 1816 1818 1819 1820 1817 1819 1818 1820 1821 1822 1819 1821 1820 1822 1823 1824 1821 1823 1822 1823 1825 1824 1824 1825 1826 1825 1827 1826 1826 1827 1828 1827 1829 1828 1828 1829 1830 1829 1831 1830 1830 1831 1832 1831 1833 1832 1833 1834 1832 1832 1834 1835 1835 1836 1837 1834 1836 1835 1836 1838 1837 1837 1838 1839 1838 1840 1839 1839 1840 1841 1840 1842 1841 1841 1842 1843 1843 1842 1844 1842 1845 1844 1844 1845 1846 1845 1847 1846 1846 1847 1848 1848 1849 1850 1847 1849 1848 1850 1851 1852 1849 1851 1850 1852 1853 1854 1851 1853 1852 1854 1855 1856 1853 1855 1854 1856 1857 1858 1855 1857 1856 1858 1859 1860 1857 1859 1858 1860 1861 1862 1859 1861 1860 1863 1864 1865 1866 1864 1863 1867 1864 1866 1868 1864 1867 1869 1864 1868 1870 1864 1869 1871 1864 1870 1872 1864 1871 1861 1873 1862 1862 1873 1874 1873 1875 1874 1874 1875 1876 1875 1877 1876 1876 1877 1878 1877 1879 1878 1878 1879 1880 1879 1881 1880 1880 1881 1882 1881 1883 1882 1882 1883 1884 1883 1885 1884 1884 1885 1886 1885 1887 1886 1886 1887 1872 1872 1888 1864 1887 1888 1872 1864 1888 1889 1888 1890 1889 1889 1891 1892 1890 1893 1889 1889 1894 1891 1893 1895 1889 1889 1896 1894 1895 1897 1889 1889 1897 1896 1766 1898 1765 1899 1767 1764 1900 1901 1902 1903 1901 1900 1904 1905 1903 1903 1905 1901 1765 1906 1904 1904 1906 1905 1765 1898 1906 1765 1904 1763 1904 1903 1763 1903 1900 1763 1900 1902 1763 1454 1324 1453 1454 1456 1324 1456 1325 1324 1325 1457 1327 1456 1457 1325 1457 1329 1327 1457 1459 1329 1459 1330 1329 1459 1461 1330 1461 1332 1330 1461 1463 1332 1463 1334 1332 1463 1465 1334 1465 1336 1334 1465 1467 1336 1467 1338 1336 1467 1469 1338 1469 1340 1338 1469 1471 1340 1471 1342 1340 1471 1473 1342 1473 1344 1342 1473 1475 1344 1475 1347 1344 1475 1477 1347 1567 1412 1437 1542 1412 1567 1493 1491 1363 1491 1361 1363 1491 1489 1361 1489 1359 1361 1489 1487 1359 1487 1356 1359 1490 1492 1362 1360 1490 1362 1488 1490 1360 1358 1488 1360 1486 1488 1358 1357 1486 1358 1510 1382 1381 1510 1512 1382 1512 1384 1382 1512 1514 1384 1514 1386 1384 1514 1516 1386 1516 1388 1386 1516 1518 1388 1518 1390 1388 1518 1520 1390 1521 1519 1391 1391 1519 1389 1389 1517 1387 1519 1517 1389 1387 1515 1385 1517 1515 1387 1385 1513 1383 1515 1513 1385 1383 1511 1380 1513 1511 1383 1493 1363 1364 1495 1364 1366 1495 1493 1364 1497 1366 1368 1497 1495 1366 1499 1368 1370 1499 1497 1368 1501 1370 1372 1501 1499 1370 1503 1372 1374 1503 1501 1372 1505 1374 1376 1505 1503 1374 1507 1376 1378 1507 1505 1376 1509 1378 1380 1509 1507 1378 1511 1509 1380 1356 1487 1485 1354 1485 1483 1354 1356 1485 1352 1483 1481 1352 1354 1483 1350 1481 1479 1350 1352 1481 1348 1479 1476 1348 1350 1479 1346 1348 1476 1484 1486 1357 1484 1355 1353 1484 1357 1355 1482 1353 1351 1482 1484 1353 1480 1351 1349 1480 1482 1351 1478 1480 1349 1477 1349 1347 1477 1478 1349 1362 1492 1494 1365 1494 1496 1365 1362 1494 1367 1496 1498 1367 1365 1496 1369 1498 1500 1369 1367 1498 1371 1500 1502 1371 1369 1500 1373 1502 1504 1373 1371 1502 1375 1504 1506 1375 1373 1504 1377 1506 1508 1377 1375 1506 1379 1508 1510 1379 1377 1508 1381 1379 1510 1412 1542 1551 1413 1551 1550 1413 1412 1551 1411 1550 1549 1411 1413 1550 1414 1549 1548 1414 1411 1549 1415 1548 1547 1415 1414 1548 1416 1547 1546 1416 1415 1547 1417 1546 1545 1417 1416 1546 1418 1545 1544 1418 1417 1545 1419 1544 1543 1419 1418 1544 1420 1543 1565 1420 1419 1543 1434 1420 1565 1434 1565 1563 1432 1434 1563 1432 1563 1561 1430 1432 1561 1430 1561 1559 1428 1559 1557 1428 1430 1559 1426 1428 1557 1426 1557 1555 1424 1555 1553 1424 1426 1555 1422 1553 1541 1422 1424 1553 1410 1541 1539 1410 1422 1541 1408 1539 1537 1408 1410 1539 1406 1537 1535 1406 1408 1537 1404 1535 1533 1404 1406 1535 1402 1533 1531 1402 1404 1533 1400 1531 1529 1400 1402 1531 1398 1529 1527 1398 1400 1529 1396 1527 1525 1396 1398 1527 1394 1525 1523 1394 1396 1525 1392 1523 1521 1392 1394 1523 1391 1392 1521 1390 1520 1522 1393 1522 1524 1393 1390 1522 1395 1524 1526 1395 1393 1524 1397 1526 1528 1397 1395 1526 1399 1528 1530 1399 1397 1528 1401 1530 1532 1401 1399 1530 1403 1532 1534 1403 1401 1532 1405 1534 1536 1405 1403 1534 1407 1536 1538 1407 1405 1536 1409 1538 1540 1409 1407 1538 1421 1409 1540 1421 1540 1552 1423 1421 1552 1423 1552 1554 1425 1423 1554 1425 1554 1556 1427 1556 1558 1427 1425 1556 1429 1427 1558 1429 1558 1560 1431 1560 1562 1431 1429 1560 1433 1562 1564 1433 1431 1562 1435 1564 1566 1435 1433 1564 1436 1566 1568 1436 1435 1566 1438 1568 1569 1438 1436 1568 1441 1569 1572 1441 1438 1569 1443 1572 1574 1443 1441 1572 1445 1574 1575 1445 1443 1574 1444 1575 1573 1444 1445 1575 1442 1573 1570 1442 1444 1573 1439 1570 1571 1439 1442 1570 1440 1571 1567 1440 1439 1571 1437 1440 1567 1907 1308 1908 1908 1308 1909 1909 1308 1910 1910 1308 1911 1911 1308 1912 1912 1308 1913 1913 1308 1914 1914 1308 1915 1915 1308 1916 1916 1308 1917 1917 1308 1918 1918 1308 1307 1919 1920 1921 1921 1920 1922 1922 1920 1923 1923 1920 1924 1924 1920 1925 1925 1920 1926 1926 1920 1927 1927 1920 1928 1928 1920 1929 1929 1920 1930 1930 1920 1931 1931 1920 1907 1907 1920 1308 1920 1320 1308 1920 1932 1320 1320 1933 1321 1932 1933 1320 1933 1322 1321 1933 1934 1322 1934 1935 1322 1322 1935 1323 1323 1935 1324 1935 1936 1324 1936 1937 1324 1324 1937 1938 1937 1939 1938 1939 1940 1938 1939 1941 1940 1941 1942 1940 1940 1942 1943 1942 1944 1943 1943 1944 1945 1945 1946 1947 1944 1946 1945 1947 1948 1949 1946 1948 1947 1949 1950 1951 1948 1950 1949 1951 1952 1953 1950 1952 1951 1953 1954 1955 1952 1954 1953 1955 1956 1957 1954 1956 1955 1958 1959 1960 1957 1959 1958 1956 1959 1957 1960 1961 1962 1959 1961 1960 1962 1963 1964 1961 1963 1962 1964 1965 1966 1963 1965 1964 1966 1967 1968 1965 1967 1966 1967 1969 1968 1968 1970 1971 1971 1970 1972 1969 1970 1968 1970 1973 1972 1973 1974 1972 1972 1974 1975 1975 1974 1976 1976 1977 1978 1974 1977 1976 1978 1979 1980 1977 1979 1978 1979 1981 1980 1980 1981 1982 1981 1983 1982 1982 1983 1984 1984 1985 1986 1983 1985 1984 1986 1987 1988 1985 1987 1986 1988 1989 1990 1987 1989 1988 1990 1991 1992 1989 1991 1990 1991 1993 1992 1992 1994 1995 1993 1994 1992 1995 1996 1997 1994 1996 1995 1997 1998 1999 1996 1998 1997 1999 2000 2001 1998 2000 1999 2001 2002 2003 2003 2002 2004 2000 2002 2001 2004 2005 2006 2002 2005 2004 2006 2007 2008 2005 2007 2006 2008 2009 2010 2007 2009 2008 2009 2011 2010 2010 2011 2012 2011 2013 2012 2012 2013 2014 2013 2015 2014 2014 2015 2016 2015 2017 2016 2016 2017 2018 2017 2019 2018 2018 2019 2020 2019 2021 2020 2020 2021 2022 2023 2024 2025 2026 2024 2023 2027 2024 2026 2028 2024 2027 2029 2024 2028 2030 2024 2029 2031 2024 2030 2032 2024 2031 2021 2033 2022 2022 2033 2034 2034 2035 2036 2033 2035 2034 2036 2037 2038 2035 2037 2036 2037 2039 2038 2038 2039 2040 2040 2041 2042 2039 2041 2040 2041 2043 2042 2042 2043 2044 2044 2045 2046 2043 2045 2044 2045 2047 2046 2046 2047 2032 2024 2048 2049 2047 2048 2032 2032 2048 2024 2048 2050 2049 2049 2051 2052 2050 2053 2049 2049 2054 2051 2053 2055 2049 2049 2056 2054 2055 2057 2049 2049 2057 2056 2058 2059 2060 2061 2058 2060 2062 2058 2061 2063 2062 2061 2064 2062 2063 1453 2064 2063 2065 2064 1453 2066 1453 2067 2066 2065 1453 2068 2066 2067 2069 2067 2070 2069 2068 2067 2071 2070 2072 2071 2069 2070 2073 2072 2074 2073 2071 2072 2075 2074 2076 2075 2073 2074 2077 2076 2078 2077 2075 2076 2079 2078 2080 2079 2077 2078 2081 2080 2082 2081 2079 2080 2083 2082 2084 2083 2081 2082 2085 2084 2086 2085 2083 2084 2087 2086 2088 2087 2085 2086 2089 2087 2088 2090 2089 2088 2090 2088 2091 2092 2091 2093 2092 2090 2091 2094 2092 2093 2094 2093 2095 2096 2095 2097 2096 2094 2095 2098 2096 2097 2098 2097 2099 2098 2099 2100 2101 2098 2100 2102 2100 2103 2102 2101 2100 2104 2103 2105 2104 2102 2103 2106 2105 2107 2106 2104 2105 2108 2107 2109 2108 2106 2107 2110 2108 2109 2110 2109 2111 2112 2111 2113 2112 2110 2111 2114 2112 2113 2114 2113 2115 2116 2115 2117 2116 2114 2115 2118 2117 2119 2118 2116 2117 2120 2119 2121 2120 2118 2119 2122 2121 2123 2122 2120 2121 2124 2123 2125 2124 2122 2123 2126 2125 2127 2126 2124 2125 2128 2127 2129 2128 2126 2127 2130 2129 2131 2130 2128 2129 2132 2131 2133 2132 2130 2131 2134 2133 2135 2134 2132 2133 2136 2134 2135 2136 2135 2137 2138 2136 2137 2138 2137 2139 2140 2139 2141 2140 2138 2139 2142 2140 2141 2142 2141 2143 2144 2142 2143 2144 2143 2145 2146 2144 2145 2146 2145 2147 2148 2146 2147 2148 2147 2149 2150 2149 2151 2150 2148 2149 2152 2151 2153 2152 2150 2151 2154 2155 2156 2154 2156 2157 2154 2157 2158 2154 2158 2159 2154 2159 2160 2154 2160 2161 2154 2161 2162 2154 2162 2163 2164 2153 2165 2164 2152 2153 2166 2165 2167 2166 2164 2165 2168 2167 2169 2168 2166 2167 2170 2169 2171 2170 2168 2169 2172 2171 2173 2172 2170 2171 2174 2173 2175 2174 2172 2173 2176 2175 2177 2176 2174 2175 2178 2177 2155 2178 2176 2177 2179 2155 2154 2179 2178 2155 2180 2178 2179 2181 2180 2179 2182 2179 2183 2184 2181 2179 2185 2179 2182 2186 2184 2179 2187 2179 2185 2187 2186 2179 2088 1957 1958 1957 2086 1955 2088 2086 1957 1955 2084 1953 2086 2084 1955 1953 2082 1951 2084 2082 1953 1951 2080 1949 2082 2080 1951 1949 2078 1947 2080 2078 1949 1947 2076 1945 2078 2076 1947 1945 2074 1943 2076 2074 1945 1943 2072 1940 2074 2072 1943 1940 2070 1938 2072 2070 1940 1938 2067 1324 2070 2067 1938 2067 1453 1324 2188 2189 2190 2190 2189 2191 2191 2192 2193 2189 2192 2191 2193 2194 2058 2192 2194 2193 2059 2058 2194 2195 2196 2197 2195 2197 1614 2195 1614 2198 2199 2195 2198 2200 2199 2198 2201 2199 2200 2202 2201 2200 2203 2201 2202 2065 2203 2202 2190 1614 2188 2062 2198 2058 2191 2198 2190 2193 2198 2191 2058 2198 2193 2190 2198 1614 2064 2200 2062 2062 2200 2198 2064 2202 2200 2064 2065 2202 2204 2205 2206 2206 2205 2207 2207 2205 2208 2208 2205 2209 2205 2210 2209 2196 2209 2211 2211 2209 2210 1626 1625 2212 2212 1625 2213 2213 1625 2214 2214 1625 2215 2216 2217 2218 2219 2216 2218 2220 2221 2219 2220 2222 2221 2220 2223 2222 2220 2218 2224 2220 2224 2225 2220 2225 2226 2220 2219 2218 2227 2223 2220 2228 2229 2223 2228 2223 2227 2230 2229 2228 2214 2231 2213 2215 2231 2214 2213 2232 2212 2231 2232 2213 2212 2233 1626 2232 2233 2212 2233 1760 1626 2204 2234 1633 2204 2235 2234 2204 2236 2235 2206 2217 2204 2204 2217 2236 2207 2218 2206 2208 2218 2207 2206 2218 2217 2209 2224 2208 2208 2224 2218 2209 2225 2224 2209 2226 2225 2230 2237 2229 2229 2238 2239 2237 2238 2229 2238 2217 2239 2238 2240 2217 2234 1630 1633 2235 1630 2234 2236 1630 2235 2217 1630 2236 2240 1630 2217 2241 2242 2240 2243 2242 2241 2244 2242 2243 2245 2242 2244 2240 2242 1630 1630 2246 1634 2242 2246 1630 1634 2247 1635 2246 2247 1634 1635 2248 2249 2247 2248 1635 2248 2250 2249 2249 2251 2252 2250 2251 2249 2251 2253 2252 2252 2253 2254 2253 2255 2254 2254 2255 2256 2256 2257 2258 2255 2257 2256 2258 2259 2260 2257 2259 2258 2260 2261 2262 2259 2261 2260 2262 2263 2264 2261 2263 2262 2264 2265 2266 2263 2265 2264 2266 2267 2268 2265 2267 2266 2268 2269 2270 2267 2269 2268 2270 2271 2272 2269 2271 2270 2272 2273 2274 2271 2273 2272 2274 2275 2276 2273 2275 2274 2276 2277 2278 2275 2277 2276 2278 2279 2280 2277 2279 2278 2280 2281 2282 2279 2281 2280 2281 2283 2282 2282 2284 2285 2283 2284 2282 2285 2286 2287 2287 2286 2288 2284 2286 2285 2288 2289 2290 2286 2289 2288 2290 2291 2292 2289 2291 2290 2292 2293 2294 2291 2293 2292 2294 2295 2296 2293 2295 2294 2296 2297 2298 2295 2297 2296 2297 2299 2298 2298 2299 2300 2299 2301 2300 2300 2301 2302 2301 2303 2302 2302 2303 2304 2303 2305 2304 2304 2305 2306 2305 2307 2306 2307 2308 2306 2306 2308 2309 2309 2310 2311 2308 2310 2309 2310 2312 2311 2311 2312 2313 2312 2314 2313 2313 2314 2315 2314 2316 2315 2315 2316 2317 2317 2316 2318 2316 2319 2318 2318 2319 2320 2319 2321 2320 2320 2321 2322 2322 2323 2324 2321 2323 2322 2324 2325 2326 2323 2325 2324 2326 2327 2328 2325 2327 2326 2328 2329 2330 2327 2329 2328 2330 2331 2332 2329 2331 2330 2332 2333 2334 2331 2333 2332 2334 2335 2336 2333 2335 2334 2337 2338 2339 2340 2338 2337 2341 2338 2340 2342 2338 2341 2343 2338 2342 2344 2338 2343 2345 2338 2344 2346 2338 2345 2335 2347 2336 2336 2347 2348 2347 2349 2348 2348 2349 2350 2349 2351 2350 2350 2351 2352 2351 2353 2352 2352 2353 2354 2353 2355 2354 2354 2355 2356 2355 2357 2356 2356 2357 2358 2357 2359 2358 2358 2359 2360 2359 2361 2360 2360 2361 2346 2346 2362 2338 2361 2362 2346 2338 2362 2363 2362 2364 2363 2363 2365 2366 2364 2367 2363 2363 2368 2365 2367 2369 2363 2363 2370 2368 2369 2371 2363 2363 2371 2370 2217 2216 2239 2372 2240 2238 2066 1936 2065 2066 2068 1936 2068 1937 1936 1937 2069 1939 2068 2069 1937 2069 1941 1939 2069 2071 1941 2071 1942 1941 2071 2073 1942 2073 1944 1942 2073 2075 1944 2075 1946 1944 2075 2077 1946 2077 1948 1946 2077 2079 1948 2079 1950 1948 2079 2081 1950 2081 1952 1950 2081 2083 1952 2083 1954 1952 2083 2085 1954 2085 1956 1954 2085 2087 1956 2087 1959 1956 2087 2089 1959 2179 2024 2049 2154 2024 2179 2105 2103 1975 2103 1972 1975 2103 2100 1972 2100 1971 1972 2100 2099 1971 2099 1968 1971 2102 2104 1974 1973 2102 1974 2101 2102 1973 1970 2101 1973 2098 2101 1970 1969 2098 1970 2122 1994 1993 2122 2124 1994 2124 1996 1994 2124 2126 1996 2126 1998 1996 2126 2128 1998 2128 2000 1998 2128 2130 2000 2130 2002 2000 2130 2132 2002 2133 2131 2003 2003 2131 2001 2001 2129 1999 2131 2129 2001 1999 2127 1997 2129 2127 1999 1997 2125 1995 2127 2125 1997 1995 2123 1992 2125 2123 1995 2105 1975 1976 2107 1976 1978 2107 2105 1976 2109 1978 1980 2109 2107 1978 2111 1980 1982 2111 2109 1980 2113 1982 1984 2113 2111 1982 2115 1984 1986 2115 2113 1984 2117 1986 1988 2117 2115 1986 2119 1988 1990 2119 2117 1988 2121 1990 1992 2121 2119 1990 2123 2121 1992 1968 2099 2097 1966 2097 2095 1966 1968 2097 1964 2095 2093 1964 1966 2095 1962 2093 2091 1962 1964 2093 1960 2091 2088 1960 1962 2091 1958 1960 2088 2096 2098 1969 2096 1967 1965 2096 1969 1967 2094 1965 1963 2094 2096 1965 2092 1963 1961 2092 2094 1963 2090 2092 1961 2089 1961 1959 2089 2090 1961 1974 2104 2106 1977 2106 2108 1977 1974 2106 1979 2108 2110 1979 1977 2108 1981 2110 2112 1981 1979 2110 1983 2112 2114 1983 1981 2112 1985 2114 2116 1985 1983 2114 1987 2116 2118 1987 1985 2116 1989 2118 2120 1989 1987 2118 1991 2120 2122 1991 1989 2120 1993 1991 2122 2024 2154 2163 2025 2163 2162 2025 2024 2163 2023 2162 2161 2023 2025 2162 2026 2161 2160 2026 2023 2161 2027 2160 2159 2027 2026 2160 2028 2159 2158 2028 2027 2159 2029 2158 2157 2029 2028 2158 2030 2157 2156 2030 2029 2157 2031 2156 2155 2031 2030 2156 2032 2155 2177 2032 2031 2155 2046 2032 2177 2046 2177 2175 2044 2046 2175 2044 2175 2173 2042 2044 2173 2042 2173 2171 2040 2171 2169 2040 2042 2171 2038 2040 2169 2038 2169 2167 2036 2167 2165 2036 2038 2167 2034 2165 2153 2034 2036 2165 2022 2153 2151 2022 2034 2153 2020 2151 2149 2020 2022 2151 2018 2149 2147 2018 2020 2149 2016 2147 2145 2016 2018 2147 2014 2145 2143 2014 2016 2145 2012 2143 2141 2012 2014 2143 2010 2141 2139 2010 2012 2141 2008 2139 2137 2008 2010 2139 2006 2137 2135 2006 2008 2137 2004 2135 2133 2004 2006 2135 2003 2004 2133 2002 2132 2134 2005 2134 2136 2005 2002 2134 2007 2136 2138 2007 2005 2136 2009 2138 2140 2009 2007 2138 2011 2140 2142 2011 2009 2140 2013 2142 2144 2013 2011 2142 2015 2144 2146 2015 2013 2144 2017 2146 2148 2017 2015 2146 2019 2148 2150 2019 2017 2148 2021 2150 2152 2021 2019 2150 2033 2021 2152 2033 2152 2164 2035 2033 2164 2035 2164 2166 2037 2035 2166 2037 2166 2168 2039 2168 2170 2039 2037 2168 2041 2039 2170 2041 2170 2172 2043 2172 2174 2043 2041 2172 2045 2174 2176 2045 2043 2174 2047 2176 2178 2047 2045 2176 2048 2178 2180 2048 2047 2178 2050 2180 2181 2050 2048 2180 2053 2181 2184 2053 2050 2181 2055 2184 2186 2055 2053 2184 2057 2186 2187 2057 2055 2186 2056 2187 2185 2056 2057 2187 2054 2185 2182 2054 2056 2185 2051 2182 2183 2051 2054 2182 2052 2183 2179 2052 2051 2183 2049 2052 2179 2373 1920 2374 2374 1920 2375 2375 1920 2376 2376 1920 2377 2377 1920 2378 2378 1920 2379 2379 1920 2380 2380 1920 2381 2381 1920 2382 2382 1920 2383 2383 1920 2384 2384 1920 1919 2385 2386 2387 2387 2386 2388 2388 2386 2389 2389 2386 2390 2390 2386 2391 2391 2386 2392 2392 2386 2393 2393 2386 2394 2394 2386 2395 2395 2386 2396 2396 2386 2397 2397 2386 2373 2373 2386 1920 2386 2398 1920 1920 2398 1932 2398 1933 1932 2398 2399 1933 2399 2400 1933 1933 2400 1934 2400 2401 1934 1934 2401 1935 2401 2402 1935 1935 2402 1936 2402 2403 1936 1936 2403 2404 2403 2405 2404 2405 2406 2404 2405 2407 2406 2407 2408 2406 2406 2408 2409 2408 2410 2409 2409 2410 2411 2411 2412 2413 2410 2412 2411 2413 2414 2415 2412 2414 2413 2415 2416 2417 2414 2416 2415 2417 2418 2419 2416 2418 2417 2419 2420 2421 2418 2420 2419 2421 2422 2423 2420 2422 2421 2424 2425 2426 2423 2425 2424 2422 2425 2423 2426 2427 2428 2425 2427 2426 2428 2429 2430 2427 2429 2428 2430 2431 2432 2429 2431 2430 2432 2433 2434 2431 2433 2432 2433 2435 2434 2434 2436 2437 2435 2436 2434 2436 2438 2437 2437 2438 2439 2439 2440 2441 2441 2440 2442 2438 2440 2439 2442 2443 2444 2440 2443 2442 2444 2445 2446 2443 2445 2444 2446 2447 2448 2445 2447 2446 2447 2449 2448 2448 2449 2450 2450 2451 2452 2449 2451 2450 2452 2453 2454 2451 2453 2452 2454 2455 2456 2453 2455 2454 2456 2457 2458 2455 2457 2456 2457 2459 2458 2458 2460 2461 2459 2460 2458 2461 2462 2463 2460 2462 2461 2463 2464 2465 2462 2464 2463 2465 2466 2467 2464 2466 2465 2467 2468 2469 2469 2468 2470 2466 2468 2467 2470 2471 2472 2468 2471 2470 2472 2473 2474 2471 2473 2472 2474 2475 2476 2473 2475 2474 2475 2477 2476 2476 2477 2478 2477 2479 2478 2478 2479 2480 2479 2481 2480 2480 2481 2482 2481 2483 2482 2482 2483 2484 2483 2485 2484 2484 2485 2486 2485 2487 2486 2486 2487 2488 2489 2490 2491 2492 2490 2489 2493 2490 2492 2494 2490 2493 2495 2490 2494 2496 2490 2495 2497 2490 2496 2498 2490 2497 2487 2499 2488 2488 2499 2500 2500 2501 2502 2499 2501 2500 2502 2503 2504 2501 2503 2502 2503 2505 2504 2504 2505 2506 2506 2507 2508 2505 2507 2506 2507 2509 2508 2508 2509 2510 2510 2511 2512 2509 2511 2510 2511 2513 2512 2512 2513 2498 2490 2514 2515 2513 2514 2498 2498 2514 2490 2514 2516 2515 2515 2517 2518 2516 2519 2515 2515 2520 2517 2519 2521 2515 2515 2522 2520 2521 2523 2515 2515 2523 2522 2524 2525 2526 2527 2526 2528 2527 2524 2526 2529 2528 2530 2529 2527 2528 2065 2529 2530 2531 2529 2065 2532 2065 2533 2532 2531 2065 2534 2532 2533 2535 2533 2536 2535 2534 2533 2537 2536 2538 2537 2535 2536 2539 2538 2540 2539 2537 2538 2541 2540 2542 2541 2539 2540 2543 2542 2544 2543 2541 2542 2545 2544 2546 2545 2543 2544 2547 2546 2548 2547 2545 2546 2549 2548 2550 2549 2547 2548 2551 2550 2552 2551 2549 2550 2553 2552 2554 2553 2551 2552 2555 2553 2554 2556 2555 2554 2556 2554 2557 2558 2557 2559 2558 2556 2557 2560 2558 2559 2560 2559 2561 2562 2561 2563 2562 2560 2561 2564 2562 2563 2564 2563 2565 2566 2564 2565 2566 2565 2567 2568 2567 2569 2568 2566 2567 2570 2569 2571 2570 2568 2569 2572 2571 2573 2572 2570 2571 2574 2573 2575 2574 2572 2573 2576 2574 2575 2576 2575 2577 2578 2577 2579 2578 2576 2577 2580 2578 2579 2580 2579 2581 2582 2581 2583 2582 2580 2581 2584 2583 2585 2584 2582 2583 2586 2585 2587 2586 2584 2585 2588 2587 2589 2588 2586 2587 2590 2589 2591 2590 2588 2589 2592 2591 2593 2592 2590 2591 2594 2593 2595 2594 2592 2593 2596 2595 2597 2596 2594 2595 2598 2597 2599 2598 2596 2597 2600 2599 2601 2600 2598 2599 2602 2600 2601 2602 2601 2603 2604 2602 2603 2604 2603 2605 2606 2605 2607 2606 2604 2605 2608 2606 2607 2608 2607 2609 2610 2608 2609 2610 2609 2611 2612 2610 2611 2612 2611 2613 2614 2612 2613 2614 2613 2615 2616 2615 2617 2616 2614 2615 2618 2617 2619 2618 2616 2617 2620 2621 2622 2620 2622 2623 2620 2623 2624 2620 2624 2625 2620 2625 2626 2620 2626 2627 2620 2627 2628 2620 2628 2629 2630 2619 2631 2630 2618 2619 2632 2631 2633 2632 2630 2631 2634 2633 2635 2634 2632 2633 2636 2635 2637 2636 2634 2635 2638 2637 2639 2638 2636 2637 2640 2639 2641 2640 2638 2639 2642 2641 2643 2642 2640 2641 2644 2643 2621 2644 2642 2643 2645 2621 2620 2645 2644 2621 2646 2644 2645 2647 2646 2645 2648 2645 2649 2650 2647 2645 2651 2645 2648 2652 2650 2645 2653 2645 2651 2653 2652 2645 2554 2423 2424 2423 2552 2421 2554 2552 2423 2421 2550 2419 2552 2550 2421 2419 2548 2417 2550 2548 2419 2417 2546 2415 2548 2546 2417 2415 2544 2413 2546 2544 2415 2413 2542 2411 2544 2542 2413 2411 2540 2409 2542 2540 2411 2409 2538 2406 2540 2538 2409 2406 2536 2404 2538 2536 2406 2404 2533 1936 2536 2533 2404 2533 2065 1936 2654 2655 2656 2656 2655 2657 2657 2658 2659 2655 2658 2657 2659 2660 2524 2658 2660 2659 2525 2524 2660 2661 2662 2663 2661 2663 2226 2661 2226 2664 2665 2661 2664 2666 2665 2664 2667 2665 2666 2668 2667 2666 2669 2667 2668 2531 2669 2668 2656 2226 2654 2527 2664 2524 2657 2664 2656 2659 2664 2657 2524 2664 2659 2656 2664 2226 2529 2666 2527 2527 2666 2664 2529 2668 2666 2529 2531 2668 2670 2671 2672 2672 2671 2673 2673 2671 2674 2674 2671 2675 2671 2676 2675 2662 2675 2677 2677 2675 2676 2238 2237 2678 2678 2237 2679 2679 2237 2680 2680 2237 2681 2682 2683 2684 2685 2682 2684 2686 2687 2685 2686 2688 2687 2686 2689 2688 2686 2684 2690 2686 2690 2691 2686 2691 2692 2686 2685 2684 2693 2689 2686 2694 2695 2689 2694 2689 2693 2696 2695 2694 2680 2697 2679 2681 2697 2680 2679 2698 2678 2697 2698 2679 2678 2699 2238 2698 2699 2678 2699 2372 2238 2670 2700 2245 2670 2701 2700 2670 2702 2701 2672 2683 2670 2670 2683 2702 2673 2684 2672 2674 2684 2673 2672 2684 2683 2675 2690 2674 2674 2690 2684 2675 2691 2690 2675 2692 2691 2696 2703 2695 2695 2704 2705 2703 2704 2695 2704 2683 2705 2704 2706 2683 2700 2242 2245 2701 2242 2700 2702 2242 2701 2683 2242 2702 2706 2242 2683 2707 1134 2706 2708 1134 2707 2709 1134 2708 1135 1134 2709 2706 1134 2242 2242 1141 2246 1134 1141 2242 2246 1142 2247 1141 1142 2246 2247 2710 2711 1142 2710 2247 2710 2712 2711 2711 2713 2714 2712 2713 2711 2713 2715 2714 2714 2715 2716 2715 2717 2716 2716 2717 2718 2718 2719 2720 2717 2719 2718 2720 2721 2722 2719 2721 2720 2722 2723 2724 2721 2723 2722 2724 2725 2726 2723 2725 2724 2726 2727 2728 2725 2727 2726 2728 2729 2730 2727 2729 2728 2730 2731 2732 2729 2731 2730 2732 2733 2734 2731 2733 2732 2734 2735 2736 2733 2735 2734 2736 2737 2738 2735 2737 2736 2738 2739 2740 2737 2739 2738 2740 2741 2742 2739 2741 2740 2742 2743 2744 2741 2743 2742 2743 2745 2744 2744 2746 2747 2745 2746 2744 2747 2748 2749 2746 2748 2747 2749 2750 2751 2751 2750 2752 2748 2750 2749 2752 2753 2754 2750 2753 2752 2754 2755 2756 2753 2755 2754 2756 2757 2758 2755 2757 2756 2758 2759 2760 2757 2759 2758 2759 2761 2760 2760 2761 2762 2761 2763 2762 2762 2763 2764 2763 2765 2764 2764 2765 2766 2765 2767 2766 2766 2767 2768 2767 2769 2768 2769 2770 2768 2768 2770 2771 2771 2772 2773 2770 2772 2771 2772 2774 2773 2773 2774 2775 2774 2776 2775 2775 2776 2777 2776 2778 2777 2777 2778 2779 2779 2778 2780 2778 2781 2780 2780 2781 2782 2781 2783 2782 2782 2783 2784 2784 2785 2786 2783 2785 2784 2786 2787 2788 2785 2787 2786 2788 2789 2790 2787 2789 2788 2790 2791 2792 2789 2791 2790 2792 2793 2794 2791 2793 2792 2794 2795 2796 2793 2795 2794 2796 2797 2798 2795 2797 2796 2799 2800 2801 2802 2800 2799 2803 2800 2802 2804 2800 2803 2805 2800 2804 2806 2800 2805 2807 2800 2806 2808 2800 2807 2797 2809 2798 2798 2809 2810 2809 2811 2810 2810 2811 2812 2811 2813 2812 2812 2813 2814 2813 2815 2814 2814 2815 2816 2815 2817 2816 2816 2817 2818 2817 2819 2818 2818 2819 2820 2819 2821 2820 2820 2821 2822 2821 2823 2822 2822 2823 2808 2808 2824 2800 2823 2824 2808 2800 2824 2825 2824 2826 2825 2825 2827 2828 2826 2829 2825 2825 2830 2827 2829 2831 2825 2825 2832 2830 2831 2833 2825 2825 2833 2832 2683 2682 2705 2834 2706 2704 2532 2402 2531 2532 2534 2402 2534 2403 2402 2403 2535 2405 2534 2535 2403 2535 2407 2405 2535 2537 2407 2537 2408 2407 2537 2539 2408 2539 2410 2408 2539 2541 2410 2541 2412 2410 2541 2543 2412 2543 2414 2412 2543 2545 2414 2545 2416 2414 2545 2547 2416 2547 2418 2416 2547 2549 2418 2549 2420 2418 2549 2551 2420 2551 2422 2420 2551 2553 2422 2553 2425 2422 2553 2555 2425 2645 2490 2515 2620 2490 2645 2571 2569 2441 2569 2439 2441 2569 2567 2439 2567 2437 2439 2567 2565 2437 2565 2434 2437 2568 2570 2440 2438 2568 2440 2566 2568 2438 2436 2566 2438 2564 2566 2436 2435 2564 2436 2588 2460 2459 2588 2590 2460 2590 2462 2460 2590 2592 2462 2592 2464 2462 2592 2594 2464 2594 2466 2464 2594 2596 2466 2596 2468 2466 2596 2598 2468 2599 2597 2469 2469 2597 2467 2467 2595 2465 2597 2595 2467 2465 2593 2463 2595 2593 2465 2463 2591 2461 2593 2591 2463 2461 2589 2458 2591 2589 2461 2571 2441 2442 2573 2442 2444 2573 2571 2442 2575 2444 2446 2575 2573 2444 2577 2446 2448 2577 2575 2446 2579 2448 2450 2579 2577 2448 2581 2450 2452 2581 2579 2450 2583 2452 2454 2583 2581 2452 2585 2454 2456 2585 2583 2454 2587 2456 2458 2587 2585 2456 2589 2587 2458 2434 2565 2563 2432 2563 2561 2432 2434 2563 2430 2561 2559 2430 2432 2561 2428 2559 2557 2428 2430 2559 2426 2557 2554 2426 2428 2557 2424 2426 2554 2562 2564 2435 2562 2433 2431 2562 2435 2433 2560 2431 2429 2560 2562 2431 2558 2429 2427 2558 2560 2429 2556 2558 2427 2555 2427 2425 2555 2556 2427 2440 2570 2572 2443 2572 2574 2443 2440 2572 2445 2574 2576 2445 2443 2574 2447 2576 2578 2447 2445 2576 2449 2578 2580 2449 2447 2578 2451 2580 2582 2451 2449 2580 2453 2582 2584 2453 2451 2582 2455 2584 2586 2455 2453 2584 2457 2586 2588 2457 2455 2586 2459 2457 2588 2490 2620 2629 2491 2629 2628 2491 2490 2629 2489 2628 2627 2489 2491 2628 2492 2627 2626 2492 2489 2627 2493 2626 2625 2493 2492 2626 2494 2625 2624 2494 2493 2625 2495 2624 2623 2495 2494 2624 2496 2623 2622 2496 2495 2623 2497 2622 2621 2497 2496 2622 2498 2621 2643 2498 2497 2621 2512 2498 2643 2512 2643 2641 2510 2512 2641 2510 2641 2639 2508 2510 2639 2508 2639 2637 2506 2637 2635 2506 2508 2637 2504 2506 2635 2504 2635 2633 2502 2633 2631 2502 2504 2633 2500 2631 2619 2500 2502 2631 2488 2619 2617 2488 2500 2619 2486 2617 2615 2486 2488 2617 2484 2615 2613 2484 2486 2615 2482 2613 2611 2482 2484 2613 2480 2611 2609 2480 2482 2611 2478 2609 2607 2478 2480 2609 2476 2607 2605 2476 2478 2607 2474 2605 2603 2474 2476 2605 2472 2603 2601 2472 2474 2603 2470 2601 2599 2470 2472 2601 2469 2470 2599 2468 2598 2600 2471 2600 2602 2471 2468 2600 2473 2602 2604 2473 2471 2602 2475 2604 2606 2475 2473 2604 2477 2606 2608 2477 2475 2606 2479 2608 2610 2479 2477 2608 2481 2610 2612 2481 2479 2610 2483 2612 2614 2483 2481 2612 2485 2614 2616 2485 2483 2614 2487 2616 2618 2487 2485 2616 2499 2487 2618 2499 2618 2630 2501 2499 2630 2501 2630 2632 2503 2501 2632 2503 2632 2634 2505 2634 2636 2505 2503 2634 2507 2505 2636 2507 2636 2638 2509 2638 2640 2509 2507 2638 2511 2640 2642 2511 2509 2640 2513 2642 2644 2513 2511 2642 2514 2644 2646 2514 2513 2644 2516 2646 2647 2516 2514 2646 2519 2647 2650 2519 2516 2647 2521 2650 2652 2521 2519 2650 2523 2652 2653 2523 2521 2652 2522 2653 2651 2522 2523 2653 2520 2651 2648 2520 2522 2651 2517 2648 2649 2517 2520 2648 2518 2649 2645 2518 2517 2649 2515 2518 2645 2835 2386 2836 2836 2386 2837 2837 2386 2838 2838 2386 2839 2839 2386 2840 2840 2386 2841 2841 2386 2842 2842 2386 2843 2843 2386 2844 2844 2386 2845 2845 2386 2846 2846 2386 2385 2847 2848 2849 2849 2848 2850 2850 2848 2851 2851 2848 2852 2852 2848 2853 2853 2848 2854 2854 2848 2855 2855 2848 2856 2856 2848 2857 2857 2848 2858 2858 2848 2859 2859 2848 2835 2835 2848 2386 2848 2398 2386 2848 2860 2398 2398 2861 2399 2860 2861 2398 2861 2400 2399 2861 2862 2400 2862 2863 2400 2400 2863 2401 2401 2863 2402 2863 2864 2402 2864 2865 2402 2402 2865 2866 2865 2867 2866 2867 2868 2866 2867 2869 2868 2869 2870 2868 2868 2870 2871 2870 2872 2871 2871 2872 2873 2873 2874 2875 2872 2874 2873 2875 2876 2877 2874 2876 2875 2877 2878 2879 2876 2878 2877 2879 2880 2881 2878 2880 2879 2881 2882 2883 2880 2882 2881 2883 2884 2885 2882 2884 2883 2886 2887 2888 2885 2887 2886 2884 2887 2885 2888 2889 2890 2887 2889 2888 2890 2891 2892 2889 2891 2890 2892 2893 2894 2891 2893 2892 2894 2895 2896 2893 2895 2894 2895 2897 2896 2896 2898 2899 2899 2898 2900 2897 2898 2896 2898 2901 2900 2901 2902 2900 2900 2902 2903 2903 2902 2904 2904 2905 2906 2902 2905 2904 2906 2907 2908 2905 2907 2906 2907 2909 2908 2908 2909 2910 2909 2911 2910 2910 2911 2912 2912 2913 2914 2911 2913 2912 2914 2915 2916 2913 2915 2914 2916 2917 2918 2915 2917 2916 2918 2919 2920 2917 2919 2918 2919 2921 2920 2920 2922 2923 2921 2922 2920 2923 2924 2925 2922 2924 2923 2925 2926 2927 2924 2926 2925 2927 2928 2929 2926 2928 2927 2929 2930 2931 2931 2930 2932 2928 2930 2929 2932 2933 2934 2930 2933 2932 2934 2935 2936 2933 2935 2934 2936 2937 2938 2935 2937 2936 2937 2939 2938 2938 2939 2940 2939 2941 2940 2940 2941 2942 2941 2943 2942 2942 2943 2944 2943 2945 2944 2944 2945 2946 2945 2947 2946 2946 2947 2948 2947 2949 2948 2948 2949 2950 2951 2952 2953 2954 2952 2951 2955 2952 2954 2956 2952 2955 2957 2952 2956 2958 2952 2957 2959 2952 2958 2960 2952 2959 2949 2961 2950 2950 2961 2962 2962 2963 2964 2961 2963 2962 2964 2965 2966 2963 2965 2964 2965 2967 2966 2966 2967 2968 2968 2969 2970 2967 2969 2968 2969 2971 2970 2970 2971 2972 2972 2973 2974 2971 2973 2972 2973 2975 2974 2974 2975 2960 2952 2976 2977 2975 2976 2960 2960 2976 2952 2976 2978 2977 2977 2979 2980 2978 2981 2977 2977 2982 2979 2981 2983 2977 2977 2984 2982 2983 2985 2977 2977 2985 2984 2986 2987 2988 2989 2988 2990 2989 2986 2988 2991 2990 2992 2991 2989 2990 2531 2991 2992 2993 2991 2531 2994 2531 2995 2994 2993 2531 2996 2994 2995 2997 2995 2998 2997 2996 2995 2999 2998 3000 2999 2997 2998 3001 3000 3002 3001 2999 3000 3003 3002 3004 3003 3001 3002 3005 3004 3006 3005 3003 3004 3007 3006 3008 3007 3005 3006 3009 3008 3010 3009 3007 3008 3011 3010 3012 3011 3009 3010 3013 3012 3014 3013 3011 3012 3015 3014 3016 3015 3013 3014 3017 3015 3016 3018 3017 3016 3018 3016 3019 3020 3019 3021 3020 3018 3019 3022 3020 3021 3022 3021 3023 3024 3023 3025 3024 3022 3023 3026 3024 3025 3026 3025 3027 3026 3027 3028 3029 3026 3028 3030 3028 3031 3030 3029 3028 3032 3031 3033 3032 3030 3031 3034 3033 3035 3034 3032 3033 3036 3035 3037 3036 3034 3035 3038 3036 3037 3038 3037 3039 3040 3039 3041 3040 3038 3039 3042 3040 3041 3042 3041 3043 3044 3043 3045 3044 3042 3043 3046 3045 3047 3046 3044 3045 3048 3047 3049 3048 3046 3047 3050 3049 3051 3050 3048 3049 3052 3051 3053 3052 3050 3051 3054 3053 3055 3054 3052 3053 3056 3055 3057 3056 3054 3055 3058 3057 3059 3058 3056 3057 3060 3059 3061 3060 3058 3059 3062 3061 3063 3062 3060 3061 3064 3062 3063 3064 3063 3065 3066 3064 3065 3066 3065 3067 3068 3067 3069 3068 3066 3067 3070 3068 3069 3070 3069 3071 3072 3070 3071 3072 3071 3073 3074 3072 3073 3074 3073 3075 3076 3074 3075 3076 3075 3077 3078 3077 3079 3078 3076 3077 3080 3079 3081 3080 3078 3079 3082 3083 3084 3082 3084 3085 3082 3085 3086 3082 3086 3087 3082 3087 3088 3082 3088 3089 3082 3089 3090 3082 3090 3091 3092 3081 3093 3092 3080 3081 3094 3093 3095 3094 3092 3093 3096 3095 3097 3096 3094 3095 3098 3097 3099 3098 3096 3097 3100 3099 3101 3100 3098 3099 3102 3101 3103 3102 3100 3101 3104 3103 3105 3104 3102 3103 3106 3105 3083 3106 3104 3105 3107 3083 3082 3107 3106 3083 3108 3106 3107 3109 3108 3107 3110 3107 3111 3112 3109 3107 3113 3107 3110 3114 3112 3107 3115 3107 3113 3115 3114 3107 3016 2885 2886 2885 3014 2883 3016 3014 2885 2883 3012 2881 3014 3012 2883 2881 3010 2879 3012 3010 2881 2879 3008 2877 3010 3008 2879 2877 3006 2875 3008 3006 2877 2875 3004 2873 3006 3004 2875 2873 3002 2871 3004 3002 2873 2871 3000 2868 3002 3000 2871 2868 2998 2866 3000 2998 2868 2866 2995 2402 2998 2995 2866 2995 2531 2402 3116 3117 3118 3118 3117 3119 3119 3120 3121 3117 3120 3119 3121 3122 2986 3120 3122 3121 2987 2986 3122 3123 3124 3125 3123 3125 2692 3123 2692 3126 3127 3123 3126 3128 3127 3126 3129 3127 3128 3130 3129 3128 3131 3129 3130 2993 3131 3130 3118 2692 3116 2989 3126 2986 3119 3126 3118 3121 3126 3119 2986 3126 3121 3118 3126 2692 2991 3128 2989 2989 3128 3126 2991 3130 3128 2991 2993 3130 2994 2864 2993 2994 2996 2864 2996 2865 2864 2865 2997 2867 2996 2997 2865 2997 2869 2867 2997 2999 2869 2999 2870 2869 2999 3001 2870 3001 2872 2870 3001 3003 2872 3003 2874 2872 3003 3005 2874 3005 2876 2874 3005 3007 2876 3007 2878 2876 3007 3009 2878 3009 2880 2878 3009 3011 2880 3011 2882 2880 3011 3013 2882 3013 2884 2882 3013 3015 2884 3015 2887 2884 3015 3017 2887 3107 2952 2977 3082 2952 3107 3033 3031 2903 3031 2900 2903 3031 3028 2900 3028 2899 2900 3028 3027 2899 3027 2896 2899 3030 3032 2902 2901 3030 2902 3029 3030 2901 2898 3029 2901 3026 3029 2898 2897 3026 2898 3050 2922 2921 3050 3052 2922 3052 2924 2922 3052 3054 2924 3054 2926 2924 3054 3056 2926 3056 2928 2926 3056 3058 2928 3058 2930 2928 3058 3060 2930 3061 3059 2931 2931 3059 2929 2929 3057 2927 3059 3057 2929 2927 3055 2925 3057 3055 2927 2925 3053 2923 3055 3053 2925 2923 3051 2920 3053 3051 2923 3033 2903 2904 3035 2904 2906 3035 3033 2904 3037 2906 2908 3037 3035 2906 3039 2908 2910 3039 3037 2908 3041 2910 2912 3041 3039 2910 3043 2912 2914 3043 3041 2912 3045 2914 2916 3045 3043 2914 3047 2916 2918 3047 3045 2916 3049 2918 2920 3049 3047 2918 3051 3049 2920 2896 3027 3025 2894 3025 3023 2894 2896 3025 2892 3023 3021 2892 2894 3023 2890 3021 3019 2890 2892 3021 2888 3019 3016 2888 2890 3019 2886 2888 3016 3024 3026 2897 3024 2895 2893 3024 2897 2895 3022 2893 2891 3022 3024 2893 3020 2891 2889 3020 3022 2891 3018 3020 2889 3017 2889 2887 3017 3018 2889 2902 3032 3034 2905 3034 3036 2905 2902 3034 2907 3036 3038 2907 2905 3036 2909 3038 3040 2909 2907 3038 2911 3040 3042 2911 2909 3040 2913 3042 3044 2913 2911 3042 2915 3044 3046 2915 2913 3044 2917 3046 3048 2917 2915 3046 2919 3048 3050 2919 2917 3048 2921 2919 3050 2952 3082 3091 2953 3091 3090 2953 2952 3091 2951 3090 3089 2951 2953 3090 2954 3089 3088 2954 2951 3089 2955 3088 3087 2955 2954 3088 2956 3087 3086 2956 2955 3087 2957 3086 3085 2957 2956 3086 2958 3085 3084 2958 2957 3085 2959 3084 3083 2959 2958 3084 2960 3083 3105 2960 2959 3083 2974 2960 3105 2974 3105 3103 2972 2974 3103 2972 3103 3101 2970 2972 3101 2970 3101 3099 2968 3099 3097 2968 2970 3099 2966 2968 3097 2966 3097 3095 2964 3095 3093 2964 2966 3095 2962 3093 3081 2962 2964 3093 2950 3081 3079 2950 2962 3081 2948 3079 3077 2948 2950 3079 2946 3077 3075 2946 2948 3077 2944 3075 3073 2944 2946 3075 2942 3073 3071 2942 2944 3073 2940 3071 3069 2940 2942 3071 2938 3069 3067 2938 2940 3069 2936 3067 3065 2936 2938 3067 2934 3065 3063 2934 2936 3065 2932 3063 3061 2932 2934 3063 2931 2932 3061 2930 3060 3062 2933 3062 3064 2933 2930 3062 2935 3064 3066 2935 2933 3064 2937 3066 3068 2937 2935 3066 2939 3068 3070 2939 2937 3068 2941 3070 3072 2941 2939 3070 2943 3072 3074 2943 2941 3072 2945 3074 3076 2945 2943 3074 2947 3076 3078 2947 2945 3076 2949 3078 3080 2949 2947 3078 2961 2949 3080 2961 3080 3092 2963 2961 3092 2963 3092 3094 2965 2963 3094 2965 3094 3096 2967 3096 3098 2967 2965 3096 2969 2967 3098 2969 3098 3100 2971 3100 3102 2971 2969 3100 2973 3102 3104 2973 2971 3102 2975 3104 3106 2975 2973 3104 2976 3106 3108 2976 2975 3106 2978 3108 3109 2978 2976 3108 2981 3109 3112 2981 2978 3109 2983 3112 3114 2983 2981 3112 2985 3114 3115 2985 2983 3114 2984 3115 3113 2984 2985 3115 2982 3113 3110 2982 2984 3113 2979 3110 3111 2979 2982 3110 2980 3111 3107 2980 2979 3111 2977 2980 3107 3132 2848 3133 3133 2848 3134 3134 2848 3135 3135 2848 3136 3136 2848 3137 3137 2848 3138 3138 2848 3139 3139 2848 3140 3140 2848 3141 3141 2848 3142 3142 2848 3143 3143 2848 2847 3144 3145 3146 3146 3145 3147 3147 3145 3148 3148 3145 3149 3149 3145 3150 3150 3145 3151 3151 3145 3152 3152 3145 3153 3153 3145 3154 3154 3145 3155 3155 3145 3156 3156 3145 3132 3132 3145 2848 3145 3157 2848 2848 3157 2860 3157 2861 2860 3157 3158 2861 3158 3159 2861 2861 3159 2862 3159 3160 2862 2862 3160 2863 3160 3161 2863 2863 3161 2864 3161 3162 2864 2864 3162 3163 3162 3164 3163 3164 3165 3163 3164 3166 3165 3166 3167 3165 3165 3167 3168 3167 3169 3168 3168 3169 3170 3170 3171 3172 3169 3171 3170 3172 3173 3174 3171 3173 3172 3174 3175 3176 3173 3175 3174 3176 3177 3178 3175 3177 3176 3178 3179 3180 3177 3179 3178 3180 3181 3182 3179 3181 3180 3183 3184 3185 3182 3184 3183 3181 3184 3182 3185 3186 3187 3184 3186 3185 3187 3188 3189 3186 3188 3187 3189 3190 3191 3188 3190 3189 3191 3192 3193 3190 3192 3191 3192 3194 3193 3193 3195 3196 3194 3195 3193 3195 3197 3196 3196 3197 3198 3198 3199 3200 3200 3199 3201 3197 3199 3198 3201 3202 3203 3199 3202 3201 3203 3204 3205 3202 3204 3203 3205 3206 3207 3204 3206 3205 3206 3208 3207 3207 3208 3209 3209 3210 3211 3208 3210 3209 3211 3212 3213 3210 3212 3211 3213 3214 3215 3212 3214 3213 3215 3216 3217 3214 3216 3215 3216 3218 3217 3217 3219 3220 3218 3219 3217 3220 3221 3222 3219 3221 3220 3222 3223 3224 3221 3223 3222 3224 3225 3226 3223 3225 3224 3226 3227 3228 3228 3227 3229 3225 3227 3226 3229 3230 3231 3227 3230 3229 3231 3232 3233 3230 3232 3231 3233 3234 3235 3232 3234 3233 3234 3236 3235 3235 3236 3237 3236 3238 3237 3237 3238 3239 3238 3240 3239 3239 3240 3241 3240 3242 3241 3241 3242 3243 3242 3244 3243 3243 3244 3245 3244 3246 3245 3245 3246 3247 3248 3249 3250 3251 3249 3248 3252 3249 3251 3253 3249 3252 3254 3249 3253 3255 3249 3254 3256 3249 3255 3257 3249 3256 3246 3258 3247 3247 3258 3259 3259 3260 3261 3258 3260 3259 3261 3262 3263 3260 3262 3261 3262 3264 3263 3263 3264 3265 3265 3266 3267 3264 3266 3265 3266 3268 3267 3267 3268 3269 3269 3270 3271 3268 3270 3269 3270 3272 3271 3271 3272 3257 3249 3273 3274 3272 3273 3257 3257 3273 3249 3273 3275 3274 3274 3276 3277 3275 3278 3274 3274 3279 3276 3278 3280 3274 3274 3281 3279 3280 3282 3274 3274 3282 3281 3283 3284 3285 3286 3285 3287 3286 3283 3285 3288 3287 3289 3288 3286 3287 2993 3288 3289 948 3288 2993 3290 2993 3291 3290 948 2993 3292 3290 3291 3293 3291 3294 3293 3292 3291 3295 3294 3296 3295 3293 3294 3297 3296 3298 3297 3295 3296 3299 3298 3300 3299 3297 3298 3301 3300 3302 3301 3299 3300 3303 3302 3304 3303 3301 3302 3305 3304 3306 3305 3303 3304 3307 3306 3308 3307 3305 3306 3309 3308 3310 3309 3307 3308 3311 3310 3312 3311 3309 3310 3313 3311 3312 3314 3313 3312 3314 3312 3315 3316 3315 3317 3316 3314 3315 3318 3316 3317 3318 3317 3319 3320 3319 3321 3320 3318 3319 3322 3320 3321 3322 3321 3323 3324 3322 3323 3324 3323 3325 3326 3325 3327 3326 3324 3325 3328 3327 3329 3328 3326 3327 3330 3329 3331 3330 3328 3329 3332 3331 3333 3332 3330 3331 3334 3332 3333 3334 3333 3335 3336 3335 3337 3336 3334 3335 3338 3336 3337 3338 3337 3339 3340 3339 3341 3340 3338 3339 3342 3341 3343 3342 3340 3341 3344 3343 3345 3344 3342 3343 3346 3345 3347 3346 3344 3345 3348 3347 3349 3348 3346 3347 3350 3349 3351 3350 3348 3349 3352 3351 3353 3352 3350 3351 3354 3353 3355 3354 3352 3353 3356 3355 3357 3356 3354 3355 3358 3357 3359 3358 3356 3357 3360 3358 3359 3360 3359 3361 3362 3360 3361 3362 3361 3363 3364 3363 3365 3364 3362 3363 3366 3364 3365 3366 3365 3367 3368 3366 3367 3368 3367 3369 3370 3368 3369 3370 3369 3371 3372 3370 3371 3372 3371 3373 3374 3373 3375 3374 3372 3373 3376 3375 3377 3376 3374 3375 3378 3379 3380 3378 3380 3381 3378 3381 3382 3378 3382 3383 3378 3383 3384 3378 3384 3385 3378 3385 3386 3378 3386 3387 3388 3377 3389 3388 3376 3377 3390 3389 3391 3390 3388 3389 3392 3391 3393 3392 3390 3391 3394 3393 3395 3394 3392 3393 3396 3395 3397 3396 3394 3395 3398 3397 3399 3398 3396 3397 3400 3399 3401 3400 3398 3399 3402 3401 3379 3402 3400 3401 3403 3379 3378 3403 3402 3379 3404 3402 3403 3405 3404 3403 3406 3403 3407 3408 3405 3403 3409 3403 3406 3410 3408 3403 3411 3403 3409 3411 3410 3403 3312 3182 3183 3182 3310 3180 3312 3310 3182 3180 3308 3178 3310 3308 3180 3178 3306 3176 3308 3306 3178 3176 3304 3174 3306 3304 3176 3174 3302 3172 3304 3302 3174 3172 3300 3170 3302 3300 3172 3170 3298 3168 3300 3298 3170 3168 3296 3165 3298 3296 3168 3165 3294 3163 3296 3294 3165 3163 3291 2864 3294 3291 3163 3291 2993 2864 3290 3161 948 3290 3292 3161 3292 3162 3161 3162 3293 3164 3292 3293 3162 3293 3166 3164 3293 3295 3166 3295 3167 3166 3295 3297 3167 3297 3169 3167 3297 3299 3169 3299 3171 3169 3299 3301 3171 3301 3173 3171 3301 3303 3173 3303 3175 3173 3303 3305 3175 3305 3177 3175 3305 3307 3177 3307 3179 3177 3307 3309 3179 3309 3181 3179 3309 3311 3181 3311 3184 3181 3311 3313 3184 3403 3249 3274 3378 3249 3403 3329 3327 3200 3327 3198 3200 3327 3325 3198 3325 3196 3198 3325 3323 3196 3323 3193 3196 3326 3328 3199 3197 3326 3199 3324 3326 3197 3195 3324 3197 3322 3324 3195 3194 3322 3195 3346 3219 3218 3346 3348 3219 3348 3221 3219 3348 3350 3221 3350 3223 3221 3350 3352 3223 3352 3225 3223 3352 3354 3225 3354 3227 3225 3354 3356 3227 3357 3355 3228 3228 3355 3226 3226 3353 3224 3355 3353 3226 3224 3351 3222 3353 3351 3224 3222 3349 3220 3351 3349 3222 3220 3347 3217 3349 3347 3220 3329 3200 3201 3331 3201 3203 3331 3329 3201 3333 3203 3205 3333 3331 3203 3335 3205 3207 3335 3333 3205 3337 3207 3209 3337 3335 3207 3339 3209 3211 3339 3337 3209 3341 3211 3213 3341 3339 3211 3343 3213 3215 3343 3341 3213 3345 3215 3217 3345 3343 3215 3347 3345 3217 3193 3323 3321 3191 3321 3319 3191 3193 3321 3189 3319 3317 3189 3191 3319 3187 3317 3315 3187 3189 3317 3185 3315 3312 3185 3187 3315 3183 3185 3312 3320 3322 3194 3320 3192 3190 3320 3194 3192 3318 3190 3188 3318 3320 3190 3316 3188 3186 3316 3318 3188 3314 3316 3186 3313 3186 3184 3313 3314 3186 3199 3328 3330 3202 3330 3332 3202 3199 3330 3204 3332 3334 3204 3202 3332 3206 3334 3336 3206 3204 3334 3208 3336 3338 3208 3206 3336 3210 3338 3340 3210 3208 3338 3212 3340 3342 3212 3210 3340 3214 3342 3344 3214 3212 3342 3216 3344 3346 3216 3214 3344 3218 3216 3346 3249 3378 3387 3250 3387 3386 3250 3249 3387 3248 3386 3385 3248 3250 3386 3251 3385 3384 3251 3248 3385 3252 3384 3383 3252 3251 3384 3253 3383 3382 3253 3252 3383 3254 3382 3381 3254 3253 3382 3255 3381 3380 3255 3254 3381 3256 3380 3379 3256 3255 3380 3257 3379 3401 3257 3256 3379 3271 3257 3401 3271 3401 3399 3269 3271 3399 3269 3399 3397 3267 3269 3397 3267 3397 3395 3265 3395 3393 3265 3267 3395 3263 3265 3393 3263 3393 3391 3261 3391 3389 3261 3263 3391 3259 3389 3377 3259 3261 3389 3247 3377 3375 3247 3259 3377 3245 3375 3373 3245 3247 3375 3243 3373 3371 3243 3245 3373 3241 3371 3369 3241 3243 3371 3239 3369 3367 3239 3241 3369 3237 3367 3365 3237 3239 3367 3235 3365 3363 3235 3237 3365 3233 3363 3361 3233 3235 3363 3231 3361 3359 3231 3233 3361 3229 3359 3357 3229 3231 3359 3228 3229 3357 3227 3356 3358 3230 3358 3360 3230 3227 3358 3232 3360 3362 3232 3230 3360 3234 3362 3364 3234 3232 3362 3236 3364 3366 3236 3234 3364 3238 3366 3368 3238 3236 3366 3240 3368 3370 3240 3238 3368 3242 3370 3372 3242 3240 3370 3244 3372 3374 3244 3242 3372 3246 3374 3376 3246 3244 3374 3258 3246 3376 3258 3376 3388 3260 3258 3388 3260 3388 3390 3262 3260 3390 3262 3390 3392 3264 3392 3394 3264 3262 3392 3266 3264 3394 3266 3394 3396 3268 3396 3398 3268 3266 3396 3270 3398 3400 3270 3268 3398 3272 3400 3402 3272 3270 3400 3273 3402 3404 3273 3272 3402 3275 3404 3405 3275 3273 3404 3278 3405 3408 3278 3275 3405 3280 3408 3410 3280 3278 3408 3282 3410 3411 3282 3280 3410 3281 3411 3409 3281 3282 3411 3279 3409 3406 3279 3281 3409 3276 3406 3407 3276 3279 3406 3277 3407 3403 3277 3276 3407 3274 3277 3403 3412 3413 3414 3412 3415 3413 3416 3412 3414 3417 3416 3414 3418 3416 3417 3419 3417 3420 3419 3418 3417 3421 3420 3422 3421 3419 3420 3423 3421 3422 3424 3423 3422 3425 3423 3424 3426 3425 3424 3427 3425 3426 3428 3427 3426 3429 3427 3428 3430 3428 3431 3430 3429 3428 3432 3431 3433 3432 3430 3431 3434 3433 3435 3434 3432 3433 3436 3435 3437 3436 3434 3435 3438 3437 3439 3438 3436 3437 3440 3439 3441 3440 3438 3439 3442 3441 3443 3442 3440 3441 3444 3443 3445 3444 3442 3443 3446 3444 3445 3446 3445 3447 3448 3446 3447 3448 3447 3449 3450 3449 3451 3450 3448 3449 3452 3451 3453 3452 3450 3451 3454 3452 3453 3454 3453 3455 3456 3454 3455 3456 3455 3457 3458 3457 3459 3458 3456 3457 3460 3459 3461 3460 3458 3459 3462 3461 3463 3462 3460 3461 3464 3463 3465 3464 3462 3463 3466 3465 3467 3466 3464 3465 3468 3467 3469 3468 3466 3467 3470 3469 3471 3470 3468 3469 3472 3471 3473 3472 3470 3471 3474 3473 3475 3474 3472 3473 3476 3475 3477 3476 3474 3475 3478 3477 3479 3478 3476 3477 3480 3479 3481 3480 3478 3479 3482 3481 3483 3482 3480 3481 3484 3483 3485 3484 3482 3483 3486 3485 3487 3486 3484 3485 3488 3487 3489 3488 3486 3487 3490 3488 3489 3490 3489 3491 3492 3490 3491 3492 3491 3493 3494 3492 3493 3494 3493 3495 3496 3495 3497 3496 3494 3495 3498 3496 3497 3498 3497 3499 3500 3498 3499 3500 3499 3501 3502 3500 3501 3502 3501 3503 3504 3502 3503 3504 3503 3505 3506 3504 3505 3506 3505 3507 3508 3507 3509 3508 3506 3507 3510 3511 3512 3510 3512 3513 3510 3513 3514 3510 3514 3515 3510 3515 3516 3510 3516 3517 3510 3517 3518 3510 3518 3519 3520 3509 3521 3520 3508 3509 3522 3521 3523 3522 3520 3521 3524 3523 3525 3524 3522 3523 3526 3525 3527 3526 3524 3525 3528 3527 3529 3528 3526 3527 3530 3529 3531 3530 3528 3529 3532 3531 3533 3532 3530 3531 3534 3533 3511 3534 3532 3533 3535 3511 3510 3535 3534 3511 3536 3534 3535 3537 3536 3535 3538 3535 3539 3540 3537 3535 3541 3535 3538 3542 3540 3535 3543 3535 3541 3543 3542 3535 3418 3419 813 3419 1774 813 3419 1776 1774 3419 3421 1776 3421 1777 1776 3421 3423 1777 3423 1779 1777 3423 3425 1779 3425 1781 1779 3425 3427 1781 3427 1783 1781 3427 3429 1783 3429 1785 1783 3429 3430 1785 3430 1787 1785 3430 3432 1787 3432 1789 1787 3432 3434 1789 3434 1791 1789 3434 3436 1791 3436 1793 1791 3436 3438 1793 3438 1795 1793 3438 3440 1795 3440 1797 1795 3440 3442 1797 3442 1799 1797 3442 3444 1799 3445 3443 1798 1798 3443 1796 3443 3441 1796 3441 1794 1796 3441 3439 1794 3439 1792 1794 1792 3437 1790 3439 3437 1792 1790 3435 1788 3437 3435 1790 1788 3433 1786 3435 3433 1788 1786 3431 1784 3433 3431 1786 1784 3428 1782 3431 3428 1784 1782 3426 1780 3428 3426 1782 1780 3424 1778 3426 3424 1780 1775 3420 979 979 3420 3417 1778 3422 1775 3424 3422 1778 1775 3422 3420 3535 1864 1889 3510 1864 3535 3461 3459 1814 3459 1813 1814 3459 3457 1813 3457 1811 1813 3457 3455 1811 3455 1808 1811 3458 3460 1815 1812 3458 1815 3456 3458 1812 1810 3456 1812 3454 3456 1810 1809 3454 1810 3478 1834 1833 3478 3480 1834 3480 1836 1834 3480 3482 1836 3482 1838 1836 3482 3484 1838 3484 1840 1838 3484 3486 1840 3486 1842 1840 3486 3488 1842 3489 3487 1843 1843 3487 1841 1841 3485 1839 3487 3485 1841 1839 3483 1837 3485 3483 1839 1837 3481 1835 3483 3481 1837 1835 3479 1832 3481 3479 1835 3461 1814 1816 3463 1816 1818 3463 3461 1816 3465 1818 1820 3465 3463 1818 3467 1820 1822 3467 3465 1820 3469 1822 1824 3469 3467 1822 3471 1824 1826 3471 3469 1824 3473 1826 1828 3473 3471 1826 3475 1828 1830 3475 3473 1828 3477 1830 1832 3477 3475 1830 3479 3477 1832 1808 3455 3453 1806 3453 3451 1806 1808 3453 1804 3451 3449 1804 1806 3451 1802 3449 3447 1802 1804 3449 1800 3447 3445 1800 1802 3447 1798 1800 3445 3452 3454 1809 3452 1807 1805 3452 1809 1807 3450 1805 1803 3450 3452 1805 3448 1803 1801 3448 3450 1803 3446 3448 1801 3444 1801 1799 3444 3446 1801 1815 3460 3462 1817 3462 3464 1817 1815 3462 1819 3464 3466 1819 1817 3464 1821 3466 3468 1821 1819 3466 1823 3468 3470 1823 1821 3468 1825 3470 3472 1825 1823 3470 1827 3472 3474 1827 1825 3472 1829 3474 3476 1829 1827 3474 1831 3476 3478 1831 1829 3476 1833 1831 3478 1864 3510 3519 1865 3519 3518 1865 1864 3519 1863 3518 3517 1863 1865 3518 1866 3517 3516 1866 1863 3517 1867 3516 3515 1867 1866 3516 1868 3515 3514 1868 1867 3515 1869 3514 3513 1869 1868 3514 1870 3513 3512 1870 1869 3513 1871 3512 3511 1871 1870 3512 1872 3511 3533 1872 1871 3511 1886 1872 3533 1886 3533 3531 1884 1886 3531 1884 3531 3529 1882 1884 3529 1882 3529 3527 1880 3527 3525 1880 1882 3527 1878 1880 3525 1878 3525 3523 1876 3523 3521 1876 1878 3523 1874 3521 3509 1874 1876 3521 1862 3509 3507 1862 1874 3509 1860 3507 3505 1860 1862 3507 1858 3505 3503 1858 1860 3505 1856 3503 3501 1856 1858 3503 1854 3501 3499 1854 1856 3501 1852 3499 3497 1852 1854 3499 1850 3497 3495 1850 1852 3497 1848 3495 3493 1848 1850 3495 1846 3493 3491 1846 1848 3493 1844 3491 3489 1844 1846 3491 1843 1844 3489 1842 3488 3490 1845 3490 3492 1845 1842 3490 1847 3492 3494 1847 1845 3492 1849 3494 3496 1849 1847 3494 1851 3496 3498 1851 1849 3496 1853 3498 3500 1853 1851 3498 1855 3500 3502 1855 1853 3500 1857 3502 3504 1857 1855 3502 1859 3504 3506 1859 1857 3504 1861 3506 3508 1861 1859 3506 1873 1861 3508 1873 3508 3520 1875 1873 3520 1875 3520 3522 1877 1875 3522 1877 3522 3524 1879 3524 3526 1879 1877 3524 1881 1879 3526 1881 3526 3528 1883 3528 3530 1883 1881 3528 1885 3530 3532 1885 1883 3530 1887 3532 3534 1887 1885 3532 1888 3534 3536 1888 1887 3534 1890 3536 3537 1890 1888 3536 1893 3537 3540 1893 1890 3537 1895 3540 3542 1895 1893 3540 1897 3542 3543 1897 1895 3542 1896 3543 3541 1896 1897 3543 1894 3541 3538 1894 1896 3541 1891 3538 3539 1891 1894 3538 1892 3539 3535 1892 1891 3539 1889 1892 3535 3544 3545 3546 3545 3547 3546 3547 3548 3546 3548 3549 3546 3549 3550 3551 3549 3551 3552 3549 3552 3553 3549 3553 3546 3554 3555 3556 3557 3555 3554 3558 3555 3557 3559 3555 3558 3560 3556 3561 3561 3556 3562 3562 3556 3563 3563 3556 3555 3564 3565 3566 3564 3567 3565 3564 3568 3567 3564 3569 3568 3570 3566 3571 3570 3564 3566 3418 3570 3571 3572 3573 3574 3572 3575 3573 3576 3572 3574 3418 3576 3574 3577 3576 3418 3578 3418 3579 3578 3577 3418 3580 3579 3581 3580 3578 3579 3582 3580 3581 3583 3582 3581 3584 3582 3583 3585 3584 3583 3586 3584 3585 3587 3586 3585 3588 3586 3587 3589 3587 3590 3589 3588 3587 3591 3590 3592 3591 3589 3590 3593 3592 3594 3593 3591 3592 3595 3594 3596 3595 3593 3594 3597 3596 3598 3597 3595 3596 3599 3598 3600 3599 3597 3598 3601 3600 3602 3601 3599 3600 3603 3602 3604 3603 3601 3602 3605 3603 3604 3605 3604 3606 3607 3605 3606 3607 3606 3608 3609 3608 3610 3609 3607 3608 3611 3610 3612 3611 3609 3610 3613 3611 3612 3613 3612 3614 3615 3613 3614 3615 3614 3616 3617 3618 3619 3617 3616 3618 3617 3615 3616 3620 3617 3619 3621 3620 3619 3621 3619 3622 3623 3622 3624 3623 3621 3622 3625 3624 3626 3625 3623 3624 3627 3626 3628 3627 3625 3626 3629 3628 3630 3629 3627 3628 3631 3630 3632 3631 3629 3630 3633 3632 3634 3633 3631 3632 3635 3634 3636 3635 3633 3634 3637 3636 3638 3637 3635 3636 3639 3638 3640 3639 3637 3638 3641 3640 3642 3641 3639 3640 3643 3642 3644 3643 3641 3642 3645 3644 3646 3645 3643 3644 3647 3646 3648 3647 3645 3646 3649 3647 3648 3649 3648 3650 3651 3649 3650 3651 3650 3652 3653 3651 3652 3653 3652 3654 3655 3654 3656 3655 3653 3654 3657 3655 3656 3657 3656 3658 3659 3657 3658 3659 3658 3660 3661 3659 3660 3661 3660 3662 3663 3661 3662 3663 3662 3664 3665 3663 3664 3665 3664 3666 3667 3666 3668 3667 3665 3666 3669 3670 3671 3669 3671 3672 3669 3672 3673 3669 3673 3674 3669 3674 3675 3669 3675 3676 3669 3676 3677 3669 3677 3678 3679 3668 3680 3679 3667 3668 3681 3680 3682 3681 3679 3680 3683 3682 3684 3683 3681 3682 3685 3684 3686 3685 3683 3684 3687 3686 3688 3687 3685 3686 3689 3688 3690 3689 3687 3688 3691 3690 3692 3691 3689 3690 3693 3692 3670 3693 3691 3692 3694 3670 3669 3694 3693 3670 3695 3693 3694 3696 3695 3694 3697 3694 3698 3699 3696 3694 3700 3694 3697 3701 3699 3694 3702 3694 3700 3702 3701 3694 3415 3566 3565 3416 3571 3412 3571 3566 3412 3418 3571 3416 3415 3412 3566 3604 3602 838 838 3602 836 3602 3600 836 3600 834 836 3600 3598 834 3598 832 834 832 3596 830 3598 3596 832 830 3594 828 3596 3594 830 828 3592 826 3594 3592 828 826 3590 824 3592 3590 826 824 3587 822 3590 3587 824 822 3585 820 3587 3585 822 820 3583 818 3585 3583 820 815 3579 813 813 3579 3418 818 3581 815 3583 3581 818 815 3581 3579 3703 3704 3705 3706 3705 3707 3706 3707 3708 3706 3708 3709 3706 3703 3705 3710 3711 3703 3710 3712 3711 3710 3703 3706 3713 3712 3710 3714 3712 3713 3715 3716 3713 3715 3713 3710 3717 3716 3715 3718 3717 3715 3719 3718 3715 3720 3721 3709 3720 3722 3721 3720 3723 3722 3720 3709 3724 3725 3724 3726 3725 3720 3724 3577 3725 3726 3727 3728 3569 3728 3729 3569 3729 3730 3569 3569 3731 3727 3731 3704 3727 3731 3705 3704 3731 3732 3705 3732 3707 3705 3732 3708 3707 3732 3709 3708 3575 3724 3709 3576 3726 3572 3575 3572 3724 3726 3724 3572 3577 3726 3576 3733 3734 3723 3734 3735 3723 3735 3736 3723 3723 3737 3733 3737 3738 3733 3737 3739 3738 3737 3740 3739 3740 3741 3739 3740 3742 3741 3740 3743 3742 3744 3745 3746 3746 3745 3747 3745 3748 3749 3748 3750 3749 3749 3751 3752 3749 3752 3747 3749 3747 3745 3748 3736 3750 3746 3753 3744 3747 3753 3746 3752 3754 3747 3751 3754 3752 3753 3754 3755 3747 3754 3753 3755 3756 3757 3754 3756 3755 3758 3545 3544 3758 3547 3545 3757 3759 3758 3756 3759 3757 3759 3548 3758 3758 3548 3547 3759 3549 3548 3565 3413 3415 3565 3760 3413 3760 3414 3413 3417 3414 3761 3760 3761 3414 3417 3762 979 3762 981 979 3762 983 981 3762 3763 983 3763 984 983 3763 3764 984 3764 986 984 3764 3765 986 3765 988 986 3765 3766 988 3766 990 988 3766 3767 990 3767 992 990 3767 3768 992 3768 994 992 3768 3769 994 3769 996 994 3769 3770 996 3770 998 996 3770 3771 998 3771 1000 998 3771 3772 1000 3772 1002 1000 3772 3773 1002 3773 1004 1002 3773 3774 1004 3774 1006 1004 3774 3775 1006 3776 3777 3778 3777 3779 3778 3779 3780 3778 3781 3782 3780 3780 3782 3778 3782 3783 3778 3782 3784 3783 3784 3785 3783 3784 3786 3785 3786 3787 3785 3787 3788 3789 3787 3790 3788 3790 3791 3788 3790 3792 3791 3793 3791 3792 3794 3795 3778 3794 3796 3795 3794 3565 3796 3760 3565 3794 3797 3760 3794 3761 3760 3797 3417 3761 3797 3798 3788 3791 3798 3789 3788 3799 3798 3791 3793 3799 3791 3417 3799 3793 3762 3793 3800 3762 3417 3793 3763 3800 3801 3763 3762 3800 3764 3763 3801 3802 3764 3801 3765 3764 3802 3803 3765 3802 3766 3765 3803 3804 3766 3803 3767 3766 3804 3768 3804 3805 3768 3767 3804 3769 3805 3806 3769 3768 3805 3770 3806 3807 3770 3769 3806 3771 3807 3808 3771 3770 3807 3772 3808 3809 3772 3771 3808 3773 3809 3810 3773 3772 3809 3774 3810 3811 3774 3773 3810 3775 3811 3812 3775 3774 3811 3813 3775 3812 3813 3812 3814 3815 3813 3814 3815 3814 3816 3817 3816 3818 3817 3815 3816 3819 3818 3820 3819 3817 3818 3821 3819 3820 3821 3820 3822 3823 3821 3822 3823 3822 3824 3825 3823 3824 3825 3826 3827 3825 3824 3826 3828 3825 3827 3829 3827 3830 3829 3828 3827 3831 3829 3830 3831 3830 3832 3833 3831 3832 3833 3832 3834 3835 3833 3834 3835 3834 3836 3837 3835 3836 3837 3836 3838 3839 3838 3840 3839 3837 3838 3841 3839 3840 3841 3840 3842 3843 3841 3842 3843 3842 3844 3845 3843 3844 3845 3844 3846 3847 3846 3848 3847 3845 3846 3849 3848 3850 3849 3847 3848 3851 3850 3852 3851 3849 3850 3853 3852 3854 3853 3851 3852 3855 3854 3856 3855 3853 3854 3857 3855 3856 3857 3856 3858 3859 3857 3858 3859 3858 3860 3861 3859 3860 3861 3860 3862 3863 3862 3864 3863 3861 3862 3865 3863 3864 3865 3864 3866 3867 3865 3866 3867 3866 3868 3869 3867 3868 3869 3868 3870 3871 3869 3870 3871 3870 3872 3873 3871 3872 3873 3872 3874 3875 3874 3876 3875 3873 3874 3877 3878 3879 3877 3879 3880 3877 3880 3881 3877 3881 3882 3877 3882 3883 3877 3883 3884 3877 3884 3885 3877 3885 3886 3887 3876 3888 3887 3875 3876 3889 3888 3890 3889 3887 3888 3891 3890 3892 3891 3889 3890 3893 3892 3894 3893 3891 3892 3895 3893 3894 3895 3894 3896 3897 3895 3896 3897 3896 3898 3899 3898 3900 3899 3897 3898 3901 3900 3878 3901 3899 3900 3902 3878 3877 3902 3901 3878 3903 3901 3902 3904 3903 3902 3905 3902 3906 3907 3904 3902 3908 3902 3905 3909 3907 3902 3910 3902 3908 3910 3909 3902 3554 3911 3557 3557 3911 3558 3558 3911 3559 3556 3912 3554 3911 3912 3913 3554 3912 3911 3913 3914 3915 3912 3914 3913 3915 3916 3917 3914 3916 3915 3917 3918 3919 3917 3920 3918 3916 3920 3917 3916 3921 3920 3916 3922 3921 3923 3924 3925 3923 3926 3924 3926 3927 3924 3926 3919 3927 3919 3918 3927 3918 3920 3927 3920 3921 3927 3922 3927 3921 3925 3928 3929 3928 3930 3929 3930 3931 3929 3932 3933 3931 3931 3933 3929 3933 3934 3929 3933 3935 3934 3935 3936 3934 3935 3937 3936 3937 3938 3936 3939 3940 3941 3942 3943 3944 3942 3945 3943 3942 3946 3945 3942 3941 3946 3947 3948 3939 3947 3949 3948 3947 3939 3941 3947 3941 3942 3782 3781 3949 3950 3949 3947 3950 3782 3949 3784 3782 3950 3786 3784 3950 3787 3786 3950 3951 3952 3929 3951 3953 3952 3951 3787 3953 3790 3787 3951 3954 3790 3951 3792 3790 3954 3793 3792 3954 3577 3578 680 3578 814 680 3578 816 814 3578 3580 816 3580 817 816 3580 3582 817 3582 819 817 3582 3584 819 3584 821 819 3584 3586 821 3586 823 821 3586 3588 823 3588 825 823 3588 3589 825 3589 827 825 3589 3591 827 3591 829 827 3591 3593 829 3593 831 829 3593 3595 831 3595 833 831 3595 3597 833 3597 835 833 3597 3599 835 3599 837 835 3599 3601 837 3601 839 837 3601 3603 839 3694 904 929 3669 904 3694 3619 3618 855 3618 853 855 3618 3616 853 3616 851 853 3616 3614 851 3614 848 851 3617 3620 854 852 3617 854 3615 3617 852 850 3615 852 3613 3615 850 849 3613 850 3637 874 873 3637 3639 874 3639 876 874 3639 3641 876 3641 878 876 3641 3643 878 3643 880 878 3643 3645 880 3645 882 880 3645 3647 882 3648 3646 883 883 3646 881 881 3644 879 3646 3644 881 879 3642 877 3644 3642 879 877 3640 875 3642 3640 877 875 3638 872 3640 3638 875 3619 855 856 3622 856 858 3622 3619 856 3624 858 860 3624 3622 858 3626 860 862 3626 3624 860 3628 862 864 3628 3626 862 3630 864 866 3630 3628 864 3632 866 868 3632 3630 866 3634 868 870 3634 3632 868 3636 870 872 3636 3634 870 3638 3636 872 848 3614 3612 846 3612 3610 846 848 3612 844 3610 3608 844 846 3610 842 3608 3606 842 844 3608 840 3606 3604 840 842 3606 838 840 3604 3611 3613 849 3611 847 845 3611 849 847 3609 845 843 3609 3611 845 3607 843 841 3607 3609 843 3605 3607 841 3603 841 839 3603 3605 841 854 3620 3621 857 3621 3623 857 854 3621 859 3623 3625 859 857 3623 861 3625 3627 861 859 3625 863 3627 3629 863 861 3627 865 3629 3631 865 863 3629 867 3631 3633 867 865 3631 869 3633 3635 869 867 3633 871 3635 3637 871 869 3635 873 871 3637 904 3669 3678 905 3678 3677 905 904 3678 903 3677 3676 903 905 3677 906 3676 3675 906 903 3676 907 3675 3674 907 906 3675 908 3674 3673 908 907 3674 909 3673 3672 909 908 3673 910 3672 3671 910 909 3672 911 3671 3670 911 910 3671 912 3670 3692 912 911 3670 926 912 3692 926 3692 3690 924 926 3690 924 3690 3688 922 924 3688 922 3688 3686 920 3686 3684 920 922 3686 918 920 3684 918 3684 3682 916 3682 3680 916 918 3682 914 3680 3668 914 916 3680 902 3668 3666 902 914 3668 900 3666 3664 900 902 3666 898 3664 3662 898 900 3664 896 3662 3660 896 898 3662 894 3660 3658 894 896 3660 892 3658 3656 892 894 3658 890 3656 3654 890 892 3656 888 3654 3652 888 890 3654 886 3652 3650 886 888 3652 884 3650 3648 884 886 3650 883 884 3648 882 3647 3649 885 3649 3651 885 882 3649 887 3651 3653 887 885 3651 889 3653 3655 889 887 3653 891 3655 3657 891 889 3655 893 3657 3659 893 891 3657 895 3659 3661 895 893 3659 897 3661 3663 897 895 3661 899 3663 3665 899 897 3663 901 3665 3667 901 899 3665 913 901 3667 913 3667 3679 915 913 3679 915 3679 3681 917 915 3681 917 3681 3683 919 3683 3685 919 917 3683 921 919 3685 921 3685 3687 923 3687 3689 923 921 3687 925 3689 3691 925 923 3689 927 3691 3693 927 925 3691 928 3693 3695 928 927 3693 930 3695 3696 930 928 3695 933 3696 3699 933 930 3696 935 3699 3701 935 933 3699 937 3701 3702 937 935 3701 936 3702 3700 936 937 3702 934 3700 3697 934 936 3700 931 3697 3698 931 934 3697 932 3698 3694 932 931 3698 929 932 3694 3955 3956 3957 3956 3958 3957 3958 3959 3957 3959 3960 3957 3960 3961 3962 3960 3962 3963 3960 3963 3964 3960 3964 3957 3965 3966 3967 3968 3966 3965 3969 3966 3968 3970 3966 3969 3971 3967 3972 3972 3967 3973 3973 3967 3974 3974 3967 3966 3975 3976 3977 3975 3978 3976 3979 3975 3977 3577 3979 3977 3980 3979 3577 3981 3577 3982 3981 3980 3577 3983 3982 3984 3983 3981 3982 3985 3983 3984 3986 3985 3984 3987 3985 3986 3988 3987 3986 3989 3987 3988 3990 3989 3988 3991 3989 3990 3992 3990 3993 3992 3991 3990 3994 3993 3995 3994 3992 3993 3996 3995 3997 3996 3994 3995 3998 3997 3999 3998 3996 3997 4000 3999 4001 4000 3998 3999 4002 4001 4003 4002 4000 4001 4004 4003 4005 4004 4002 4003 4006 4005 4007 4006 4004 4005 4008 4006 4007 4008 4007 4009 4010 4008 4009 4010 4009 4011 4012 4011 4013 4012 4010 4011 4014 4013 4015 4014 4012 4013 4016 4014 4015 4016 4015 4017 4018 4016 4017 4018 4017 4019 4020 4019 4021 4020 4018 4019 4022 4021 4023 4022 4020 4021 4024 4023 4025 4024 4022 4023 4026 4025 4027 4026 4024 4025 4028 4027 4029 4028 4026 4027 4030 4029 4031 4030 4028 4029 4032 4031 4033 4032 4030 4031 4034 4033 4035 4034 4032 4033 4036 4035 4037 4036 4034 4035 4038 4037 4039 4038 4036 4037 4040 4039 4041 4040 4038 4039 4042 4041 4043 4042 4040 4041 4044 4043 4045 4044 4042 4043 4046 4045 4047 4046 4044 4045 4048 4047 4049 4048 4046 4047 4050 4049 4051 4050 4048 4049 4052 4050 4051 4052 4051 4053 4054 4052 4053 4054 4053 4055 4056 4054 4055 4056 4055 4057 4058 4057 4059 4058 4056 4057 4060 4058 4059 4060 4059 4061 4062 4060 4061 4062 4061 4063 4064 4062 4063 4064 4063 4065 4066 4064 4065 4066 4065 4067 4068 4066 4067 4068 4067 4069 4070 4069 4071 4070 4068 4069 4072 4073 4074 4072 4074 4075 4072 4075 4076 4072 4076 4077 4072 4077 4078 4072 4078 4079 4072 4079 4080 4072 4080 4081 4082 4071 4083 4082 4070 4071 4084 4083 4085 4084 4082 4083 4086 4085 4087 4086 4084 4085 4088 4087 4089 4088 4086 4087 4090 4089 4091 4090 4088 4089 4092 4091 4093 4092 4090 4091 4094 4093 4095 4094 4092 4093 4096 4095 4073 4096 4094 4095 4097 4073 4072 4097 4096 4073 4098 4096 4097 4099 4098 4097 4100 4097 4101 4102 4099 4097 4103 4097 4100 4104 4102 4097 4105 4097 4103 4105 4104 4097 4007 4005 705 705 4005 703 4005 4003 703 4003 701 703 4003 4001 701 4001 699 701 699 3999 697 4001 3999 699 697 3997 695 3999 3997 697 695 3995 693 3997 3995 695 693 3993 691 3995 3993 693 691 3990 689 3993 3990 691 689 3988 687 3990 3988 689 687 3986 685 3988 3986 687 682 3982 680 680 3982 3577 685 3984 682 3986 3984 685 682 3984 3982 4106 3738 3739 4107 3739 3741 4107 3741 3742 4107 3742 3743 4107 4106 3739 4108 4109 4106 4108 4110 4109 4108 4106 4107 4111 4110 4108 4112 4110 4111 4113 4114 4111 4113 4111 4108 4115 4114 4113 4116 4115 4113 4117 4116 4113 4118 4119 3743 4118 4120 4119 4118 4121 4120 4118 3743 4122 4123 4122 4124 4123 4118 4122 3980 4123 4124 3978 4122 3743 3979 4124 3975 3978 3975 4122 4124 4122 3975 3980 4124 3979 4125 4126 4121 4126 4127 4121 4127 4128 4121 4121 4129 4125 4129 4130 4125 4129 4131 4130 4129 4132 4131 4132 4133 4131 4132 4134 4133 4132 4135 4134 4136 4137 4138 4138 4137 4139 4137 4140 4141 4140 4142 4141 4141 4143 4144 4141 4144 4139 4141 4139 4137 4140 4128 4142 4138 4145 4136 4139 4145 4138 4144 4146 4139 4143 4146 4144 4145 4146 4147 4139 4146 4145 4147 4148 4149 4146 4148 4147 4150 3956 3955 4150 3958 3956 4149 4151 4150 4148 4151 4149 4151 3959 4150 4150 3959 3958 4151 3960 3959 3730 4152 3569 4152 4153 3569 4153 4154 3569 4155 4156 4154 4154 4156 3569 4156 3568 3569 4156 4157 3568 4157 3567 3568 4157 4158 3567 4158 3565 3567 3965 4159 3968 3968 4159 3969 3969 4159 3970 3967 4160 3965 4159 4160 4161 3965 4160 4159 4161 4162 4163 4160 4162 4161 4163 4164 4165 4162 4164 4163 4165 4166 4167 4165 4168 4166 4164 4168 4165 4164 4169 4168 4164 4170 4169 4171 4172 3776 4171 4173 4172 4173 4174 4172 4173 4167 4174 4167 4166 4174 4166 4168 4174 4168 4169 4174 4170 4174 4169 4175 4176 4177 4178 4179 4180 4178 4181 4179 4178 4182 4181 4178 4177 4182 4183 4184 4175 4183 4185 4184 4183 4175 4177 4183 4177 4178 4156 4155 4185 4186 4185 4183 4186 4156 4185 4157 4156 4186 4158 4157 4186 3565 4158 4186 3980 3981 679 3981 681 679 3981 683 681 3981 3983 683 3983 684 683 3983 3985 684 3985 686 684 3985 3987 686 3987 688 686 3987 3989 688 3989 690 688 3989 3991 690 3991 692 690 3991 3992 692 3992 694 692 3992 3994 694 3994 696 694 3994 3996 696 3996 698 696 3996 3998 698 3998 700 698 3998 4000 700 4000 702 700 4000 4002 702 4002 704 702 4002 4004 704 4004 706 704 4004 4006 706 4097 771 796 4072 771 4097 4023 4021 721 4021 720 721 4021 4019 720 4019 718 720 4019 4017 718 4017 715 718 4020 4022 722 719 4020 722 4018 4020 719 717 4018 719 4016 4018 717 716 4016 717 4040 741 740 4040 4042 741 4042 743 741 4042 4044 743 4044 745 743 4044 4046 745 4046 747 745 4046 4048 747 4048 749 747 4048 4050 749 4051 4049 750 750 4049 748 748 4047 746 4049 4047 748 746 4045 744 4047 4045 746 744 4043 742 4045 4043 744 742 4041 739 4043 4041 742 4023 721 723 4025 723 725 4025 4023 723 4027 725 727 4027 4025 725 4029 727 729 4029 4027 727 4031 729 731 4031 4029 729 4033 731 733 4033 4031 731 4035 733 735 4035 4033 733 4037 735 737 4037 4035 735 4039 737 739 4039 4037 737 4041 4039 739 715 4017 4015 713 4015 4013 713 715 4015 711 4013 4011 711 713 4013 709 4011 4009 709 711 4011 707 4009 4007 707 709 4009 705 707 4007 4014 4016 716 4014 714 712 4014 716 714 4012 712 710 4012 4014 712 4010 710 708 4010 4012 710 4008 4010 708 4006 708 706 4006 4008 708 722 4022 4024 724 4024 4026 724 722 4024 726 4026 4028 726 724 4026 728 4028 4030 728 726 4028 730 4030 4032 730 728 4030 732 4032 4034 732 730 4032 734 4034 4036 734 732 4034 736 4036 4038 736 734 4036 738 4038 4040 738 736 4038 740 738 4040 771 4072 4081 772 4081 4080 772 771 4081 770 4080 4079 770 772 4080 773 4079 4078 773 770 4079 774 4078 4077 774 773 4078 775 4077 4076 775 774 4077 776 4076 4075 776 775 4076 777 4075 4074 777 776 4075 778 4074 4073 778 777 4074 779 4073 4095 779 778 4073 793 779 4095 793 4095 4093 791 793 4093 791 4093 4091 789 791 4091 789 4091 4089 787 4089 4087 787 789 4089 785 787 4087 785 4087 4085 783 4085 4083 783 785 4085 781 4083 4071 781 783 4083 769 4071 4069 769 781 4071 767 4069 4067 767 769 4069 765 4067 4065 765 767 4067 763 4065 4063 763 765 4065 761 4063 4061 761 763 4063 759 4061 4059 759 761 4061 757 4059 4057 757 759 4059 755 4057 4055 755 757 4057 753 4055 4053 753 755 4055 751 4053 4051 751 753 4053 750 751 4051 749 4050 4052 752 4052 4054 752 749 4052 754 4054 4056 754 752 4054 756 4056 4058 756 754 4056 758 4058 4060 758 756 4058 760 4060 4062 760 758 4060 762 4062 4064 762 760 4062 764 4064 4066 764 762 4064 766 4066 4068 766 764 4066 768 4068 4070 768 766 4068 780 768 4070 780 4070 4082 782 780 4082 782 4082 4084 784 782 4084 784 4084 4086 786 4086 4088 786 784 4086 788 786 4088 788 4088 4090 790 4090 4092 790 788 4090 792 4092 4094 792 790 4092 794 4094 4096 794 792 4094 795 4096 4098 795 794 4096 797 4098 4099 797 795 4098 800 4099 4102 800 797 4099 802 4102 4104 802 800 4102 804 4104 4105 804 802 4104 803 4105 4103 803 804 4105 801 4103 4100 801 803 4103 798 4100 4101 798 801 4100 799 4101 4097 799 798 4101 796 799 4097 4187 4188 4189 4188 4190 4189 4190 4191 4189 4191 4192 4189 4192 4193 4194 4192 4194 4195 4192 4195 4196 4192 4196 4189 4197 3713 4198 4199 3713 4197 4200 3713 4199 3714 3713 4200 4201 4198 4202 4202 4198 4203 4203 4198 4204 4204 4198 3713 4205 4206 4207 4205 4208 4206 4209 4205 4207 3980 4209 4207 4210 4209 3980 4211 3980 4212 4211 4210 3980 4213 4212 4214 4213 4211 4212 4215 4213 4214 4216 4215 4214 4217 4215 4216 4218 4217 4216 4219 4217 4218 4220 4219 4218 4221 4219 4220 4222 4220 4223 4222 4221 4220 4224 4223 4225 4224 4222 4223 4226 4225 4227 4226 4224 4225 4228 4227 4229 4228 4226 4227 4230 4229 4231 4230 4228 4229 4232 4231 4233 4232 4230 4231 4234 4233 4235 4234 4232 4233 4236 4235 4237 4236 4234 4235 4238 4236 4237 4238 4237 4239 4240 4238 4239 4240 4239 4241 4242 4241 4243 4242 4240 4241 4244 4243 4245 4244 4242 4243 4246 4244 4245 4246 4245 4247 4248 4246 4247 4248 4247 4249 4250 4249 4251 4250 4248 4249 4252 4251 4253 4252 4250 4251 4254 4253 4255 4254 4252 4253 4256 4255 4257 4256 4254 4255 4258 4257 4259 4258 4256 4257 4260 4259 4261 4260 4258 4259 4262 4261 4263 4262 4260 4261 4264 4263 4265 4264 4262 4263 4266 4265 4267 4266 4264 4265 4268 4267 4269 4268 4266 4267 4270 4269 4271 4270 4268 4269 4272 4271 4273 4272 4270 4271 4274 4273 4275 4274 4272 4273 4276 4275 4277 4276 4274 4275 4278 4277 4279 4278 4276 4277 4280 4279 4281 4280 4278 4279 4282 4280 4281 4282 4281 4283 4284 4282 4283 4284 4283 4285 4286 4284 4285 4286 4285 4287 4288 4287 4289 4288 4286 4287 4290 4288 4289 4290 4289 4291 4292 4290 4291 4292 4291 4293 4294 4292 4293 4294 4293 4295 4296 4294 4295 4296 4295 4297 4298 4296 4297 4298 4297 4299 4300 4299 4301 4300 4298 4299 4302 4303 4304 4302 4304 4305 4302 4305 4306 4302 4306 4307 4302 4307 4308 4302 4308 4309 4302 4309 4310 4302 4310 4311 4312 4301 4313 4312 4300 4301 4314 4313 4315 4314 4312 4313 4316 4315 4317 4316 4314 4315 4318 4317 4319 4318 4316 4317 4320 4319 4321 4320 4318 4319 4322 4321 4323 4322 4320 4321 4324 4323 4325 4324 4322 4323 4326 4325 4303 4326 4324 4325 4327 4303 4302 4327 4326 4303 4328 4326 4327 4329 4328 4327 4330 4327 4331 4332 4329 4327 4333 4327 4330 4334 4332 4327 4335 4327 4333 4335 4334 4327 4237 4235 1660 1660 4235 1658 4235 4233 1658 4233 1656 1658 4233 4231 1656 4231 1654 1656 1654 4229 1652 4231 4229 1654 1652 4227 1650 4229 4227 1652 1650 4225 1648 4227 4225 1650 1648 4223 1646 4225 4223 1648 1646 4220 1644 4223 4220 1646 1644 4218 1642 4220 4218 1644 1642 4216 1640 4218 4216 1642 1637 4212 679 679 4212 3980 1640 4214 1637 4216 4214 1640 1637 4214 4212 4336 4130 4131 4337 4131 4133 4337 4133 4134 4337 4134 4135 4337 4336 4131 4338 4339 4336 4338 4340 4339 4338 4336 4337 4341 4340 4338 4342 4340 4341 4343 4344 4341 4343 4341 4338 4345 4344 4343 4346 4345 4343 4347 4346 4343 4348 4349 4135 4348 4350 4349 4348 4351 4350 4348 4135 4352 4353 4352 4354 4353 4348 4352 4210 4353 4354 4208 4352 4135 4209 4354 4205 4208 4205 4352 4354 4352 4205 4210 4354 4209 4355 4356 4351 4356 4357 4351 4357 4358 4351 4351 4359 4355 4359 4360 4355 4359 4361 4360 4359 4362 4361 4362 4363 4361 4362 4364 4363 4362 4365 4364 4366 4367 4368 4368 4367 4369 4367 4370 4371 4370 4372 4371 4371 4373 4374 4371 4374 4369 4371 4369 4367 4370 4358 4372 4368 4375 4366 4369 4375 4368 4374 4376 4369 4373 4376 4374 4375 4376 4377 4369 4376 4375 4377 4378 4379 4376 4378 4377 4380 4188 4187 4380 4190 4188 4379 4381 4380 4378 4381 4379 4381 4191 4380 4380 4191 4190 4381 4192 4191 3729 4382 3730 3729 3728 4382 3728 4383 4382 3728 3727 4383 3727 4384 4383 4384 4385 4383 4385 4386 4383 4387 4383 4386 4197 3712 4199 4199 3712 4200 4200 3712 3714 4198 4388 4197 3712 4388 3711 4197 4388 3712 3711 4389 3703 4388 4389 3711 3703 4390 3704 4389 4390 3703 3704 4384 3727 3704 4385 4384 4390 4385 3704 4390 4386 4385 4390 4387 4386 4210 4211 1635 4211 1636 1635 4211 1638 1636 4211 4213 1638 4213 1639 1638 4213 4215 1639 4215 1641 1639 4215 4217 1641 4217 1643 1641 4217 4219 1643 4219 1645 1643 4219 4221 1645 4221 1647 1645 4221 4222 1647 4222 1649 1647 4222 4224 1649 4224 1651 1649 4224 4226 1651 4226 1653 1651 4226 4228 1653 4228 1655 1653 4228 4230 1655 4230 1657 1655 4230 4232 1657 4232 1659 1657 4232 4234 1659 4234 1661 1659 4234 4236 1661 4327 1726 1751 4302 1726 4327 4253 4251 1677 4251 1675 1677 4251 4249 1675 4249 1673 1675 4249 4247 1673 4247 1670 1673 4250 4252 1676 1674 4250 1676 4248 4250 1674 1672 4248 1674 4246 4248 1672 1671 4246 1672 4270 1696 1695 4270 4272 1696 4272 1698 1696 4272 4274 1698 4274 1700 1698 4274 4276 1700 4276 1702 1700 4276 4278 1702 4278 1704 1702 4278 4280 1704 4281 4279 1705 1705 4279 1703 1703 4277 1701 4279 4277 1703 1701 4275 1699 4277 4275 1701 1699 4273 1697 4275 4273 1699 1697 4271 1694 4273 4271 1697 4253 1677 1678 4255 1678 1680 4255 4253 1678 4257 1680 1682 4257 4255 1680 4259 1682 1684 4259 4257 1682 4261 1684 1686 4261 4259 1684 4263 1686 1688 4263 4261 1686 4265 1688 1690 4265 4263 1688 4267 1690 1692 4267 4265 1690 4269 1692 1694 4269 4267 1692 4271 4269 1694 1670 4247 4245 1668 4245 4243 1668 1670 4245 1666 4243 4241 1666 1668 4243 1664 4241 4239 1664 1666 4241 1662 4239 4237 1662 1664 4239 1660 1662 4237 4244 4246 1671 4244 1669 1667 4244 1671 1669 4242 1667 1665 4242 4244 1667 4240 1665 1663 4240 4242 1665 4238 4240 1663 4236 1663 1661 4236 4238 1663 1676 4252 4254 1679 4254 4256 1679 1676 4254 1681 4256 4258 1681 1679 4256 1683 4258 4260 1683 1681 4258 1685 4260 4262 1685 1683 4260 1687 4262 4264 1687 1685 4262 1689 4264 4266 1689 1687 4264 1691 4266 4268 1691 1689 4266 1693 4268 4270 1693 1691 4268 1695 1693 4270 1726 4302 4311 1727 4311 4310 1727 1726 4311 1725 4310 4309 1725 1727 4310 1728 4309 4308 1728 1725 4309 1729 4308 4307 1729 1728 4308 1730 4307 4306 1730 1729 4307 1731 4306 4305 1731 1730 4306 1732 4305 4304 1732 1731 4305 1733 4304 4303 1733 1732 4304 1734 4303 4325 1734 1733 4303 1748 1734 4325 1748 4325 4323 1746 1748 4323 1746 4323 4321 1744 1746 4321 1744 4321 4319 1742 4319 4317 1742 1744 4319 1740 1742 4317 1740 4317 4315 1738 4315 4313 1738 1740 4315 1736 4313 4301 1736 1738 4313 1724 4301 4299 1724 1736 4301 1722 4299 4297 1722 1724 4299 1720 4297 4295 1720 1722 4297 1718 4295 4293 1718 1720 4295 1716 4293 4291 1716 1718 4293 1714 4291 4289 1714 1716 4291 1712 4289 4287 1712 1714 4289 1710 4287 4285 1710 1712 4287 1708 4285 4283 1708 1710 4285 1706 4283 4281 1706 1708 4283 1705 1706 4281 1704 4280 4282 1707 4282 4284 1707 1704 4282 1709 4284 4286 1709 1707 4284 1711 4286 4288 1711 1709 4286 1713 4288 4290 1713 1711 4288 1715 4290 4292 1715 1713 4290 1717 4292 4294 1717 1715 4292 1719 4294 4296 1719 1717 4294 1721 4296 4298 1721 1719 4296 1723 4298 4300 1723 1721 4298 1735 1723 4300 1735 4300 4312 1737 1735 4312 1737 4312 4314 1739 1737 4314 1739 4314 4316 1741 4316 4318 1741 1739 4316 1743 1741 4318 1743 4318 4320 1745 4320 4322 1745 1743 4320 1747 4322 4324 1747 1745 4322 1749 4324 4326 1749 1747 4324 1750 4326 4328 1750 1749 4326 1752 4328 4329 1752 1750 4328 1755 4329 4332 1755 1752 4329 1757 4332 4334 1757 1755 4332 1759 4334 4335 1759 1757 4334 1758 4335 4333 1758 1759 4335 1756 4333 4330 1756 1758 4333 1753 4330 4331 1753 1756 4330 1754 4331 4327 1754 1753 4331 1751 1754 4327 4391 4392 4393 4392 4394 4393 4394 4395 4393 4395 4396 4393 4396 4397 4398 4396 4398 4399 4396 4399 4400 4396 4400 4393 4401 4111 4402 4403 4111 4401 4404 4111 4403 4112 4111 4404 4405 4402 4406 4406 4402 4407 4407 4402 4408 4408 4402 4111 4409 4410 4411 4409 4412 4410 4413 4409 4411 4210 4413 4411 4414 4413 4210 4415 4210 4416 4415 4414 4210 4417 4416 4418 4417 4415 4416 4419 4417 4418 4420 4419 4418 4421 4419 4420 4422 4421 4420 4423 4421 4422 4424 4423 4422 4425 4423 4424 4426 4424 4427 4426 4425 4424 4428 4427 4429 4428 4426 4427 4430 4429 4431 4430 4428 4429 4432 4431 4433 4432 4430 4431 4434 4433 4435 4434 4432 4433 4436 4435 4437 4436 4434 4435 4438 4437 4439 4438 4436 4437 4440 4439 4441 4440 4438 4439 4442 4440 4441 4442 4441 4443 4444 4442 4443 4444 4443 4445 4446 4445 4447 4446 4444 4445 4448 4447 4449 4448 4446 4447 4450 4448 4449 4450 4449 4451 4452 4450 4451 4452 4451 4453 4454 4453 4455 4454 4452 4453 4456 4455 4457 4456 4454 4455 4458 4457 4459 4458 4456 4457 4460 4459 4461 4460 4458 4459 4462 4461 4463 4462 4460 4461 4464 4463 4465 4464 4462 4463 4466 4465 4467 4466 4464 4465 4468 4467 4469 4468 4466 4467 4470 4469 4471 4470 4468 4469 4472 4471 4473 4472 4470 4471 4474 4473 4475 4474 4472 4473 4476 4475 4477 4476 4474 4475 4478 4477 4479 4478 4476 4477 4480 4479 4481 4480 4478 4479 4482 4481 4483 4482 4480 4481 4484 4483 4485 4484 4482 4483 4486 4484 4485 4486 4485 4487 4488 4486 4487 4488 4487 4489 4490 4488 4489 4490 4489 4491 4492 4491 4493 4492 4490 4491 4494 4492 4493 4494 4493 4495 4496 4494 4495 4496 4495 4497 4498 4496 4497 4498 4497 4499 4500 4498 4499 4500 4499 4501 4502 4500 4501 4502 4501 4503 4504 4503 4505 4504 4502 4503 4506 4507 4508 4506 4508 4509 4506 4509 4510 4506 4510 4511 4506 4511 4512 4506 4512 4513 4506 4513 4514 4506 4514 4515 4516 4505 4517 4516 4504 4505 4518 4517 4519 4518 4516 4517 4520 4519 4521 4520 4518 4519 4522 4521 4523 4522 4520 4521 4524 4523 4525 4524 4522 4523 4526 4525 4527 4526 4524 4525 4528 4527 4529 4528 4526 4527 4530 4529 4507 4530 4528 4529 4531 4507 4506 4531 4530 4507 4532 4530 4531 4533 4532 4531 4534 4531 4535 4536 4533 4531 4537 4531 4534 4538 4536 4531 4539 4531 4537 4539 4538 4531 4441 4439 2272 2272 4439 2270 4439 4437 2270 4437 2268 2270 4437 4435 2268 4435 2266 2268 2266 4433 2264 4435 4433 2266 2264 4431 2262 4433 4431 2264 2262 4429 2260 4431 4429 2262 2260 4427 2258 4429 4427 2260 2258 4424 2256 4427 4424 2258 2256 4422 2254 4424 4422 2256 2254 4420 2252 4422 4420 2254 2249 4416 1635 1635 4416 4210 2252 4418 2249 4420 4418 2252 2249 4418 4416 4540 4360 4361 4541 4361 4363 4541 4363 4364 4541 4364 4365 4541 4540 4361 4542 4543 4540 4542 4544 4543 4542 4540 4541 4545 4544 4542 4546 4544 4545 4547 4548 4545 4547 4545 4542 4549 4548 4547 4550 4549 4547 4551 4550 4547 4552 4553 4365 4552 4554 4553 4552 4555 4554 4552 4365 4556 4557 4556 4558 4557 4552 4556 4414 4557 4558 4412 4556 4365 4413 4558 4409 4412 4409 4556 4558 4556 4409 4414 4558 4413 4559 4560 4555 4560 4561 4555 4561 4562 4555 4555 4563 4559 4563 4564 4559 4563 4565 4564 4563 4566 4565 4566 4567 4565 4566 4568 4567 4566 4569 4568 4570 4571 4572 4572 4571 4573 4571 4574 4575 4574 4576 4575 4575 4577 4578 4575 4578 4573 4575 4573 4571 4574 4562 4576 4572 4579 4570 4573 4579 4572 4578 4580 4573 4577 4580 4578 4579 4580 4581 4573 4580 4579 4581 4582 4583 4580 4582 4581 4584 4392 4391 4584 4394 4392 4583 4585 4584 4582 4585 4583 4585 4395 4584 4584 4395 4394 4585 4396 4395 4401 4110 4403 4403 4110 4404 4404 4110 4112 4402 4586 4401 4110 4586 4109 4401 4586 4110 4109 4587 4106 4586 4587 4109 4106 4588 3738 4587 4588 4106 3738 4589 3733 3738 4590 4589 4588 4590 3738 4588 4591 4590 4588 3751 4591 3735 3750 3736 3735 3734 3750 3734 3749 3750 3734 3733 3749 3733 4589 3749 4589 4590 3749 4590 4591 3749 3751 3749 4591 4592 4593 4594 4593 4595 4594 4595 4596 4594 4597 4598 4596 4596 4598 4594 4598 4599 4594 4598 4600 4599 4600 4601 4599 4600 4602 4601 4602 4569 4601 4603 4604 4605 4606 4607 4608 4606 4609 4607 4606 4610 4609 4606 4605 4610 4611 4612 4603 4611 4613 4612 4611 4603 4605 4611 4605 4606 4598 4597 4613 4614 4613 4611 4614 4598 4613 4600 4598 4614 4602 4600 4614 4569 4602 4614 4414 4415 2247 4415 2248 2247 4415 2250 2248 4415 4417 2250 4417 2251 2250 4417 4419 2251 4419 2253 2251 4419 4421 2253 4421 2255 2253 4421 4423 2255 4423 2257 2255 4423 4425 2257 4425 2259 2257 4425 4426 2259 4426 2261 2259 4426 4428 2261 4428 2263 2261 4428 4430 2263 4430 2265 2263 4430 4432 2265 4432 2267 2265 4432 4434 2267 4434 2269 2267 4434 4436 2269 4436 2271 2269 4436 4438 2271 4438 2273 2271 4438 4440 2273 4531 2338 2363 4506 2338 4531 4457 4455 2288 4455 2287 2288 4455 4453 2287 4453 2285 2287 4453 4451 2285 4451 2282 2285 4454 4456 2289 2286 4454 2289 4452 4454 2286 2284 4452 2286 4450 4452 2284 2283 4450 2284 4474 2308 2307 4474 4476 2308 4476 2310 2308 4476 4478 2310 4478 2312 2310 4478 4480 2312 4480 2314 2312 4480 4482 2314 4482 2316 2314 4482 4484 2316 4485 4483 2317 2317 4483 2315 2315 4481 2313 4483 4481 2315 2313 4479 2311 4481 4479 2313 2311 4477 2309 4479 4477 2311 2309 4475 2306 4477 4475 2309 4457 2288 2290 4459 2290 2292 4459 4457 2290 4461 2292 2294 4461 4459 2292 4463 2294 2296 4463 4461 2294 4465 2296 2298 4465 4463 2296 4467 2298 2300 4467 4465 2298 4469 2300 2302 4469 4467 2300 4471 2302 2304 4471 4469 2302 4473 2304 2306 4473 4471 2304 4475 4473 2306 2282 4451 4449 2280 4449 4447 2280 2282 4449 2278 4447 4445 2278 2280 4447 2276 4445 4443 2276 2278 4445 2274 4443 4441 2274 2276 4443 2272 2274 4441 4448 4450 2283 4448 2281 2279 4448 2283 2281 4446 2279 2277 4446 4448 2279 4444 2277 2275 4444 4446 2277 4442 4444 2275 4440 2275 2273 4440 4442 2275 2289 4456 4458 2291 4458 4460 2291 2289 4458 2293 4460 4462 2293 2291 4460 2295 4462 4464 2295 2293 4462 2297 4464 4466 2297 2295 4464 2299 4466 4468 2299 2297 4466 2301 4468 4470 2301 2299 4468 2303 4470 4472 2303 2301 4470 2305 4472 4474 2305 2303 4472 2307 2305 4474 2338 4506 4515 2339 4515 4514 2339 2338 4515 2337 4514 4513 2337 2339 4514 2340 4513 4512 2340 2337 4513 2341 4512 4511 2341 2340 4512 2342 4511 4510 2342 2341 4511 2343 4510 4509 2343 2342 4510 2344 4509 4508 2344 2343 4509 2345 4508 4507 2345 2344 4508 2346 4507 4529 2346 2345 4507 2360 2346 4529 2360 4529 4527 2358 2360 4527 2358 4527 4525 2356 2358 4525 2356 4525 4523 2354 4523 4521 2354 2356 4523 2352 2354 4521 2352 4521 4519 2350 4519 4517 2350 2352 4519 2348 4517 4505 2348 2350 4517 2336 4505 4503 2336 2348 4505 2334 4503 4501 2334 2336 4503 2332 4501 4499 2332 2334 4501 2330 4499 4497 2330 2332 4499 2328 4497 4495 2328 2330 4497 2326 4495 4493 2326 2328 4495 2324 4493 4491 2324 2326 4493 2322 4491 4489 2322 2324 4491 2320 4489 4487 2320 2322 4489 2318 4487 4485 2318 2320 4487 2317 2318 4485 2316 4484 4486 2319 4486 4488 2319 2316 4486 2321 4488 4490 2321 2319 4488 2323 4490 4492 2323 2321 4490 2325 4492 4494 2325 2323 4492 2327 4494 4496 2327 2325 4494 2329 4496 4498 2329 2327 4496 2331 4498 4500 2331 2329 4498 2333 4500 4502 2333 2331 4500 2335 4502 4504 2335 2333 4502 2347 2335 4504 2347 4504 4516 2349 2347 4516 2349 4516 4518 2351 2349 4518 2351 4518 4520 2353 4520 4522 2353 2351 4520 2355 2353 4522 2355 4522 4524 2357 4524 4526 2357 2355 4524 2359 4526 4528 2359 2357 4526 2361 4528 4530 2361 2359 4528 2362 4530 4532 2362 2361 4530 2364 4532 4533 2364 2362 4532 2367 4533 4536 2367 2364 4533 2369 4536 4538 2369 2367 4536 2371 4538 4539 2371 2369 4538 2370 4539 4537 2370 2371 4539 2368 4537 4534 2368 2370 4537 2365 4534 4535 2365 2368 4534 2366 4535 4531 2366 2365 4535 2363 2366 4531 4615 4341 4616 4617 4341 4615 4618 4341 4617 4342 4341 4618 4619 4616 4620 4620 4616 4621 4621 4616 4622 4622 4616 4341 4623 4624 4625 4623 4626 4624 4627 4623 4625 4414 4627 4625 4628 4627 4414 4629 4414 4630 4629 4628 4414 4631 4630 4632 4631 4629 4630 4633 4631 4632 4634 4633 4632 4635 4633 4634 4636 4635 4634 4637 4635 4636 4638 4637 4636 4639 4637 4638 4640 4638 4641 4640 4639 4638 4642 4641 4643 4642 4640 4641 4644 4643 4645 4644 4642 4643 4646 4645 4647 4646 4644 4645 4648 4647 4649 4648 4646 4647 4650 4649 4651 4650 4648 4649 4652 4651 4653 4652 4650 4651 4654 4653 4655 4654 4652 4653 4656 4654 4655 4656 4655 4657 4658 4656 4657 4658 4657 4659 4660 4659 4661 4660 4658 4659 4662 4661 4663 4662 4660 4661 4664 4662 4663 4664 4663 4665 4666 4664 4665 4666 4665 4667 4668 4669 4670 4668 4667 4669 4668 4666 4667 4671 4668 4670 4672 4671 4670 4672 4670 4673 4674 4673 4675 4674 4672 4673 4676 4675 4677 4676 4674 4675 4678 4677 4679 4678 4676 4677 4680 4679 4681 4680 4678 4679 4682 4681 4683 4682 4680 4681 4684 4683 4685 4684 4682 4683 4686 4685 4687 4686 4684 4685 4688 4687 4689 4688 4686 4687 4690 4689 4691 4690 4688 4689 4692 4691 4693 4692 4690 4691 4694 4693 4695 4694 4692 4693 4696 4695 4697 4696 4694 4695 4698 4697 4699 4698 4696 4697 4700 4698 4699 4700 4699 4701 4702 4700 4701 4702 4701 4703 4704 4702 4703 4704 4703 4705 4706 4705 4707 4706 4704 4705 4708 4706 4707 4708 4707 4709 4710 4708 4709 4710 4709 4711 4712 4710 4711 4712 4711 4713 4714 4712 4713 4714 4713 4715 4716 4714 4715 4716 4715 4717 4718 4717 4719 4718 4716 4717 4720 4721 4722 4720 4722 4723 4720 4723 4724 4720 4724 4725 4720 4725 4726 4720 4726 4727 4720 4727 4728 4720 4728 4729 4730 4719 4731 4730 4718 4719 4732 4731 4733 4732 4730 4731 4734 4733 4735 4734 4732 4733 4736 4735 4737 4736 4734 4735 4738 4737 4739 4738 4736 4737 4740 4739 4741 4740 4738 4739 4742 4741 4743 4742 4740 4741 4744 4743 4721 4744 4742 4743 4745 4721 4720 4745 4744 4721 4746 4744 4745 4747 4746 4745 4748 4745 4749 4750 4747 4745 4751 4745 4748 4752 4750 4745 4753 4745 4751 4753 4752 4745 4655 4653 2734 2734 4653 2732 4653 4651 2732 4651 2730 2732 4651 4649 2730 4649 2728 2730 2728 4647 2726 4649 4647 2728 2726 4645 2724 4647 4645 2726 2724 4643 2722 4645 4643 2724 2722 4641 2720 4643 4641 2722 2720 4638 2718 4641 4638 2720 2718 4636 2716 4638 4636 2718 2716 4634 2714 4636 4634 2716 2711 4630 2247 2247 4630 4414 2714 4632 2711 4634 4632 2714 2711 4632 4630 4754 4564 4565 4614 4565 4567 4614 4567 4568 4614 4568 4569 4614 4754 4565 4611 4755 4754 4611 4756 4755 4611 4754 4614 4757 4756 4611 4758 4756 4757 4606 4759 4757 4606 4757 4611 4760 4759 4606 4761 4760 4606 4608 4761 4606 4762 4601 4569 4762 4599 4601 4762 4594 4599 4762 4569 4763 4764 4763 4765 4764 4762 4763 4628 4764 4765 4626 4763 4569 4627 4765 4623 4626 4623 4763 4765 4763 4623 4628 4765 4627 4127 4142 4128 4127 4126 4142 4126 4141 4142 4126 4125 4141 4125 4766 4141 4766 4767 4141 4767 4768 4141 4143 4141 4768 4615 4340 4617 4617 4340 4618 4618 4340 4342 4616 4769 4615 4340 4769 4339 4615 4769 4340 4339 4770 4336 4769 4770 4339 4336 4771 4130 4770 4771 4336 4130 4766 4125 4130 4767 4766 4771 4767 4130 4771 4768 4767 4771 4143 4768 3938 4772 4773 3938 4774 4772 4774 4775 4772 4628 4775 4776 4774 4776 4775 4762 4777 4594 4762 4778 4777 4762 3938 4778 4774 3938 4762 4764 4774 4762 4776 4774 4764 4628 4776 4764 4628 4629 1142 4629 2710 1142 4629 2712 2710 4629 4631 2712 4631 2713 2712 4631 4633 2713 4633 2715 2713 4633 4635 2715 4635 2717 2715 4635 4637 2717 4637 2719 2717 4637 4639 2719 4639 2721 2719 4639 4640 2721 4640 2723 2721 4640 4642 2723 4642 2725 2723 4642 4644 2725 4644 2727 2725 4644 4646 2727 4646 2729 2727 4646 4648 2729 4648 2731 2729 4648 4650 2731 4650 2733 2731 4650 4652 2733 4652 2735 2733 4652 4654 2735 4745 2800 2825 4720 2800 4745 4670 4669 2751 4669 2749 2751 4669 4667 2749 4667 2747 2749 4667 4665 2747 4665 2744 2747 4668 4671 2750 2748 4668 2750 4666 4668 2748 2746 4666 2748 4664 4666 2746 2745 4664 2746 4688 2770 2769 4688 4690 2770 4690 2772 2770 4690 4692 2772 4692 2774 2772 4692 4694 2774 4694 2776 2774 4694 4696 2776 4696 2778 2776 4696 4698 2778 4699 4697 2779 2779 4697 2777 2777 4695 2775 4697 4695 2777 2775 4693 2773 4695 4693 2775 2773 4691 2771 4693 4691 2773 2771 4689 2768 4691 4689 2771 4670 2751 2752 4673 2752 2754 4673 4670 2752 4675 2754 2756 4675 4673 2754 4677 2756 2758 4677 4675 2756 4679 2758 2760 4679 4677 2758 4681 2760 2762 4681 4679 2760 4683 2762 2764 4683 4681 2762 4685 2764 2766 4685 4683 2764 4687 2766 2768 4687 4685 2766 4689 4687 2768 2744 4665 4663 2742 4663 4661 2742 2744 4663 2740 4661 4659 2740 2742 4661 2738 4659 4657 2738 2740 4659 2736 4657 4655 2736 2738 4657 2734 2736 4655 4662 4664 2745 4662 2743 2741 4662 2745 2743 4660 2741 2739 4660 4662 2741 4658 2739 2737 4658 4660 2739 4656 4658 2737 4654 2737 2735 4654 4656 2737 2750 4671 4672 2753 4672 4674 2753 2750 4672 2755 4674 4676 2755 2753 4674 2757 4676 4678 2757 2755 4676 2759 4678 4680 2759 2757 4678 2761 4680 4682 2761 2759 4680 2763 4682 4684 2763 2761 4682 2765 4684 4686 2765 2763 4684 2767 4686 4688 2767 2765 4686 2769 2767 4688 2800 4720 4729 2801 4729 4728 2801 2800 4729 2799 4728 4727 2799 2801 4728 2802 4727 4726 2802 2799 4727 2803 4726 4725 2803 2802 4726 2804 4725 4724 2804 2803 4725 2805 4724 4723 2805 2804 4724 2806 4723 4722 2806 2805 4723 2807 4722 4721 2807 2806 4722 2808 4721 4743 2808 2807 4721 2822 2808 4743 2822 4743 4741 2820 2822 4741 2820 4741 4739 2818 2820 4739 2818 4739 4737 2816 4737 4735 2816 2818 4737 2814 2816 4735 2814 4735 4733 2812 4733 4731 2812 2814 4733 2810 4731 4719 2810 2812 4731 2798 4719 4717 2798 2810 4719 2796 4717 4715 2796 2798 4717 2794 4715 4713 2794 2796 4715 2792 4713 4711 2792 2794 4713 2790 4711 4709 2790 2792 4711 2788 4709 4707 2788 2790 4709 2786 4707 4705 2786 2788 4707 2784 4705 4703 2784 2786 4705 2782 4703 4701 2782 2784 4703 2780 4701 4699 2780 2782 4701 2779 2780 4699 2778 4698 4700 2781 4700 4702 2781 2778 4700 2783 4702 4704 2783 2781 4702 2785 4704 4706 2785 2783 4704 2787 4706 4708 2787 2785 4706 2789 4708 4710 2789 2787 4708 2791 4710 4712 2791 2789 4710 2793 4712 4714 2793 2791 4712 2795 4714 4716 2795 2793 4714 2797 4716 4718 2797 2795 4716 2809 2797 4718 2809 4718 4730 2811 2809 4730 2811 4730 4732 2813 2811 4732 2813 4732 4734 2815 4734 4736 2815 2813 4734 2817 2815 4736 2817 4736 4738 2819 4738 4740 2819 2817 4738 2821 4740 4742 2821 2819 4740 2823 4742 4744 2823 2821 4742 2824 4744 4746 2824 2823 4744 2826 4746 4747 2826 2824 4746 2829 4747 4750 2829 2826 4747 2831 4750 4752 2831 2829 4750 2833 4752 4753 2833 2831 4752 2832 4753 4751 2832 2833 4753 2830 4751 4748 2830 2832 4751 2827 4748 4749 2827 2830 4748 2828 4749 4745 2828 2827 4749 2825 2828 4745 4779 4545 4780 4781 4545 4779 4782 4545 4781 4546 4545 4782 4783 4780 4784 4784 4780 4785 4785 4780 4786 4786 4780 4545 4787 4772 4775 4787 4773 4772 4788 4787 4775 4628 4788 4775 3793 4788 4628 4789 4628 4790 4789 3793 4628 4791 4790 4792 4791 4789 4790 4793 4791 4792 4794 4793 4792 4795 4793 4794 4796 4795 4794 4797 4795 4796 4798 4797 4796 4799 4797 4798 4800 4798 4801 4800 4799 4798 4802 4801 4803 4802 4800 4801 4804 4803 4805 4804 4802 4803 4806 4805 4807 4806 4804 4805 4808 4807 4809 4808 4806 4807 4810 4809 4811 4810 4808 4809 4812 4811 4813 4812 4810 4811 4814 4813 4815 4814 4812 4813 4816 4814 4815 4816 4815 4817 4818 4816 4817 4818 4817 4819 4820 4819 4821 4820 4818 4819 4822 4821 4823 4822 4820 4821 4824 4822 4823 4824 4823 4825 4826 4824 4825 4826 4825 4827 4828 4827 4829 4828 4826 4827 4830 4829 4831 4830 4828 4829 4832 4831 4833 4832 4830 4831 4834 4833 4835 4834 4832 4833 4836 4835 4837 4836 4834 4835 4838 4837 4839 4838 4836 4837 4840 4839 4841 4840 4838 4839 4842 4841 4843 4842 4840 4841 4844 4843 4845 4844 4842 4843 4846 4845 4847 4846 4844 4845 4848 4847 4849 4848 4846 4847 4850 4849 4851 4850 4848 4849 4852 4851 4853 4852 4850 4851 4854 4853 4855 4854 4852 4853 4856 4855 4857 4856 4854 4855 4858 4857 4859 4858 4856 4857 4860 4858 4859 4860 4859 4861 4862 4860 4861 4862 4861 4863 4864 4862 4863 4864 4863 4865 4866 4865 4867 4866 4864 4865 4868 4866 4867 4868 4867 4869 4870 4868 4869 4870 4869 4871 4872 4870 4871 4872 4871 4873 4874 4872 4873 4874 4873 4875 4876 4874 4875 4876 4875 4877 4878 4877 4879 4878 4876 4877 4880 4881 4882 4880 4882 4883 4880 4883 4884 4880 4884 4885 4880 4885 4886 4880 4886 4887 4880 4887 4888 4880 4888 4889 4890 4879 4891 4890 4878 4879 4892 4891 4893 4892 4890 4891 4894 4893 4895 4894 4892 4893 4896 4895 4897 4896 4894 4895 4898 4897 4899 4898 4896 4897 4900 4899 4901 4900 4898 4899 4902 4901 4903 4902 4900 4901 4904 4903 4881 4904 4902 4903 4905 4881 4880 4905 4904 4881 4906 4904 4905 4907 4906 4905 4908 4905 4909 4910 4907 4905 4911 4905 4908 4912 4910 4905 4913 4905 4911 4913 4912 4905 4815 4813 1167 1167 4813 1165 4813 4811 1165 4811 1163 1165 4811 4809 1163 4809 1161 1163 1161 4807 1159 4809 4807 1161 1159 4805 1157 4807 4805 1159 1157 4803 1155 4805 4803 1157 1155 4801 1153 4803 4801 1155 1153 4798 1151 4801 4798 1153 1151 4796 1149 4798 4796 1151 1149 4794 1147 4796 4794 1149 1144 4790 1142 1142 4790 4628 1147 4792 1144 4794 4792 1147 1144 4792 4790 4779 4544 4781 4781 4544 4782 4782 4544 4546 4780 4914 4779 4544 4914 4543 4779 4914 4544 4543 4915 4540 4914 4915 4543 4540 4916 4360 4915 4916 4540 4360 4917 4355 4360 4918 4917 4916 4918 4360 4916 4919 4918 4916 4373 4919 4357 4372 4358 4357 4356 4372 4356 4371 4372 4356 4355 4371 4355 4917 4371 4917 4918 4371 4918 4919 4371 4373 4371 4919 3793 4789 980 4789 1143 980 4789 1145 1143 4789 4791 1145 4791 1146 1145 4791 4793 1146 4793 1148 1146 4793 4795 1148 4795 1150 1148 4795 4797 1150 4797 1152 1150 4797 4799 1152 4799 1154 1152 4799 4800 1154 4800 1156 1154 4800 4802 1156 4802 1158 1156 4802 4804 1158 4804 1160 1158 4804 4806 1160 4806 1162 1160 4806 4808 1162 4808 1164 1162 4808 4810 1164 4810 1166 1164 4810 4812 1166 4812 1168 1166 4812 4814 1168 4905 1233 1258 4880 1233 4905 4831 4829 1183 4829 1182 1183 4829 4827 1182 4827 1180 1182 4827 4825 1180 4825 1177 1180 4828 4830 1184 1181 4828 1184 4826 4828 1181 1179 4826 1181 4824 4826 1179 1178 4824 1179 4848 1203 1202 4848 4850 1203 4850 1205 1203 4850 4852 1205 4852 1207 1205 4852 4854 1207 4854 1209 1207 4854 4856 1209 4856 1211 1209 4856 4858 1211 4859 4857 1212 1212 4857 1210 1210 4855 1208 4857 4855 1210 1208 4853 1206 4855 4853 1208 1206 4851 1204 4853 4851 1206 1204 4849 1201 4851 4849 1204 4831 1183 1185 4833 1185 1187 4833 4831 1185 4835 1187 1189 4835 4833 1187 4837 1189 1191 4837 4835 1189 4839 1191 1193 4839 4837 1191 4841 1193 1195 4841 4839 1193 4843 1195 1197 4843 4841 1195 4845 1197 1199 4845 4843 1197 4847 1199 1201 4847 4845 1199 4849 4847 1201 1177 4825 4823 1175 4823 4821 1175 1177 4823 1173 4821 4819 1173 1175 4821 1171 4819 4817 1171 1173 4819 1169 4817 4815 1169 1171 4817 1167 1169 4815 4822 4824 1178 4822 1176 1174 4822 1178 1176 4820 1174 1172 4820 4822 1174 4818 1172 1170 4818 4820 1172 4816 4818 1170 4814 1170 1168 4814 4816 1170 1184 4830 4832 1186 4832 4834 1186 1184 4832 1188 4834 4836 1188 1186 4834 1190 4836 4838 1190 1188 4836 1192 4838 4840 1192 1190 4838 1194 4840 4842 1194 1192 4840 1196 4842 4844 1196 1194 4842 1198 4844 4846 1198 1196 4844 1200 4846 4848 1200 1198 4846 1202 1200 4848 1233 4880 4889 1234 4889 4888 1234 1233 4889 1232 4888 4887 1232 1234 4888 1235 4887 4886 1235 1232 4887 1236 4886 4885 1236 1235 4886 1237 4885 4884 1237 1236 4885 1238 4884 4883 1238 1237 4884 1239 4883 4882 1239 1238 4883 1240 4882 4881 1240 1239 4882 1241 4881 4903 1241 1240 4881 1255 1241 4903 1255 4903 4901 1253 1255 4901 1253 4901 4899 1251 1253 4899 1251 4899 4897 1249 4897 4895 1249 1251 4897 1247 1249 4895 1247 4895 4893 1245 4893 4891 1245 1247 4893 1243 4891 4879 1243 1245 4891 1231 4879 4877 1231 1243 4879 1229 4877 4875 1229 1231 4877 1227 4875 4873 1227 1229 4875 1225 4873 4871 1225 1227 4873 1223 4871 4869 1223 1225 4871 1221 4869 4867 1221 1223 4869 1219 4867 4865 1219 1221 4867 1217 4865 4863 1217 1219 4865 1215 4863 4861 1215 1217 4863 1213 4861 4859 1213 1215 4861 1212 1213 4859 1211 4858 4860 1214 4860 4862 1214 1211 4860 1216 4862 4864 1216 1214 4862 1218 4864 4866 1218 1216 4864 1220 4866 4868 1220 1218 4866 1222 4868 4870 1222 1220 4868 1224 4870 4872 1224 1222 4870 1226 4872 4874 1226 1224 4872 1228 4874 4876 1228 1226 4874 1230 4876 4878 1230 1228 4876 1242 1230 4878 1242 4878 4890 1244 1242 4890 1244 4890 4892 1246 1244 4892 1246 4892 4894 1248 4894 4896 1248 1246 4894 1250 1248 4896 1250 4896 4898 1252 4898 4900 1252 1250 4898 1254 4900 4902 1254 1252 4900 1256 4902 4904 1256 1254 4902 1257 4904 4906 1257 1256 4904 1259 4906 4907 1259 1257 4906 1262 4907 4910 1262 1259 4907 1264 4910 4912 1264 1262 4910 1266 4912 4913 1266 1264 4912 1265 4913 4911 1265 1266 4913 1263 4911 4908 1263 1265 4911 1260 4908 4909 1260 1263 4908 1261 4909 4905 1261 1260 4909 1258 1261 4905 4920 4757 4921 4922 4757 4920 4923 4757 4922 4758 4757 4923 4924 4921 4925 4925 4921 4926 4926 4921 4927 4927 4921 4757 4561 4576 4562 4561 4560 4576 4560 4575 4576 4560 4559 4575 4559 4928 4575 4928 4929 4575 4929 4930 4575 4577 4575 4930 4920 4756 4922 4922 4756 4923 4923 4756 4758 4921 4931 4920 4756 4931 4755 4920 4931 4756 4755 4932 4754 4931 4932 4755 4754 4933 4564 4932 4933 4754 4564 4928 4559 4564 4929 4928 4933 4929 4564 4933 4930 4929 4933 4577 4930 4934 4935 4936 4937 4935 4934 4935 4938 4936 4938 4939 4936 4938 4940 4939 4939 4941 4942 4940 4941 4939 4942 4943 4944 4941 4943 4942 4944 4945 4946 4943 4945 4944 4946 4947 4948 4945 4947 4946 4948 4949 4950 4947 4949 4948 4950 4951 4952 4949 4951 4950 4951 4953 4952 4952 4954 4955 4953 4954 4952 4955 4956 4957 4954 4956 4955 4957 4958 4959 4956 4958 4957 4959 4960 4961 4958 4960 4959 4961 4962 4963 4960 4962 4961 4963 4964 4965 4965 4964 4966 4962 4964 4963 4964 4967 4966 4966 4967 4968 4967 4969 4968 4968 4969 4970 4969 4971 4970 4970 4971 4972 4972 4973 4974 4971 4973 4972 4973 4975 4974 4975 4976 4974 4974 4976 4977 4976 4978 4977 4977 4978 4979 4979 4978 4980 4980 4981 4982 4978 4981 4980 4981 4983 4982 4982 4983 4984 4983 4985 4984 4984 4985 4986 4985 4987 4986 4986 4987 4988 4988 4989 4990 4987 4989 4988 4990 4991 4992 4989 4991 4990 4992 4993 4994 4991 4993 4992 4994 4995 4996 4993 4995 4994 4996 4997 4998 4995 4997 4996 4997 4999 4998 4998 5000 5001 4999 5000 4998 5001 5002 5003 5000 5002 5001 5003 5004 5005 5002 5004 5003 5005 5006 5007 5004 5006 5005 5007 5008 5009 5009 5008 5010 5006 5008 5007 5008 5011 5010 5010 5011 5012 5011 5013 5012 5012 5013 5014 5013 5015 5014 5014 5015 5016 5015 5017 5016 5016 5017 5018 5017 5019 5018 5018 5019 5020 5019 5021 5020 5020 5021 5022 5021 5023 5022 5022 5023 5024 5023 5025 5024 5024 5025 5026 5025 5027 5026 5026 5027 5028 5029 5030 5031 5032 5030 5029 5033 5030 5032 5034 5030 5033 5035 5030 5034 5036 5030 5035 5037 5030 5036 5038 5030 5037 5028 5039 5040 5027 5039 5028 5040 5041 5042 5039 5041 5040 5042 5043 5044 5041 5043 5042 5044 5045 5046 5043 5045 5044 5046 5047 5048 5045 5047 5046 5048 5049 5050 5047 5049 5048 5050 5051 5052 5049 5051 5050 5052 5053 5038 5051 5053 5052 5038 5054 5030 5030 5054 5055 5053 5054 5038 5054 5056 5055 5055 5057 5058 5056 5059 5055 5055 5060 5057 5059 5061 5055 5055 5062 5060 5061 5063 5055 5055 5063 5062 5064 5065 5066 5067 5064 5066 5068 5064 5067 5069 5067 5070 5069 5068 5067 5071 5070 5072 5071 5069 5070 5073 5072 5074 5073 5071 5072 5075 5076 5077 5075 5078 5076 5075 5079 5078 5075 5080 5079 5081 5082 5083 5081 5084 5082 5081 5085 5084 5081 5086 5085 5081 5080 5075 5081 5083 5080 5087 5081 5075 5087 5075 5088 5089 5087 5088 5090 5087 5089 5091 5090 5089 5091 5089 5092 5093 5091 5092 5093 5092 5094 5095 5093 5094 5095 5094 5096 5097 5096 5098 5097 5095 5096 5099 5098 5100 5099 5097 5098 5101 5100 5102 5101 5099 5100 5103 5102 5104 5103 5101 5102 5105 5104 5106 5105 5103 5104 5107 5105 5106 5108 5106 5109 5108 5107 5106 5110 5109 5111 5110 5108 5109 5112 5111 5113 5112 5110 5111 5114 5113 5115 5114 5112 5113 5116 5115 5117 5116 5114 5115 5118 5117 5119 5118 5116 5117 5120 5119 5121 5120 5118 5119 5122 5121 5123 5122 5120 5121 5124 5123 5125 5124 5122 5123 5126 5127 5128 5126 5125 5127 5126 5124 5125 5129 5128 5130 5129 5126 5128 5131 5129 5130 5132 5130 5133 5132 5131 5130 5134 5133 5135 5134 5132 5133 5136 5135 5137 5136 5134 5135 5138 5137 5139 5138 5136 5137 5140 5139 5141 5140 5138 5139 5142 5140 5141 5142 5141 5143 5144 5143 5145 5144 5142 5143 5146 5145 5147 5146 5144 5145 5148 5146 5147 5148 5147 5149 5150 5148 5149 5150 5149 5151 5152 5150 5151 5152 5151 5153 5154 5152 5153 5154 5153 5155 5156 5154 5155 5156 5155 5157 5158 5156 5157 5158 5157 5159 5160 5159 5161 5160 5158 5159 5162 5161 5163 5162 5160 5161 5164 5163 5165 5164 5162 5163 5166 5165 5167 5166 5164 5165 5168 5167 5169 5168 5166 5167 5170 5169 5171 5170 5168 5169 5172 5171 5173 5172 5170 5171 5174 5173 5175 5174 5172 5173 5176 5175 5177 5176 5174 5175 5178 5177 5179 5178 5176 5177 5180 5181 5182 5180 5182 5183 5180 5183 5184 5180 5184 5185 5180 5185 5186 5180 5186 5187 5180 5187 5188 5180 5188 5189 5190 5178 5179 5190 5179 5191 5192 5190 5191 5192 5191 5193 5194 5192 5193 5194 5193 5195 5196 5194 5195 5196 5195 5197 5198 5196 5197 5198 5197 5199 5200 5198 5199 5200 5199 5201 5202 5200 5201 5202 5201 5203 5204 5202 5203 5204 5203 5181 5205 5181 5180 5205 5204 5181 5206 5204 5205 5207 5206 5205 5208 5205 5209 5210 5207 5205 5211 5205 5208 5212 5210 5205 5213 5212 5205 5213 5205 5211 5074 5080 5073 5073 5080 5083 5115 5113 4965 4965 5113 4963 5113 4961 4963 5113 5111 4961 5111 4959 4961 5111 5109 4959 5109 4957 4959 5109 5106 4957 5106 4955 4957 4955 5104 4952 5106 5104 4955 4952 5102 4950 5104 5102 4952 4950 5100 4948 5102 5100 4950 4948 5098 4946 5100 5098 4948 4946 5096 4944 5098 5096 4946 4944 5094 4942 5096 5094 4944 4942 5092 4939 4939 5092 5089 5094 5092 4942 4940 5091 4941 5090 5091 4940 5091 4943 4941 5091 5093 4943 5093 4945 4943 5093 5095 4945 5095 4947 4945 5095 5097 4947 5097 4949 4947 5097 5099 4949 5099 4951 4949 5099 5101 4951 5101 4953 4951 5101 5103 4953 5103 4954 4953 5103 5105 4954 5105 4956 4954 5105 5107 4956 5107 4958 4956 5107 5108 4958 5108 4960 4958 5108 5110 4960 5110 4962 4960 5110 5112 4962 5112 4964 4962 5112 5114 4964 5205 5180 5055 5180 5030 5055 5130 5128 4980 5128 4979 4980 5128 5127 4979 5127 4977 4979 5127 5125 4977 5125 4974 4977 5129 5131 4981 4978 5129 4981 5126 5129 4978 4976 5126 4978 5124 5126 4976 4975 5124 4976 5148 5000 4999 5148 5150 5000 5150 5002 5000 5150 5152 5002 5152 5004 5002 5152 5154 5004 5154 5006 5004 5154 5156 5006 5156 5008 5006 5156 5158 5008 5159 5157 5009 5009 5157 5007 5007 5155 5005 5157 5155 5007 5005 5153 5003 5155 5153 5005 5003 5151 5001 5153 5151 5003 5001 5149 4998 5151 5149 5001 5130 4980 4982 5133 4982 4984 5133 5130 4982 5135 4984 4986 5135 5133 4984 5137 4986 4988 5137 5135 4986 5139 4988 4990 5139 5137 4988 5141 4990 4992 5141 5139 4990 5143 4992 4994 5143 5141 4992 5145 4994 4996 5145 5143 4994 5147 4996 4998 5147 5145 4996 5149 5147 4998 4974 5125 5123 4972 5123 5121 4972 4974 5123 4970 5121 5119 4970 4972 5121 4968 5119 5117 4968 4970 5119 4966 5117 5115 4966 4968 5117 4965 4966 5115 5122 5124 4975 5122 4973 4971 5122 4975 4973 5120 4971 4969 5120 5122 4971 5118 4969 4967 5118 5120 4969 5116 5118 4967 5114 4967 4964 5114 5116 4967 4981 5131 5132 4983 5132 5134 4983 4981 5132 4985 5134 5136 4985 4983 5134 4987 5136 5138 4987 4985 5136 4989 5138 5140 4989 4987 5138 4991 5140 5142 4991 4989 5140 4993 5142 5144 4993 4991 5142 4995 5144 5146 4995 4993 5144 4997 5146 5148 4997 4995 5146 4999 4997 5148 5030 5180 5189 5031 5189 5188 5031 5030 5189 5029 5188 5187 5029 5031 5188 5032 5187 5186 5032 5029 5187 5033 5186 5185 5033 5032 5186 5034 5185 5184 5034 5033 5185 5035 5184 5183 5035 5034 5184 5036 5183 5182 5036 5035 5183 5037 5182 5181 5037 5036 5182 5038 5181 5203 5038 5037 5181 5052 5038 5203 5052 5203 5201 5050 5052 5201 5050 5201 5199 5048 5050 5199 5048 5199 5197 5046 5197 5195 5046 5048 5197 5044 5046 5195 5044 5195 5193 5042 5193 5191 5042 5044 5193 5040 5191 5179 5040 5042 5191 5028 5179 5177 5028 5040 5179 5026 5177 5175 5026 5028 5177 5024 5175 5173 5024 5026 5175 5022 5173 5171 5022 5024 5173 5020 5171 5169 5020 5022 5171 5018 5169 5167 5018 5020 5169 5016 5167 5165 5016 5018 5167 5014 5165 5163 5014 5016 5165 5012 5163 5161 5012 5014 5163 5010 5161 5159 5010 5012 5161 5009 5010 5159 5008 5158 5160 5011 5160 5162 5011 5008 5160 5013 5162 5164 5013 5011 5162 5015 5164 5166 5015 5013 5164 5017 5166 5168 5017 5015 5166 5019 5168 5170 5019 5017 5168 5021 5170 5172 5021 5019 5170 5023 5172 5174 5023 5021 5172 5025 5174 5176 5025 5023 5174 5027 5176 5178 5027 5025 5176 5039 5027 5178 5039 5178 5190 5041 5039 5190 5041 5190 5192 5043 5041 5192 5043 5192 5194 5045 5194 5196 5045 5043 5194 5047 5045 5196 5047 5196 5198 5049 5198 5200 5049 5047 5198 5051 5200 5202 5051 5049 5200 5053 5202 5204 5053 5051 5202 5054 5204 5206 5054 5053 5204 5056 5206 5207 5056 5054 5206 5059 5207 5210 5059 5056 5207 5061 5210 5212 5061 5059 5210 5063 5212 5213 5063 5061 5212 5062 5213 5211 5062 5063 5213 5060 5211 5208 5060 5062 5211 5057 5208 5209 5057 5060 5208 5058 5209 5205 5058 5057 5209 5055 5058 5205 4114 4408 4111 5214 5215 4117 4116 5215 4115 4117 5215 4116 4115 5216 4114 5215 5216 4115 4114 5216 4408 4407 5217 4406 4408 5217 4407 5216 5217 4408 5217 4405 4406 3964 5218 3957 3963 5219 3964 3962 5219 3963 3961 5219 3962 5218 5220 5221 3964 5220 5218 5219 5220 3964 5222 5223 4117 5221 5223 5222 5220 5223 5221 5223 5214 4117 5224 5225 5226 5227 5225 5224 5228 5225 5227 5226 5225 5229 5228 5230 5225 5230 5231 5225 5230 5232 5231 5232 5233 5231 5234 5235 5228 5235 5230 5228 5235 5236 5230 5236 5232 5230 5236 5233 5232 3960 4151 3961 5223 5237 5214 5220 5237 5223 5219 5237 5220 3961 5237 5219 4148 5238 4151 4146 5238 4148 3961 5238 5237 4151 5238 3961 4143 5239 4146 4146 5239 5238 5240 5241 5239 5239 5241 5238 5240 5242 5241 5242 5228 5241 5243 5244 5245 5246 5243 5245 5247 5246 5245 5248 5247 5245 5249 5248 5250 5250 5248 5245 5248 5239 5247 5247 5239 5246 5246 5239 5243 5243 5239 5244 5244 5239 4143 5248 5240 5239 5248 5251 5240 5251 5242 5240 5251 5252 5242 5252 5228 5242 5253 5254 5255 5254 5256 5255 5256 5257 5255 5255 5258 5259 5257 5258 5255 5260 5261 5262 5262 5261 5258 5258 5261 5259 5259 5263 5264 5264 5263 5265 5261 5263 5259 5263 5266 5265 5267 5268 5269 5267 5269 5270 5267 5270 5271 5267 5271 5272 5272 5261 5267 5267 5261 5260 5273 5274 5272 5275 5274 5273 5276 5274 5275 5277 5274 5276 5272 5278 5261 5274 5278 5272 5278 5263 5261 5278 5279 5263 5279 5280 5263 5280 5266 5263 5235 5281 5236 5234 5281 5235 5281 5282 5236 5282 5233 5236 5282 5283 5233 5233 5284 5285 5283 5284 5233 5285 5286 5287 5284 5286 5285 5287 5288 5289 5286 5288 5287 5289 5290 5291 5288 5290 5289 5291 5292 5293 5290 5292 5291 5293 5294 5295 5292 5294 5293 5294 5296 5295 5295 5297 5298 5296 5297 5295 5298 5299 5300 5297 5299 5298 5300 5301 5302 5299 5301 5300 5302 5303 5304 5301 5303 5302 5304 5305 5306 5303 5305 5304 5305 5307 5306 5308 5307 5309 5306 5307 5308 5309 5310 5311 5307 5310 5309 5311 5312 5313 5310 5312 5311 5313 5314 5315 5312 5314 5313 5315 5316 5317 5314 5316 5315 5317 5318 5319 5316 5318 5317 5318 5320 5319 5319 5321 5322 5322 5321 5323 5320 5321 5319 5323 5324 5325 5321 5324 5323 5325 5326 5327 5324 5326 5325 5327 5328 5329 5326 5328 5327 5329 5330 5331 5328 5330 5329 5331 5332 5333 5330 5332 5331 5333 5334 5335 5332 5334 5333 5335 5336 5337 5334 5336 5335 5337 5338 5339 5336 5338 5337 5339 5340 5341 5338 5340 5339 5340 5342 5341 5341 5343 5344 5342 5343 5341 5344 5345 5346 5343 5345 5344 5346 5347 5348 5345 5347 5346 5348 5349 5350 5347 5349 5348 5350 5351 5352 5352 5351 5353 5349 5351 5350 5351 5354 5353 5353 5354 5355 5354 5356 5355 5355 5356 5357 5356 5358 5357 5357 5358 5359 5358 5360 5359 5359 5360 5361 5360 5362 5361 5361 5362 5363 5362 5364 5363 5363 5364 5365 5364 5366 5365 5365 5366 5367 5366 5368 5367 5367 5368 5369 5369 5370 5371 5368 5370 5369 5372 5373 5374 5375 5373 5372 5376 5373 5375 5377 5373 5376 5378 5373 5377 5379 5373 5378 5380 5373 5379 5381 5373 5380 5371 5382 5383 5370 5382 5371 5383 5384 5385 5382 5384 5383 5385 5386 5387 5384 5386 5385 5387 5388 5389 5386 5388 5387 5389 5390 5391 5388 5390 5389 5391 5392 5393 5390 5392 5391 5393 5394 5395 5392 5394 5393 5395 5396 5381 5394 5396 5395 5373 5397 5398 5381 5397 5373 5396 5397 5381 5397 5399 5398 5398 5400 5401 5399 5402 5398 5398 5403 5400 5402 5404 5398 5398 5405 5403 5404 5406 5398 5398 5406 5405 5407 5408 5409 5410 5407 5409 5411 5407 5410 5412 5410 5413 5412 5411 5410 5414 5413 5415 5414 5412 5413 5416 5415 5417 5416 5414 5415 5418 5419 5420 5418 5421 5419 5418 5422 5421 5418 5423 5422 5424 5425 5426 5424 5427 5425 5424 5428 5427 5424 5429 5428 5424 5423 5418 5424 5426 5423 5430 5424 5418 5430 5418 5431 5432 5430 5431 5433 5430 5432 5434 5433 5432 5434 5432 5435 5436 5435 5437 5436 5434 5435 5438 5437 5439 5438 5436 5437 5440 5439 5441 5440 5438 5439 5442 5441 5443 5442 5440 5441 5444 5443 5445 5444 5442 5443 5446 5445 5447 5446 5444 5445 5448 5447 5449 5448 5446 5447 5450 5448 5449 5451 5449 5452 5451 5450 5449 5453 5452 5454 5453 5451 5452 5455 5454 5456 5455 5453 5454 5457 5456 5458 5457 5455 5456 5459 5458 5460 5459 5457 5458 5461 5460 5462 5461 5459 5460 5463 5462 5464 5463 5461 5462 5465 5464 5466 5465 5463 5464 5467 5466 5468 5467 5465 5466 5469 5470 5471 5469 5468 5470 5469 5467 5468 5472 5471 5473 5472 5469 5471 5474 5472 5473 5475 5473 5476 5475 5474 5473 5477 5476 5478 5477 5475 5476 5479 5478 5480 5479 5477 5478 5481 5480 5482 5481 5479 5480 5483 5482 5484 5483 5481 5482 5485 5483 5484 5485 5484 5486 5487 5486 5488 5487 5485 5486 5489 5488 5490 5489 5487 5488 5491 5489 5490 5491 5490 5492 5493 5491 5492 5493 5492 5494 5495 5493 5494 5495 5494 5496 5497 5495 5496 5497 5496 5498 5499 5497 5498 5499 5498 5500 5501 5499 5500 5501 5500 5502 5503 5502 5504 5503 5501 5502 5505 5504 5506 5505 5503 5504 5507 5506 5508 5507 5505 5506 5509 5508 5510 5509 5507 5508 5511 5510 5512 5511 5509 5510 5513 5512 5514 5513 5511 5512 5515 5514 5516 5515 5513 5514 5517 5516 5518 5517 5515 5516 5519 5518 5520 5519 5517 5518 5521 5520 5522 5521 5519 5520 5523 5524 5525 5523 5525 5526 5523 5526 5527 5523 5527 5528 5523 5528 5529 5523 5529 5530 5523 5530 5531 5523 5531 5532 5533 5522 5534 5533 5521 5522 5535 5534 5536 5535 5533 5534 5537 5535 5536 5537 5536 5538 5539 5537 5538 5539 5538 5540 5541 5539 5540 5541 5540 5542 5543 5541 5542 5543 5542 5544 5545 5543 5544 5545 5544 5546 5547 5545 5546 5547 5546 5524 5548 5524 5523 5548 5547 5524 5549 5547 5548 5550 5549 5548 5551 5548 5552 5553 5550 5548 5554 5548 5551 5555 5553 5548 5556 5555 5548 5556 5548 5554 5426 5416 5423 5417 5423 5416 5458 5456 5308 5308 5456 5306 5456 5304 5306 5456 5454 5304 5454 5302 5304 5454 5452 5302 5452 5300 5302 5452 5449 5300 5449 5298 5300 5298 5447 5295 5449 5447 5298 5295 5445 5293 5447 5445 5295 5293 5443 5291 5445 5443 5293 5291 5441 5289 5443 5441 5291 5289 5439 5287 5441 5439 5289 5287 5437 5285 5439 5437 5287 5285 5435 5233 5233 5435 5432 5437 5435 5285 5245 5244 5557 5245 5557 5558 5245 5558 5559 5560 5249 5250 5560 5250 5559 5559 5250 5245 5228 5561 5562 5249 5561 5248 5252 5561 5228 5251 5561 5252 5248 5561 5251 5562 5563 5564 5561 5563 5562 5563 5283 5564 5562 5234 5228 5564 5281 5562 5562 5281 5234 5564 5282 5281 5564 5283 5282 4143 4771 5565 5565 5566 5567 5567 5566 5568 5568 5566 5569 4769 4616 4619 4770 5570 4771 4769 5570 4770 4771 5570 5565 4619 5570 4769 5565 5570 5566 5571 5572 4619 5573 5572 5571 4619 5572 5570 5573 5574 5572 5574 5575 5572 5568 5576 5567 5569 5576 5568 5567 5577 5565 5576 5577 5567 5565 5244 4143 5565 5557 5244 5565 5558 5557 5565 5559 5558 5577 5560 5565 5565 5560 5559 5283 5434 5284 5433 5434 5283 5434 5286 5284 5434 5436 5286 5436 5288 5286 5436 5438 5288 5438 5290 5288 5438 5440 5290 5440 5292 5290 5440 5442 5292 5442 5294 5292 5442 5444 5294 5444 5296 5294 5444 5446 5296 5446 5297 5296 5446 5448 5297 5448 5299 5297 5448 5450 5299 5450 5301 5299 5450 5451 5301 5451 5303 5301 5451 5453 5303 5453 5305 5303 5453 5455 5305 5455 5307 5305 5455 5457 5307 5548 5523 5398 5523 5373 5398 5473 5471 5323 5471 5322 5323 5471 5470 5322 5470 5319 5322 5470 5468 5319 5468 5317 5319 5472 5474 5324 5321 5472 5324 5469 5472 5321 5320 5469 5321 5467 5469 5320 5318 5467 5320 5491 5343 5342 5491 5493 5343 5493 5345 5343 5493 5495 5345 5495 5347 5345 5495 5497 5347 5497 5349 5347 5497 5499 5349 5499 5351 5349 5499 5501 5351 5502 5500 5352 5352 5500 5350 5350 5498 5348 5500 5498 5350 5348 5496 5346 5498 5496 5348 5346 5494 5344 5496 5494 5346 5344 5492 5341 5494 5492 5344 5473 5323 5325 5476 5325 5327 5476 5473 5325 5478 5327 5329 5478 5476 5327 5480 5329 5331 5480 5478 5329 5482 5331 5333 5482 5480 5331 5484 5333 5335 5484 5482 5333 5486 5335 5337 5486 5484 5335 5488 5337 5339 5488 5486 5337 5490 5339 5341 5490 5488 5339 5492 5490 5341 5317 5468 5466 5315 5466 5464 5315 5317 5466 5313 5464 5462 5313 5315 5464 5311 5462 5460 5311 5313 5462 5309 5460 5458 5309 5311 5460 5308 5309 5458 5465 5467 5318 5465 5316 5314 5465 5318 5316 5463 5314 5312 5463 5465 5314 5461 5312 5310 5461 5463 5312 5459 5461 5310 5457 5310 5307 5457 5459 5310 5324 5474 5475 5326 5475 5477 5326 5324 5475 5328 5477 5479 5328 5326 5477 5330 5479 5481 5330 5328 5479 5332 5481 5483 5332 5330 5481 5334 5483 5485 5334 5332 5483 5336 5485 5487 5336 5334 5485 5338 5487 5489 5338 5336 5487 5340 5489 5491 5340 5338 5489 5342 5340 5491 5373 5523 5532 5374 5532 5531 5374 5373 5532 5372 5531 5530 5372 5374 5531 5375 5530 5529 5375 5372 5530 5376 5529 5528 5376 5375 5529 5377 5528 5527 5377 5376 5528 5378 5527 5526 5378 5377 5527 5379 5526 5525 5379 5378 5526 5380 5525 5524 5380 5379 5525 5381 5524 5546 5381 5380 5524 5395 5381 5546 5395 5546 5544 5393 5395 5544 5393 5544 5542 5391 5393 5542 5391 5542 5540 5389 5540 5538 5389 5391 5540 5387 5389 5538 5387 5538 5536 5385 5536 5534 5385 5387 5536 5383 5534 5522 5383 5385 5534 5371 5522 5520 5371 5383 5522 5369 5520 5518 5369 5371 5520 5367 5518 5516 5367 5369 5518 5365 5516 5514 5365 5367 5516 5363 5514 5512 5363 5365 5514 5361 5512 5510 5361 5363 5512 5359 5510 5508 5359 5361 5510 5357 5508 5506 5357 5359 5508 5355 5506 5504 5355 5357 5506 5353 5504 5502 5353 5355 5504 5352 5353 5502 5351 5501 5503 5354 5503 5505 5354 5351 5503 5356 5505 5507 5356 5354 5505 5358 5507 5509 5358 5356 5507 5360 5509 5511 5360 5358 5509 5362 5511 5513 5362 5360 5511 5364 5513 5515 5364 5362 5513 5366 5515 5517 5366 5364 5515 5368 5517 5519 5368 5366 5517 5370 5519 5521 5370 5368 5519 5382 5370 5521 5382 5521 5533 5384 5382 5533 5384 5533 5535 5386 5384 5535 5386 5535 5537 5388 5537 5539 5388 5386 5537 5390 5388 5539 5390 5539 5541 5392 5541 5543 5392 5390 5541 5394 5543 5545 5394 5392 5543 5396 5545 5547 5396 5394 5545 5397 5547 5549 5397 5396 5547 5399 5549 5550 5399 5397 5549 5402 5550 5553 5402 5399 5550 5404 5553 5555 5404 5402 5553 5406 5555 5556 5406 5404 5555 5405 5556 5554 5405 5406 5556 5403 5554 5551 5403 5405 5554 5400 5551 5552 5400 5403 5551 5401 5552 5548 5401 5400 5552 5398 5401 5548 4548 4786 4545 5578 5579 4551 4550 5579 4549 4551 5579 4550 4549 5580 4548 5579 5580 4549 4548 5580 4786 4785 5581 4784 4786 5581 4785 5580 5581 4786 5581 4783 4784 4400 5582 4393 4399 5583 4400 4398 5583 4399 4397 5583 4398 5582 5584 5585 4400 5584 5582 5583 5584 4400 5586 5587 4551 5585 5587 5586 5584 5587 5585 5587 5578 4551 5588 5589 5590 5591 5589 5588 5592 5589 5591 5590 5589 5593 5592 5594 5589 5594 5595 5589 5594 5596 5595 5596 5597 5595 5598 5599 5592 5599 5594 5592 5599 5600 5594 5600 5596 5594 5600 5597 5596 4396 4585 4397 5587 5601 5578 5584 5601 5587 5583 5601 5584 4397 5601 5583 4582 5602 4585 4580 5602 4582 4397 5602 5601 4585 5602 4397 4577 5603 4580 4580 5603 5602 5604 5605 5603 5603 5605 5602 5604 5606 5605 5606 5592 5605 5607 5608 5609 5610 5607 5609 5611 5610 5609 5612 5611 5609 5613 5612 5614 5614 5612 5609 5612 5603 5611 5611 5603 5610 5610 5603 5607 5607 5603 5608 5608 5603 4577 5612 5604 5603 5612 5615 5604 5615 5606 5604 5615 5616 5606 5616 5592 5606 5617 5618 5619 5618 5620 5619 5620 5621 5619 5619 5622 5623 5621 5622 5619 5624 5625 5626 5626 5625 5622 5622 5625 5623 5623 5627 5628 5628 5627 5629 5625 5627 5623 5627 5630 5629 5631 5625 5632 5632 5625 5624 5633 5634 5631 5635 5634 5633 5636 5634 5635 5637 5634 5636 5631 5638 5625 5634 5638 5631 5638 5627 5625 5638 5639 5627 5639 5640 5627 5640 5630 5627 5632 5641 5642 5632 5642 5643 5632 5643 5644 5632 5644 5631 5645 5646 5626 5647 5645 5626 5648 5647 5626 5622 5648 5626 5599 5649 5600 5598 5649 5599 5649 5650 5600 5650 5597 5600 5650 5651 5597 5597 5652 5653 5651 5652 5597 5653 5654 5655 5652 5654 5653 5655 5656 5657 5654 5656 5655 5657 5658 5659 5656 5658 5657 5659 5660 5661 5658 5660 5659 5661 5662 5663 5660 5662 5661 5662 5664 5663 5663 5665 5666 5664 5665 5663 5666 5667 5668 5665 5667 5666 5668 5669 5670 5667 5669 5668 5670 5671 5672 5669 5671 5670 5672 5673 5674 5671 5673 5672 5673 5675 5674 5676 5675 5677 5674 5675 5676 5677 5678 5679 5675 5678 5677 5679 5680 5681 5678 5680 5679 5681 5682 5683 5680 5682 5681 5683 5684 5685 5682 5684 5683 5684 5686 5685 5685 5687 5688 5686 5687 5685 5688 5689 5690 5690 5689 5691 5687 5689 5688 5691 5692 5693 5689 5692 5691 5693 5694 5695 5692 5694 5693 5695 5696 5697 5694 5696 5695 5697 5698 5699 5696 5698 5697 5699 5700 5701 5698 5700 5699 5701 5702 5703 5700 5702 5701 5703 5704 5705 5702 5704 5703 5705 5706 5707 5704 5706 5705 5707 5708 5709 5706 5708 5707 5708 5710 5709 5709 5711 5712 5710 5711 5709 5712 5713 5714 5711 5713 5712 5714 5715 5716 5713 5715 5714 5716 5717 5718 5715 5717 5716 5718 5719 5720 5720 5719 5721 5717 5719 5718 5719 5722 5721 5721 5722 5723 5722 5724 5723 5723 5724 5725 5724 5726 5725 5725 5726 5727 5726 5728 5727 5727 5728 5729 5728 5730 5729 5729 5730 5731 5730 5732 5731 5731 5732 5733 5732 5734 5733 5733 5734 5735 5734 5736 5735 5735 5736 5737 5737 5738 5739 5736 5738 5737 5740 5741 5742 5743 5741 5740 5744 5741 5743 5745 5741 5744 5746 5741 5745 5747 5741 5746 5748 5741 5747 5749 5741 5748 5739 5750 5751 5738 5750 5739 5751 5752 5753 5750 5752 5751 5753 5754 5755 5752 5754 5753 5755 5756 5757 5754 5756 5755 5757 5758 5759 5756 5758 5757 5759 5760 5761 5758 5760 5759 5761 5762 5763 5760 5762 5761 5763 5764 5749 5762 5764 5763 5741 5765 5766 5749 5765 5741 5764 5765 5749 5765 5767 5766 5766 5768 5769 5767 5770 5766 5766 5771 5768 5770 5772 5766 5766 5773 5771 5772 5774 5766 5766 5774 5773 5775 5776 5777 5778 5775 5777 5779 5775 5778 5780 5778 5781 5780 5779 5778 5782 5781 5783 5782 5780 5781 5784 5783 5785 5784 5782 5783 5786 5787 5788 5786 5789 5787 5786 5790 5789 5786 5791 5790 5792 5793 5794 5792 5795 5793 5792 5796 5795 5792 5797 5796 5792 5791 5786 5792 5794 5791 5798 5792 5786 5798 5786 5799 5800 5798 5799 5801 5798 5800 5802 5801 5800 5802 5800 5803 5804 5803 5805 5804 5802 5803 5806 5805 5807 5806 5804 5805 5808 5807 5809 5808 5806 5807 5810 5809 5811 5810 5808 5809 5812 5811 5813 5812 5810 5811 5814 5813 5815 5814 5812 5813 5816 5815 5817 5816 5814 5815 5818 5816 5817 5819 5817 5820 5819 5818 5817 5821 5820 5822 5821 5819 5820 5823 5822 5824 5823 5821 5822 5825 5824 5826 5825 5823 5824 5827 5826 5828 5827 5825 5826 5829 5828 5830 5829 5827 5828 5831 5830 5832 5831 5829 5830 5833 5832 5834 5833 5831 5832 5835 5834 5836 5835 5833 5834 5837 5838 5839 5837 5836 5838 5837 5835 5836 5840 5839 5841 5840 5837 5839 5842 5840 5841 5843 5841 5844 5843 5842 5841 5845 5844 5846 5845 5843 5844 5847 5846 5848 5847 5845 5846 5849 5848 5850 5849 5847 5848 5851 5850 5852 5851 5849 5850 5853 5851 5852 5853 5852 5854 5855 5854 5856 5855 5853 5854 5857 5856 5858 5857 5855 5856 5859 5857 5858 5859 5858 5860 5861 5859 5860 5861 5860 5862 5863 5861 5862 5863 5862 5864 5865 5863 5864 5865 5864 5866 5867 5865 5866 5867 5866 5868 5869 5867 5868 5869 5868 5870 5871 5870 5872 5871 5869 5870 5873 5872 5874 5873 5871 5872 5875 5874 5876 5875 5873 5874 5877 5876 5878 5877 5875 5876 5879 5878 5880 5879 5877 5878 5881 5880 5882 5881 5879 5880 5883 5882 5884 5883 5881 5882 5885 5884 5886 5885 5883 5884 5887 5886 5888 5887 5885 5886 5889 5888 5890 5889 5887 5888 5891 5892 5893 5891 5893 5894 5891 5894 5895 5891 5895 5896 5891 5896 5897 5891 5897 5898 5891 5898 5899 5891 5899 5900 5901 5890 5902 5901 5889 5890 5903 5902 5904 5903 5901 5902 5905 5903 5904 5905 5904 5906 5907 5905 5906 5907 5906 5908 5909 5907 5908 5909 5908 5910 5911 5909 5910 5911 5910 5912 5913 5911 5912 5913 5912 5914 5915 5913 5914 5915 5914 5892 5916 5892 5891 5916 5915 5892 5917 5915 5916 5918 5917 5916 5919 5916 5920 5921 5918 5916 5922 5916 5919 5923 5921 5916 5924 5923 5916 5924 5916 5922 5794 5784 5791 5785 5791 5784 5826 5824 5676 5676 5824 5674 5824 5672 5674 5824 5822 5672 5822 5670 5672 5822 5820 5670 5820 5668 5670 5820 5817 5668 5817 5666 5668 5666 5815 5663 5817 5815 5666 5663 5813 5661 5815 5813 5663 5661 5811 5659 5813 5811 5661 5659 5809 5657 5811 5809 5659 5657 5807 5655 5809 5807 5657 5655 5805 5653 5807 5805 5655 5653 5803 5597 5597 5803 5800 5805 5803 5653 5609 5608 5925 5609 5925 5926 5609 5926 5927 5928 5613 5614 5928 5614 5927 5927 5614 5609 5592 5929 5930 5613 5929 5612 5616 5929 5592 5615 5929 5616 5612 5929 5615 5930 5931 5932 5929 5931 5930 5931 5651 5932 5930 5598 5592 5932 5649 5930 5930 5649 5598 5932 5650 5649 5932 5651 5650 4577 4933 5933 5933 5934 5935 5935 5934 5936 5936 5934 5937 4931 4921 4924 4932 5938 4933 4931 5938 4932 4933 5938 5933 4924 5938 4931 5933 5938 5934 5939 5940 4924 5941 5940 5939 4924 5940 5938 5941 5942 5940 5942 5943 5940 5936 5944 5935 5937 5944 5936 5935 5945 5933 5944 5945 5935 5933 5608 4577 5933 5925 5608 5933 5926 5925 5933 5927 5926 5945 5928 5933 5933 5928 5927 5946 5947 5948 5948 5947 5949 5949 5947 5950 5950 5947 5951 5951 5947 5952 5946 5953 5947 5946 5954 5953 5954 5955 5953 5954 5956 5955 5956 5937 5955 5957 5958 5959 5960 5940 5943 5961 5940 5960 5962 5940 5961 5959 5940 5962 5963 5938 5958 5964 5938 5963 5959 5938 5940 5958 5938 5959 5952 5947 5964 5964 5947 5938 5953 5934 5947 5947 5934 5938 5953 5955 5934 5955 5937 5934 5950 5951 5965 5949 5950 5965 5948 5949 5965 5946 5948 5965 5966 5946 5967 5967 5946 5965 5651 5802 5652 5801 5802 5651 5802 5654 5652 5802 5804 5654 5804 5656 5654 5804 5806 5656 5806 5658 5656 5806 5808 5658 5808 5660 5658 5808 5810 5660 5810 5662 5660 5810 5812 5662 5812 5664 5662 5812 5814 5664 5814 5665 5664 5814 5816 5665 5816 5667 5665 5816 5818 5667 5818 5669 5667 5818 5819 5669 5819 5671 5669 5819 5821 5671 5821 5673 5671 5821 5823 5673 5823 5675 5673 5823 5825 5675 5916 5891 5766 5891 5741 5766 5841 5839 5691 5839 5690 5691 5839 5838 5690 5838 5688 5690 5838 5836 5688 5836 5685 5688 5840 5842 5692 5689 5840 5692 5837 5840 5689 5687 5837 5689 5835 5837 5687 5686 5835 5687 5859 5711 5710 5859 5861 5711 5861 5713 5711 5861 5863 5713 5863 5715 5713 5863 5865 5715 5865 5717 5715 5865 5867 5717 5867 5719 5717 5867 5869 5719 5870 5868 5720 5720 5868 5718 5718 5866 5716 5868 5866 5718 5716 5864 5714 5866 5864 5716 5714 5862 5712 5864 5862 5714 5712 5860 5709 5862 5860 5712 5841 5691 5693 5844 5693 5695 5844 5841 5693 5846 5695 5697 5846 5844 5695 5848 5697 5699 5848 5846 5697 5850 5699 5701 5850 5848 5699 5852 5701 5703 5852 5850 5701 5854 5703 5705 5854 5852 5703 5856 5705 5707 5856 5854 5705 5858 5707 5709 5858 5856 5707 5860 5858 5709 5685 5836 5834 5683 5834 5832 5683 5685 5834 5681 5832 5830 5681 5683 5832 5679 5830 5828 5679 5681 5830 5677 5828 5826 5677 5679 5828 5676 5677 5826 5833 5835 5686 5833 5684 5682 5833 5686 5684 5831 5682 5680 5831 5833 5682 5829 5680 5678 5829 5831 5680 5827 5829 5678 5825 5678 5675 5825 5827 5678 5692 5842 5843 5694 5843 5845 5694 5692 5843 5696 5845 5847 5696 5694 5845 5698 5847 5849 5698 5696 5847 5700 5849 5851 5700 5698 5849 5702 5851 5853 5702 5700 5851 5704 5853 5855 5704 5702 5853 5706 5855 5857 5706 5704 5855 5708 5857 5859 5708 5706 5857 5710 5708 5859 5741 5891 5900 5742 5900 5899 5742 5741 5900 5740 5899 5898 5740 5742 5899 5743 5898 5897 5743 5740 5898 5744 5897 5896 5744 5743 5897 5745 5896 5895 5745 5744 5896 5746 5895 5894 5746 5745 5895 5747 5894 5893 5747 5746 5894 5748 5893 5892 5748 5747 5893 5749 5892 5914 5749 5748 5892 5763 5749 5914 5763 5914 5912 5761 5763 5912 5761 5912 5910 5759 5761 5910 5759 5910 5908 5757 5908 5906 5757 5759 5908 5755 5757 5906 5755 5906 5904 5753 5904 5902 5753 5755 5904 5751 5902 5890 5751 5753 5902 5739 5890 5888 5739 5751 5890 5737 5888 5886 5737 5739 5888 5735 5886 5884 5735 5737 5886 5733 5884 5882 5733 5735 5884 5731 5882 5880 5731 5733 5882 5729 5880 5878 5729 5731 5880 5727 5878 5876 5727 5729 5878 5725 5876 5874 5725 5727 5876 5723 5874 5872 5723 5725 5874 5721 5872 5870 5721 5723 5872 5720 5721 5870 5719 5869 5871 5722 5871 5873 5722 5719 5871 5724 5873 5875 5724 5722 5873 5726 5875 5877 5726 5724 5875 5728 5877 5879 5728 5726 5877 5730 5879 5881 5730 5728 5879 5732 5881 5883 5732 5730 5881 5734 5883 5885 5734 5732 5883 5736 5885 5887 5736 5734 5885 5738 5887 5889 5738 5736 5887 5750 5738 5889 5750 5889 5901 5752 5750 5901 5752 5901 5903 5754 5752 5903 5754 5903 5905 5756 5905 5907 5756 5754 5905 5758 5756 5907 5758 5907 5909 5760 5909 5911 5760 5758 5909 5762 5911 5913 5762 5760 5911 5764 5913 5915 5764 5762 5913 5765 5915 5917 5765 5764 5915 5767 5917 5918 5767 5765 5917 5770 5918 5921 5770 5767 5918 5772 5921 5923 5772 5770 5921 5774 5923 5924 5774 5772 5923 5773 5924 5922 5773 5774 5924 5771 5922 5919 5771 5773 5922 5768 5919 5920 5768 5771 5919 5769 5920 5916 5769 5768 5920 5766 5769 5916 5968 5969 5970 5969 5971 5970 5971 5972 5970 5970 5973 5974 5972 5973 5970 5975 5976 5977 5977 5976 5973 5973 5976 5974 5974 5978 5979 5979 5978 5980 5976 5978 5974 5978 5981 5980 5982 5983 5977 5984 5982 5977 5985 5984 5977 5973 5985 5977 5986 5976 5987 5987 5976 5975 5988 5989 5986 5990 5989 5988 5991 5989 5990 5992 5989 5991 5986 5993 5976 5989 5993 5986 5993 5978 5976 5993 5994 5978 5994 5995 5978 5995 5981 5978 5996 5997 5998 5999 5997 5996 5997 6000 5998 6000 6001 5998 6000 6002 6001 6001 6003 6004 6002 6003 6001 6004 6005 6006 6003 6005 6004 6006 6007 6008 6005 6007 6006 6008 6009 6010 6007 6009 6008 6010 6011 6012 6009 6011 6010 6012 6013 6014 6011 6013 6012 6013 6015 6014 6014 6016 6017 6015 6016 6014 6017 6018 6019 6016 6018 6017 6019 6020 6021 6018 6020 6019 6021 6022 6023 6020 6022 6021 6023 6024 6025 6022 6024 6023 6024 6026 6025 6027 6026 6028 6025 6026 6027 6028 6029 6030 6026 6029 6028 6030 6031 6032 6029 6031 6030 6032 6033 6034 6031 6033 6032 6034 6035 6036 6033 6035 6034 6036 6037 6038 6035 6037 6036 6037 6039 6038 6038 6040 6041 6041 6040 6042 6039 6040 6038 6042 6043 6044 6040 6043 6042 6044 6045 6046 6043 6045 6044 6046 6047 6048 6045 6047 6046 6048 6049 6050 6047 6049 6048 6050 6051 6052 6049 6051 6050 6052 6053 6054 6051 6053 6052 6054 6055 6056 6053 6055 6054 6056 6057 6058 6055 6057 6056 6058 6059 6060 6057 6059 6058 6059 6061 6060 6060 6062 6063 6061 6062 6060 6063 6064 6065 6062 6064 6063 6065 6066 6067 6064 6066 6065 6067 6068 6069 6066 6068 6067 6069 6070 6071 6071 6070 6072 6068 6070 6069 6070 6073 6072 6072 6073 6074 6073 6075 6074 6074 6075 6076 6075 6077 6076 6076 6077 6078 6077 6079 6078 6078 6079 6080 6079 6081 6080 6080 6081 6082 6081 6083 6082 6082 6083 6084 6083 6085 6084 6084 6085 6086 6085 6087 6086 6086 6087 6088 6088 6089 6090 6087 6089 6088 6091 6092 6093 6094 6092 6091 6095 6092 6094 6096 6092 6095 6097 6092 6096 6098 6092 6097 6099 6092 6098 6100 6092 6099 6090 6101 6102 6089 6101 6090 6102 6103 6104 6101 6103 6102 6104 6105 6106 6103 6105 6104 6106 6107 6108 6105 6107 6106 6108 6109 6110 6107 6109 6108 6110 6111 6112 6109 6111 6110 6112 6113 6114 6111 6113 6112 6114 6115 6100 6113 6115 6114 6092 6116 6117 6100 6116 6092 6115 6116 6100 6116 6118 6117 6117 6119 6120 6118 6121 6117 6117 6122 6119 6121 6123 6117 6117 6124 6122 6123 6125 6117 6117 6125 6124 6126 6127 6128 6129 6126 6128 6130 6126 6129 6131 6129 6132 6131 6130 6129 6133 6132 6134 6133 6131 6132 6135 6134 6136 6135 6133 6134 6137 6138 6139 6137 6140 6138 6137 6141 6140 6137 6142 6141 6143 6144 6145 6143 6146 6144 6143 6147 6146 6143 6148 6147 6143 6142 6137 6143 6145 6142 6149 6143 6137 6149 6137 6150 6151 6149 6150 6152 6149 6151 6153 6152 6151 6153 6151 6154 6155 6154 6156 6155 6153 6154 6157 6156 6158 6157 6155 6156 6159 6158 6160 6159 6157 6158 6161 6160 6162 6161 6159 6160 6163 6162 6164 6163 6161 6162 6165 6164 6166 6165 6163 6164 6167 6166 6168 6167 6165 6166 6169 6167 6168 6170 6168 6171 6170 6169 6168 6172 6171 6173 6172 6170 6171 6174 6173 6175 6174 6172 6173 6176 6175 6177 6176 6174 6175 6178 6177 6179 6178 6176 6177 6180 6179 6181 6180 6178 6179 6182 6181 6183 6182 6180 6181 6184 6183 6185 6184 6182 6183 6186 6185 6187 6186 6184 6185 6188 6189 6190 6188 6187 6189 6188 6186 6187 6191 6190 6192 6191 6188 6190 6193 6191 6192 6194 6192 6195 6194 6193 6192 6196 6195 6197 6196 6194 6195 6198 6197 6199 6198 6196 6197 6200 6199 6201 6200 6198 6199 6202 6201 6203 6202 6200 6201 6204 6202 6203 6204 6203 6205 6206 6205 6207 6206 6204 6205 6208 6207 6209 6208 6206 6207 6210 6208 6209 6210 6209 6211 6212 6210 6211 6212 6211 6213 6214 6212 6213 6214 6213 6215 6216 6214 6215 6216 6215 6217 6218 6216 6217 6218 6217 6219 6220 6218 6219 6220 6219 6221 6222 6221 6223 6222 6220 6221 6224 6223 6225 6224 6222 6223 6226 6225 6227 6226 6224 6225 6228 6227 6229 6228 6226 6227 6230 6229 6231 6230 6228 6229 6232 6231 6233 6232 6230 6231 6234 6233 6235 6234 6232 6233 6236 6235 6237 6236 6234 6235 6238 6237 6239 6238 6236 6237 6240 6239 6241 6240 6238 6239 6242 6243 6244 6242 6244 6245 6242 6245 6246 6242 6246 6247 6242 6247 6248 6242 6248 6249 6242 6249 6250 6242 6250 6251 6252 6241 6253 6252 6240 6241 6254 6253 6255 6254 6252 6253 6256 6254 6255 6256 6255 6257 6258 6256 6257 6258 6257 6259 6260 6258 6259 6260 6259 6261 6262 6260 6261 6262 6261 6263 6264 6262 6263 6264 6263 6265 6266 6264 6265 6266 6265 6243 6267 6243 6242 6267 6266 6243 6268 6266 6267 6269 6268 6267 6270 6267 6271 6272 6269 6267 6273 6267 6270 6274 6272 6267 6275 6274 6267 6275 6267 6273 6145 6135 6142 6136 6142 6135 6177 6175 6027 6027 6175 6025 6175 6023 6025 6175 6173 6023 6173 6021 6023 6173 6171 6021 6171 6019 6021 6171 6168 6019 6168 6017 6019 6017 6166 6014 6168 6166 6017 6014 6164 6012 6166 6164 6014 6012 6162 6010 6164 6162 6012 6010 6160 6008 6162 6160 6010 6008 6158 6006 6160 6158 6008 6006 6156 6004 6158 6156 6006 6004 6154 6001 6001 6154 6151 6156 6154 6004 6002 6153 6003 6152 6153 6002 6153 6005 6003 6153 6155 6005 6155 6007 6005 6155 6157 6007 6157 6009 6007 6157 6159 6009 6159 6011 6009 6159 6161 6011 6161 6013 6011 6161 6163 6013 6163 6015 6013 6163 6165 6015 6165 6016 6015 6165 6167 6016 6167 6018 6016 6167 6169 6018 6169 6020 6018 6169 6170 6020 6170 6022 6020 6170 6172 6022 6172 6024 6022 6172 6174 6024 6174 6026 6024 6174 6176 6026 6267 6242 6117 6242 6092 6117 6192 6190 6042 6190 6041 6042 6190 6189 6041 6189 6038 6041 6189 6187 6038 6187 6036 6038 6191 6193 6043 6040 6191 6043 6188 6191 6040 6039 6188 6040 6186 6188 6039 6037 6186 6039 6210 6062 6061 6210 6212 6062 6212 6064 6062 6212 6214 6064 6214 6066 6064 6214 6216 6066 6216 6068 6066 6216 6218 6068 6218 6070 6068 6218 6220 6070 6221 6219 6071 6071 6219 6069 6069 6217 6067 6219 6217 6069 6067 6215 6065 6217 6215 6067 6065 6213 6063 6215 6213 6065 6063 6211 6060 6213 6211 6063 6192 6042 6044 6195 6044 6046 6195 6192 6044 6197 6046 6048 6197 6195 6046 6199 6048 6050 6199 6197 6048 6201 6050 6052 6201 6199 6050 6203 6052 6054 6203 6201 6052 6205 6054 6056 6205 6203 6054 6207 6056 6058 6207 6205 6056 6209 6058 6060 6209 6207 6058 6211 6209 6060 6036 6187 6185 6034 6185 6183 6034 6036 6185 6032 6183 6181 6032 6034 6183 6030 6181 6179 6030 6032 6181 6028 6179 6177 6028 6030 6179 6027 6028 6177 6184 6186 6037 6184 6035 6033 6184 6037 6035 6182 6033 6031 6182 6184 6033 6180 6031 6029 6180 6182 6031 6178 6180 6029 6176 6029 6026 6176 6178 6029 6043 6193 6194 6045 6194 6196 6045 6043 6194 6047 6196 6198 6047 6045 6196 6049 6198 6200 6049 6047 6198 6051 6200 6202 6051 6049 6200 6053 6202 6204 6053 6051 6202 6055 6204 6206 6055 6053 6204 6057 6206 6208 6057 6055 6206 6059 6208 6210 6059 6057 6208 6061 6059 6210 6092 6242 6251 6093 6251 6250 6093 6092 6251 6091 6250 6249 6091 6093 6250 6094 6249 6248 6094 6091 6249 6095 6248 6247 6095 6094 6248 6096 6247 6246 6096 6095 6247 6097 6246 6245 6097 6096 6246 6098 6245 6244 6098 6097 6245 6099 6244 6243 6099 6098 6244 6100 6243 6265 6100 6099 6243 6114 6100 6265 6114 6265 6263 6112 6114 6263 6112 6263 6261 6110 6112 6261 6110 6261 6259 6108 6259 6257 6108 6110 6259 6106 6108 6257 6106 6257 6255 6104 6255 6253 6104 6106 6255 6102 6253 6241 6102 6104 6253 6090 6241 6239 6090 6102 6241 6088 6239 6237 6088 6090 6239 6086 6237 6235 6086 6088 6237 6084 6235 6233 6084 6086 6235 6082 6233 6231 6082 6084 6233 6080 6231 6229 6080 6082 6231 6078 6229 6227 6078 6080 6229 6076 6227 6225 6076 6078 6227 6074 6225 6223 6074 6076 6225 6072 6223 6221 6072 6074 6223 6071 6072 6221 6070 6220 6222 6073 6222 6224 6073 6070 6222 6075 6224 6226 6075 6073 6224 6077 6226 6228 6077 6075 6226 6079 6228 6230 6079 6077 6228 6081 6230 6232 6081 6079 6230 6083 6232 6234 6083 6081 6232 6085 6234 6236 6085 6083 6234 6087 6236 6238 6087 6085 6236 6089 6238 6240 6089 6087 6238 6101 6089 6240 6101 6240 6252 6103 6101 6252 6103 6252 6254 6105 6103 6254 6105 6254 6256 6107 6256 6258 6107 6105 6256 6109 6107 6258 6109 6258 6260 6111 6260 6262 6111 6109 6260 6113 6262 6264 6113 6111 6262 6115 6264 6266 6115 6113 6264 6116 6266 6268 6116 6115 6266 6118 6268 6269 6118 6116 6268 6121 6269 6272 6121 6118 6269 6123 6272 6274 6123 6121 6272 6125 6274 6275 6125 6123 6274 6124 6275 6273 6124 6125 6275 6122 6273 6270 6122 6124 6273 6119 6270 6271 6119 6122 6270 6120 6271 6267 6120 6119 6271 6117 6120 6267 6276 5071 5073 6276 6277 5071 6277 6278 5071 5069 6279 5068 5071 6280 5069 5069 6280 6279 6278 6281 5071 5071 6281 6280 6278 6282 6281 6283 5070 6284 6284 5070 5067 6283 6285 5070 6286 6287 6285 6285 6287 5070 5070 6288 5072 6287 6288 5070 6288 6289 5072 6289 5074 5072 6290 6291 6292 6293 6294 5080 5076 6294 5077 5078 6294 5076 5079 6294 5078 5080 6294 5079 6291 6295 6292 6293 6296 6294 6297 6298 6293 6293 6298 6296 6295 6299 6292 6292 6300 6297 6297 6300 6298 6299 6301 6292 6292 6301 6300 6302 6303 6304 6302 6304 6305 6302 6305 6306 6302 6306 6307 6308 6309 6310 6308 6311 6309 6311 6312 6309 6313 6304 6303 6309 6305 6313 6313 6305 6304 6312 6306 6309 6309 6306 6305 6312 6307 6306 6314 6294 6296 6315 6316 6317 6315 6317 6314 6315 6296 6298 6315 6298 6300 6315 6300 6301 6315 6314 6296 6318 6316 6315 6307 6319 6302 6302 6319 6320 6312 6321 6307 6311 6321 6312 6308 6321 6311 6310 6321 6308 6307 6322 6319 6321 6322 6307 6322 6323 6319 6322 6324 6323 6324 6325 6323 6325 6326 6323 6327 6294 6321 6328 6294 6327 6329 6294 6328 5077 6294 6329 6330 6322 6294 6294 6322 6321 6330 6331 6322 6331 6324 6322 6331 6332 6324 6333 6325 6332 6332 6325 6324 6333 6334 6325 6334 6335 6325 6335 6336 6325 6336 6326 6325 6337 6316 6318 6337 6317 6316 6337 6314 6317 6330 6294 6314 6330 6314 6337 6331 6330 6337 6332 6331 6337 6333 6332 6337 6338 6339 6340 6341 6338 6340 6342 6341 6340 6343 6342 6340 6341 6344 6338 6338 6344 6339 6341 6342 6344 6343 6345 6342 6342 6345 6344 6344 6346 6347 6345 6346 6344 6346 6348 6347 6348 6349 6347 5276 6350 5277 5276 5275 6350 5275 5273 6350 6351 5269 5268 6350 5270 6351 6351 5270 5269 5273 5271 6350 6350 5271 5270 5273 5272 5271 5266 6352 5265 5259 6353 5255 6354 6353 5086 6355 6353 6354 6356 6353 6355 5255 6353 6356 6352 6357 5265 5259 6358 6353 5264 6359 5259 5259 6359 6358 6357 6360 5265 5265 6361 5264 5264 6361 6359 6360 6362 5265 5265 6362 6361 6363 6353 6358 6364 6358 6359 6364 6359 6361 6364 6361 6362 6364 6365 6366 6364 6366 6363 6364 6363 6358 6367 6365 6364 6368 6369 6370 6371 6369 6368 6372 6373 6290 6370 6374 6375 6369 6374 6370 6372 6376 6373 6377 6378 6372 6372 6378 6376 6375 6379 6377 6374 6379 6375 6377 6379 6378 6380 6381 6382 6380 6382 6383 6380 6383 6384 6385 6373 6376 6385 6384 6373 6385 6380 6384 6386 6376 6378 6386 6385 6376 6379 6386 6378 6367 6387 6388 6388 6387 6389 6390 6391 6290 6392 6391 6390 6393 6391 6392 6389 6391 6393 6290 6391 6372 6387 6391 6389 6372 6394 6377 6391 6394 6372 6394 6395 6377 6395 6375 6377 6395 6396 6375 6396 6370 6375 6396 6397 6370 6397 6368 6370 6397 6371 6368 6364 6387 6367 6364 6362 6387 6360 6391 6362 6357 6391 6360 6352 6391 6357 6362 6391 6387 5266 6398 6352 6352 6398 6391 6398 6399 6391 6399 6394 6391 6399 6400 6394 6400 6395 6394 6400 6401 6395 6401 6396 6395 6401 6402 6396 6402 6397 6396 6402 6403 6397 6403 6371 6397 6404 6405 6406 6404 6407 6405 6408 6407 6404 6409 6410 6408 6409 6408 6404 6411 6410 6409 6412 6411 6409 6413 6411 6412 6414 6413 6412 6410 6398 5266 6410 6411 6398 6411 6399 6398 6411 6413 6399 6413 6400 6399 6413 6414 6400 6414 6401 6400 6414 6415 6401 6415 6402 6401 6415 6416 6402 6416 6403 6402 6416 6371 6403 6417 6418 6419 6417 6420 6418 6417 6421 6420 6422 6423 6421 6422 6421 6417 6424 6422 6417 6425 6424 6417 6426 6425 6417 6427 6423 5274 6428 6423 6427 6429 6423 6428 5420 6423 6429 6422 5278 6423 6423 5278 5274 6422 6424 5278 6424 5279 5278 6424 6425 5279 6426 5280 6425 6425 5280 5279 6426 6430 5280 6430 6431 5280 6431 6432 5280 6432 5266 5280 6433 5413 6434 6434 5413 5410 6433 6435 5413 6436 6437 6435 6435 6437 5413 5413 6438 5415 6437 6438 5413 6438 6439 5415 6439 5417 5415 6440 6441 6442 6443 6444 6445 6443 6445 6440 6443 6442 6446 6443 6446 6447 6443 6447 6448 6443 6440 6442 6449 6444 6443 6326 6450 6451 6452 6441 6453 6454 6441 6148 6455 6441 6454 6456 6441 6455 6453 6441 6456 6450 6457 6451 6452 6442 6441 6458 6446 6452 6452 6446 6442 6457 6459 6451 6451 6447 6458 6458 6447 6446 6459 6448 6451 6451 6448 6447 6406 6460 6404 6460 6409 6404 6460 6461 6409 6461 6412 6409 6461 6462 6412 6462 6414 6412 6462 6463 6414 6463 6415 6414 6463 6464 6415 6415 6465 6416 6464 6465 6415 6416 6466 6371 6465 6466 6416 6371 6467 6468 6466 6467 6371 6468 6469 6470 6467 6469 6468 6470 6471 6472 6469 6471 6470 6472 6473 6474 6471 6473 6472 6473 6475 6474 6474 6476 6477 6475 6476 6474 6477 6478 6479 6476 6478 6477 6479 6480 6481 6478 6480 6479 6481 6482 6483 6483 6482 6484 6480 6482 6481 6482 6485 6484 6484 6485 6486 6485 6487 6486 6486 6487 6488 6488 6489 6490 6487 6489 6488 6490 6491 6492 6489 6491 6490 6491 6493 6492 6492 6494 6495 6493 6494 6492 6494 6496 6495 6495 6496 6497 6497 6496 6498 6498 6499 6500 6496 6499 6498 6499 6501 6500 6500 6501 6502 6501 6503 6502 6502 6503 6504 6504 6505 6506 6503 6505 6504 6506 6507 6508 6505 6507 6506 6508 6509 6510 6507 6509 6508 6510 6511 6512 6509 6511 6510 6512 6513 6514 6511 6513 6512 6514 6515 6516 6513 6515 6514 6515 6517 6516 6516 6518 6519 6517 6518 6516 6519 6520 6521 6518 6520 6519 6521 6522 6523 6520 6522 6521 6523 6524 6525 6522 6524 6523 6525 6526 6527 6527 6526 6528 6524 6526 6525 6526 6529 6528 6528 6529 6530 6529 6531 6530 6530 6531 6532 6531 6533 6532 6532 6533 6534 6533 6535 6534 6534 6535 6536 6535 6537 6536 6536 6537 6538 6537 6539 6538 6538 6539 6540 6539 6541 6540 6540 6541 6542 6541 6543 6542 6542 6543 6544 6543 6545 6544 6544 6545 6546 6547 6548 6549 6550 6548 6547 6551 6548 6550 6552 6548 6551 6553 6548 6552 6554 6548 6553 6555 6548 6554 6556 6548 6555 6546 6557 6558 6545 6557 6546 6558 6559 6560 6557 6559 6558 6560 6561 6562 6559 6561 6560 6562 6563 6564 6561 6563 6562 6564 6565 6566 6563 6565 6564 6566 6567 6568 6565 6567 6566 6568 6569 6570 6567 6569 6568 6570 6571 6556 6569 6571 6570 6556 6572 6548 6548 6572 6573 6571 6572 6556 6572 6574 6573 6573 6575 6576 6574 6577 6573 6573 6578 6575 6577 6579 6573 6573 6580 6578 6579 6581 6573 6573 6581 6580 6582 6583 6584 6585 6582 6584 6586 6582 6585 6587 6585 6588 6587 6586 6585 6589 6587 6588 6590 6587 6589 6591 6589 6592 6591 6590 6589 6593 6592 6594 6593 6591 6592 6595 6594 6596 6595 6593 6594 6597 6595 6596 6598 6595 6597 6599 6597 6600 6599 6598 6597 6601 6600 6602 6601 6599 6600 6603 6602 6604 6603 6601 6602 6605 6603 6604 6606 6604 6607 6606 6605 6604 6608 6607 6609 6608 6606 6607 6610 6609 6611 6610 6608 6609 6612 6611 6613 6612 6610 6611 6614 6613 6615 6614 6612 6613 6616 6614 6615 6616 6615 6617 6618 6616 6617 6618 6617 6619 6620 6619 6621 6620 6618 6619 6622 6621 6623 6622 6620 6621 6624 6622 6623 6624 6623 6625 6626 6624 6625 6626 6625 6627 6628 6626 6627 6628 6627 6629 6630 6629 6631 6630 6628 6629 6632 6631 6633 6632 6630 6631 6634 6633 6635 6634 6632 6633 6636 6635 6637 6636 6634 6635 6638 6637 6639 6638 6636 6637 6640 6638 6639 6640 6639 6641 6642 6641 6643 6642 6640 6641 6644 6642 6643 6644 6643 6645 6646 6644 6645 6646 6645 6647 6648 6646 6647 6648 6647 6649 6650 6649 6651 6650 6648 6649 6652 6651 6653 6652 6650 6651 6654 6653 6655 6654 6652 6653 6656 6655 6657 6656 6654 6655 6658 6657 6659 6658 6656 6657 6660 6658 6659 6660 6659 6661 6662 6660 6661 6662 6661 6663 6664 6662 6663 6664 6663 6665 6666 6665 6667 6666 6664 6665 6668 6666 6667 6668 6667 6669 6670 6668 6669 6670 6669 6671 6672 6670 6671 6672 6671 6673 6674 6672 6673 6674 6673 6675 6676 6674 6675 6676 6675 6677 6678 6677 6679 6678 6676 6677 6680 6681 6682 6680 6682 6683 6680 6683 6684 6680 6684 6685 6680 6685 6686 6680 6686 6687 6680 6687 6688 6680 6688 6689 6690 6679 6691 6690 6678 6679 6692 6691 6693 6692 6690 6691 6694 6693 6695 6694 6692 6693 6696 6695 6697 6696 6694 6695 6698 6697 6699 6698 6696 6697 6700 6699 6701 6700 6698 6699 6702 6701 6703 6702 6700 6701 6704 6703 6681 6704 6702 6703 6705 6681 6680 6705 6704 6681 6706 6704 6705 6707 6706 6705 6708 6705 6709 6710 6707 6705 6711 6705 6708 6712 6710 6705 6713 6705 6711 6713 6712 6705 6615 6613 6483 6483 6613 6481 6481 6611 6479 6613 6611 6481 6479 6609 6477 6611 6609 6479 6477 6607 6474 6609 6607 6477 6474 6604 6472 6607 6604 6474 6472 6602 6470 6604 6602 6472 6470 6600 6468 6602 6600 6470 6468 6597 6371 6600 6597 6468 6417 6714 6426 6419 6714 6417 5266 6715 6716 6432 6715 5266 6431 6715 6432 6430 6715 6431 6426 6715 6430 6714 6715 6426 6716 6717 6718 6715 6717 6716 6717 6719 6718 6719 6720 6718 6719 6721 6720 6721 6722 6720 6721 6723 6722 6723 6724 6722 6723 6466 6724 6460 6406 6405 6460 6405 6407 6460 6407 6408 6461 6408 6410 6461 6410 6725 6461 6460 6408 6462 6725 6726 6462 6461 6725 6463 6462 6726 6724 6465 6722 6466 6465 6724 6716 6410 5266 6722 6464 6720 6465 6464 6722 6716 6725 6410 6718 6726 6716 6716 6726 6725 6720 6463 6718 6464 6463 6720 6718 6463 6726 6421 6423 6727 6728 6418 6420 6728 6420 6421 6728 6727 6729 6728 6729 6730 6728 6730 6731 6728 6421 6727 6419 6418 6728 6732 6733 6734 6735 6423 5423 5419 6423 5420 5421 6423 5419 5422 6423 5421 5423 6423 5422 6733 6736 6734 6735 6727 6423 6737 6729 6735 6735 6729 6727 6736 6738 6734 6734 6730 6737 6737 6730 6729 6738 6731 6734 6734 6731 6730 6739 5414 5416 6739 6740 5414 6740 6741 5414 5412 6742 5411 5414 6743 5412 5412 6743 6742 6741 6744 5414 5414 6744 6743 6741 6745 6744 6144 6441 6145 6146 6441 6144 6147 6441 6146 6148 6441 6147 6746 6747 6441 6441 6747 6145 6746 6748 6747 6748 6749 6747 6748 6750 6749 6751 6752 6750 6750 6752 6749 6751 6753 6752 6753 6754 6752 6754 6755 6752 6755 6756 6752 6757 6444 6449 6757 6445 6444 6757 6440 6445 6746 6441 6440 6746 6440 6757 6748 6746 6757 6750 6748 6757 6751 6750 6757 6758 6759 6760 6758 6761 6759 6762 6761 6758 6763 6764 6762 6763 6762 6758 6765 6764 6763 6766 6765 6763 6767 6765 6766 6768 6767 6766 6764 6769 6326 6764 6765 6769 6765 6770 6769 6765 6767 6770 6767 6771 6770 6767 6768 6771 6768 6772 6771 6768 6773 6772 6773 6774 6772 6773 6775 6774 6775 6776 6774 6775 6777 6776 6443 6778 6449 6443 6448 6778 6459 6779 6448 6457 6779 6459 6450 6779 6457 6448 6779 6778 6326 6769 6450 6450 6769 6779 6769 6770 6779 6770 6780 6779 6770 6771 6780 6771 6781 6780 6771 6772 6781 6772 6782 6781 6772 6774 6782 6774 6783 6782 6774 6776 6783 6776 6777 6783 6598 6467 6466 6598 6599 6467 6599 6469 6467 6599 6601 6469 6601 6471 6469 6601 6603 6471 6603 6473 6471 6603 6605 6473 6605 6475 6473 6605 6606 6475 6606 6476 6475 6606 6608 6476 6608 6478 6476 6608 6610 6478 6610 6480 6478 6610 6612 6480 6612 6482 6480 6612 6614 6482 6705 6548 6573 6680 6548 6705 6631 6629 6498 6629 6497 6498 6629 6627 6497 6627 6495 6497 6627 6625 6495 6625 6492 6495 6628 6630 6499 6496 6628 6499 6626 6628 6496 6494 6626 6496 6624 6626 6494 6493 6624 6494 6648 6518 6517 6648 6650 6518 6650 6520 6518 6650 6652 6520 6652 6522 6520 6652 6654 6522 6654 6524 6522 6654 6656 6524 6656 6526 6524 6656 6658 6526 6659 6657 6527 6527 6657 6525 6525 6655 6523 6657 6655 6525 6523 6653 6521 6655 6653 6523 6521 6651 6519 6653 6651 6521 6519 6649 6516 6651 6649 6519 6631 6498 6500 6633 6500 6502 6633 6631 6500 6635 6502 6504 6635 6633 6502 6637 6504 6506 6637 6635 6504 6639 6506 6508 6639 6637 6506 6641 6508 6510 6641 6639 6508 6643 6510 6512 6643 6641 6510 6645 6512 6514 6645 6643 6512 6647 6514 6516 6647 6645 6514 6649 6647 6516 6492 6625 6623 6490 6623 6621 6490 6492 6623 6488 6621 6619 6488 6490 6621 6486 6619 6617 6486 6488 6619 6484 6617 6615 6484 6486 6617 6483 6484 6615 6622 6624 6493 6622 6491 6489 6622 6493 6491 6620 6489 6487 6620 6622 6489 6618 6487 6485 6618 6620 6487 6616 6618 6485 6614 6485 6482 6614 6616 6485 6499 6630 6632 6501 6632 6634 6501 6499 6632 6503 6634 6636 6503 6501 6634 6505 6636 6638 6505 6503 6636 6507 6638 6640 6507 6505 6638 6509 6640 6642 6509 6507 6640 6511 6642 6644 6511 6509 6642 6513 6644 6646 6513 6511 6644 6515 6646 6648 6515 6513 6646 6517 6515 6648 6548 6680 6689 6549 6689 6688 6549 6548 6689 6547 6688 6687 6547 6549 6688 6550 6687 6686 6550 6547 6687 6551 6686 6685 6551 6550 6686 6552 6685 6684 6552 6551 6685 6553 6684 6683 6553 6552 6684 6554 6683 6682 6554 6553 6683 6555 6682 6681 6555 6554 6682 6556 6681 6703 6556 6555 6681 6570 6556 6703 6570 6703 6701 6568 6570 6701 6568 6701 6699 6566 6568 6699 6566 6699 6697 6564 6697 6695 6564 6566 6697 6562 6564 6695 6562 6695 6693 6560 6693 6691 6560 6562 6693 6558 6691 6679 6558 6560 6691 6546 6679 6677 6546 6558 6679 6544 6677 6675 6544 6546 6677 6542 6675 6673 6542 6544 6675 6540 6673 6671 6540 6542 6673 6538 6671 6669 6538 6540 6671 6536 6669 6667 6536 6538 6669 6534 6667 6665 6534 6536 6667 6532 6665 6663 6532 6534 6665 6530 6663 6661 6530 6532 6663 6528 6661 6659 6528 6530 6661 6527 6528 6659 6526 6658 6660 6529 6660 6662 6529 6526 6660 6531 6662 6664 6531 6529 6662 6533 6664 6666 6533 6531 6664 6535 6666 6668 6535 6533 6666 6537 6668 6670 6537 6535 6668 6539 6670 6672 6539 6537 6670 6541 6672 6674 6541 6539 6672 6543 6674 6676 6543 6541 6674 6545 6676 6678 6545 6543 6676 6557 6545 6678 6557 6678 6690 6559 6557 6690 6559 6690 6692 6561 6559 6692 6561 6692 6694 6563 6694 6696 6563 6561 6694 6565 6563 6696 6565 6696 6698 6567 6698 6700 6567 6565 6698 6569 6700 6702 6569 6567 6700 6571 6702 6704 6571 6569 6702 6572 6704 6706 6572 6571 6704 6574 6706 6707 6574 6572 6706 6577 6707 6710 6577 6574 6707 6579 6710 6712 6579 6577 6710 6581 6712 6713 6581 6579 6712 6580 6713 6711 6580 6581 6713 6578 6711 6708 6578 6580 6711 6575 6708 6709 6575 6578 6708 6576 6709 6705 6576 6575 6709 6573 6576 6705 6784 6785 6786 6784 6787 6785 6788 6789 6787 6790 6789 6788 6791 6789 6790 6787 6789 6785 5630 6792 6791 6791 6792 6789 6792 6793 6789 6793 6794 6789 6793 6795 6794 6795 6796 6794 6795 6797 6796 6797 6798 6796 6797 6799 6798 6799 6800 6798 6799 6801 6800 6801 6802 6800 6803 6804 6805 6803 6806 6804 6807 6806 6803 6808 6809 6807 6808 6807 6803 6810 6809 6808 6811 6810 6808 6812 6810 6811 6813 6812 6811 6809 6792 5630 6809 6810 6792 6810 6793 6792 6810 6812 6793 6812 6795 6793 6812 6813 6795 6813 6797 6795 6813 6814 6797 6814 6799 6797 6814 6815 6799 6815 6801 6799 6815 6802 6801 6816 6817 6818 6816 6819 6817 6816 6820 6819 6821 6822 6820 6821 6820 6816 6823 6821 6816 6824 6823 6816 6825 6824 6816 6826 6822 5634 6827 6822 6826 6828 6822 6827 5788 6822 6828 6821 5638 6822 6822 5638 5634 6821 6823 5638 6823 5639 5638 6823 6824 5639 6825 5640 6824 6824 5640 5639 6825 6829 5640 6829 6830 5640 6830 6831 5640 6831 5630 5640 6832 5781 6833 6833 5781 5778 6832 6834 5781 6835 6836 6834 6834 6836 5781 5781 6837 5783 6836 6837 5781 6837 6838 5783 6838 5785 5783 6805 6839 6803 6839 6808 6803 6839 6840 6808 6840 6811 6808 6840 6841 6811 6841 6813 6811 6841 6842 6813 6842 6814 6813 6842 6843 6814 6814 6844 6815 6843 6844 6814 6815 6845 6802 6844 6845 6815 6802 6846 6847 6845 6846 6802 6847 6848 6849 6846 6848 6847 6849 6850 6851 6848 6850 6849 6851 6852 6853 6850 6852 6851 6852 6854 6853 6853 6855 6856 6854 6855 6853 6856 6857 6858 6855 6857 6856 6858 6859 6860 6857 6859 6858 6860 6861 6862 6862 6861 6863 6859 6861 6860 6861 6864 6863 6863 6864 6865 6864 6866 6865 6865 6866 6867 6867 6868 6869 6866 6868 6867 6869 6870 6871 6868 6870 6869 6870 6872 6871 6871 6873 6874 6872 6873 6871 6873 6875 6874 6874 6875 6876 6876 6875 6877 6877 6878 6879 6875 6878 6877 6878 6880 6879 6879 6880 6881 6880 6882 6881 6881 6882 6883 6883 6884 6885 6882 6884 6883 6885 6886 6887 6884 6886 6885 6887 6888 6889 6886 6888 6887 6889 6890 6891 6888 6890 6889 6891 6892 6893 6890 6892 6891 6893 6894 6895 6892 6894 6893 6894 6896 6895 6895 6897 6898 6896 6897 6895 6898 6899 6900 6897 6899 6898 6900 6901 6902 6899 6901 6900 6902 6903 6904 6901 6903 6902 6904 6905 6906 6906 6905 6907 6903 6905 6904 6905 6908 6907 6907 6908 6909 6908 6910 6909 6909 6910 6911 6910 6912 6911 6911 6912 6913 6912 6914 6913 6913 6914 6915 6914 6916 6915 6915 6916 6917 6916 6918 6917 6917 6918 6919 6918 6920 6919 6919 6920 6921 6920 6922 6921 6921 6922 6923 6922 6924 6923 6923 6924 6925 6926 6927 6928 6929 6927 6926 6930 6927 6929 6931 6927 6930 6932 6927 6931 6933 6927 6932 6934 6927 6933 6935 6927 6934 6925 6936 6937 6924 6936 6925 6937 6938 6939 6936 6938 6937 6939 6940 6941 6938 6940 6939 6941 6942 6943 6940 6942 6941 6943 6944 6945 6942 6944 6943 6945 6946 6947 6944 6946 6945 6947 6948 6949 6946 6948 6947 6949 6950 6935 6948 6950 6949 6935 6951 6927 6927 6951 6952 6950 6951 6935 6951 6953 6952 6952 6954 6955 6953 6956 6952 6952 6957 6954 6956 6958 6952 6952 6959 6957 6958 6960 6952 6952 6960 6959 6961 6583 6962 6963 6961 6962 6964 6961 6963 6965 6963 6966 6965 6964 6963 6967 6965 6966 6968 6965 6967 6969 6967 6970 6969 6968 6967 6971 6970 6972 6971 6969 6970 6973 6972 6974 6973 6971 6972 6975 6973 6974 6976 6973 6975 6977 6975 6978 6977 6976 6975 6979 6978 6980 6979 6977 6978 6981 6980 6982 6981 6979 6980 6983 6981 6982 6984 6982 6985 6984 6983 6982 6986 6985 6987 6986 6984 6985 6988 6987 6989 6988 6986 6987 6990 6989 6991 6990 6988 6989 6992 6991 6993 6992 6990 6991 6994 6992 6993 6994 6993 6995 6996 6994 6995 6996 6995 6997 6998 6997 6999 6998 6996 6997 7000 6999 7001 7000 6998 6999 7002 7000 7001 7002 7001 7003 7004 7002 7003 7004 7003 7005 7006 7004 7005 7006 7005 7007 7008 7007 7009 7008 7006 7007 7010 7009 7011 7010 7008 7009 7012 7011 7013 7012 7010 7011 7014 7013 7015 7014 7012 7013 7016 7015 7017 7016 7014 7015 7018 7016 7017 7018 7017 7019 7020 7019 7021 7020 7018 7019 7022 7020 7021 7022 7021 7023 7024 7022 7023 7024 7023 7025 7026 7024 7025 7026 7025 7027 7028 7027 7029 7028 7026 7027 7030 7029 7031 7030 7028 7029 7032 7031 7033 7032 7030 7031 7034 7033 7035 7034 7032 7033 7036 7035 7037 7036 7034 7035 7038 7036 7037 7038 7037 7039 7040 7038 7039 7040 7039 7041 7042 7040 7041 7042 7041 7043 7044 7043 7045 7044 7042 7043 7046 7044 7045 7046 7045 7047 7048 7046 7047 7048 7047 7049 7050 7048 7049 7050 7049 7051 7052 7050 7051 7052 7051 7053 7054 7052 7053 7054 7053 7055 7056 7055 7057 7056 7054 7055 7058 7059 7060 7058 7060 7061 7058 7061 7062 7058 7062 7063 7058 7063 7064 7058 7064 7065 7058 7065 7066 7058 7066 7067 7068 7057 7069 7068 7056 7057 7070 7069 7071 7070 7068 7069 7072 7071 7073 7072 7070 7071 7074 7073 7075 7074 7072 7073 7076 7075 7077 7076 7074 7075 7078 7077 7079 7078 7076 7077 7080 7079 7081 7080 7078 7079 7082 7081 7059 7082 7080 7081 7083 7059 7058 7083 7082 7059 7084 7082 7083 7085 7084 7083 7086 7083 7087 7088 7085 7083 7089 7083 7086 7090 7088 7083 7091 7083 7089 7091 7090 7083 6993 6991 6862 6862 6991 6860 6860 6989 6858 6991 6989 6860 6858 6987 6856 6989 6987 6858 6856 6985 6853 6987 6985 6856 6853 6982 6851 6985 6982 6853 6851 6980 6849 6982 6980 6851 6849 6978 6847 6980 6978 6849 6847 6975 6802 6978 6975 6847 6839 6805 6804 6839 6804 6806 6839 6806 6807 6840 6807 6809 6840 6809 7092 6840 6839 6807 6841 7092 7093 6841 6840 7092 6842 6841 7093 6816 7094 6825 6818 7094 6816 5630 7095 7096 6831 7095 5630 6830 7095 6831 6829 7095 6830 6825 7095 6829 7094 7095 6825 7096 7097 7098 7095 7097 7096 7097 7099 7098 7099 7100 7098 7099 7101 7100 7101 7102 7100 7101 7103 7102 7103 7104 7102 7103 6845 7104 7104 6844 7102 6845 6844 7104 7096 6809 5630 7102 6843 7100 6844 6843 7102 7096 7092 6809 7098 7093 7096 7096 7093 7092 7100 6842 7098 6843 6842 7100 7098 6842 7093 6820 6822 7105 7106 6817 6819 7106 6819 6820 7106 7105 7107 7106 7107 7108 7106 7108 7109 7106 6820 7105 6818 6817 7106 7110 7111 7112 7113 6822 5791 5787 6822 5788 5789 6822 5787 5790 6822 5789 5791 6822 5790 7111 7114 7112 7113 7105 6822 7115 7107 7113 7113 7107 7105 7114 7116 7112 7112 7108 7115 7115 7108 7107 7116 7109 7112 7112 7109 7108 7117 5782 5784 7117 7118 5782 7118 7119 5782 5780 7120 5779 5782 7121 5780 5780 7121 7120 7119 7122 5782 5782 7122 7121 7119 7123 7122 5984 7124 5982 5982 7124 5983 5984 5985 7124 5973 5972 5985 5985 5972 7124 7124 5971 7125 5972 5971 7124 5971 5969 7125 5969 5968 7125 6976 6846 6845 6976 6977 6846 6977 6848 6846 6977 6979 6848 6979 6850 6848 6979 6981 6850 6981 6852 6850 6981 6983 6852 6983 6854 6852 6983 6984 6854 6984 6855 6854 6984 6986 6855 6986 6857 6855 6986 6988 6857 6988 6859 6857 6988 6990 6859 6990 6861 6859 6990 6992 6861 7083 6927 6952 7058 6927 7083 7009 7007 6877 7007 6876 6877 7007 7005 6876 7005 6874 6876 7005 7003 6874 7003 6871 6874 7006 7008 6878 6875 7006 6878 7004 7006 6875 6873 7004 6875 7002 7004 6873 6872 7002 6873 7026 6897 6896 7026 7028 6897 7028 6899 6897 7028 7030 6899 7030 6901 6899 7030 7032 6901 7032 6903 6901 7032 7034 6903 7034 6905 6903 7034 7036 6905 7037 7035 6906 6906 7035 6904 6904 7033 6902 7035 7033 6904 6902 7031 6900 7033 7031 6902 6900 7029 6898 7031 7029 6900 6898 7027 6895 7029 7027 6898 7009 6877 6879 7011 6879 6881 7011 7009 6879 7013 6881 6883 7013 7011 6881 7015 6883 6885 7015 7013 6883 7017 6885 6887 7017 7015 6885 7019 6887 6889 7019 7017 6887 7021 6889 6891 7021 7019 6889 7023 6891 6893 7023 7021 6891 7025 6893 6895 7025 7023 6893 7027 7025 6895 6871 7003 7001 6869 7001 6999 6869 6871 7001 6867 6999 6997 6867 6869 6999 6865 6997 6995 6865 6867 6997 6863 6995 6993 6863 6865 6995 6862 6863 6993 7000 7002 6872 7000 6870 6868 7000 6872 6870 6998 6868 6866 6998 7000 6868 6996 6866 6864 6996 6998 6866 6994 6996 6864 6992 6864 6861 6992 6994 6864 6878 7008 7010 6880 7010 7012 6880 6878 7010 6882 7012 7014 6882 6880 7012 6884 7014 7016 6884 6882 7014 6886 7016 7018 6886 6884 7016 6888 7018 7020 6888 6886 7018 6890 7020 7022 6890 6888 7020 6892 7022 7024 6892 6890 7022 6894 7024 7026 6894 6892 7024 6896 6894 7026 6927 7058 7067 6928 7067 7066 6928 6927 7067 6926 7066 7065 6926 6928 7066 6929 7065 7064 6929 6926 7065 6930 7064 7063 6930 6929 7064 6931 7063 7062 6931 6930 7063 6932 7062 7061 6932 6931 7062 6933 7061 7060 6933 6932 7061 6934 7060 7059 6934 6933 7060 6935 7059 7081 6935 6934 7059 6949 6935 7081 6949 7081 7079 6947 6949 7079 6947 7079 7077 6945 6947 7077 6945 7077 7075 6943 7075 7073 6943 6945 7075 6941 6943 7073 6941 7073 7071 6939 7071 7069 6939 6941 7071 6937 7069 7057 6937 6939 7069 6925 7057 7055 6925 6937 7057 6923 7055 7053 6923 6925 7055 6921 7053 7051 6921 6923 7053 6919 7051 7049 6919 6921 7051 6917 7049 7047 6917 6919 7049 6915 7047 7045 6915 6917 7047 6913 7045 7043 6913 6915 7045 6911 7043 7041 6911 6913 7043 6909 7041 7039 6909 6911 7041 6907 7039 7037 6907 6909 7039 6906 6907 7037 6905 7036 7038 6908 7038 7040 6908 6905 7038 6910 7040 7042 6910 6908 7040 6912 7042 7044 6912 6910 7042 6914 7044 7046 6914 6912 7044 6916 7046 7048 6916 6914 7046 6918 7048 7050 6918 6916 7048 6920 7050 7052 6920 6918 7050 6922 7052 7054 6922 6920 7052 6924 7054 7056 6924 6922 7054 6936 6924 7056 6936 7056 7068 6938 6936 7068 6938 7068 7070 6940 6938 7070 6940 7070 7072 6942 7072 7074 6942 6940 7072 6944 6942 7074 6944 7074 7076 6946 7076 7078 6946 6944 7076 6948 7078 7080 6948 6946 7078 6950 7080 7082 6950 6948 7080 6951 7082 7084 6951 6950 7082 6953 7084 7085 6953 6951 7084 6956 7085 7088 6956 6953 7085 6958 7088 7090 6958 6956 7088 6960 7090 7091 6960 6958 7090 6959 7091 7089 6959 6960 7091 6957 7089 7086 6957 6959 7089 6954 7086 7087 6954 6957 7086 6955 7087 7083 6955 6954 7087 6952 6955 7083 7126 7127 7128 7126 7129 7127 7130 7131 7129 7132 7131 7130 7133 7131 7132 7129 7131 7127 5981 7134 7133 7133 7134 7131 7134 7135 7131 7135 7136 7131 7135 7137 7136 7137 7138 7136 7137 7139 7138 7139 7140 7138 7139 7141 7140 7141 7142 7140 7141 7143 7142 7143 7144 7142 7145 7146 7147 7145 7148 7146 7149 7148 7145 7150 7151 7149 7150 7149 7145 7152 7151 7150 7153 7152 7150 7154 7152 7153 7155 7154 7153 7151 7134 5981 7151 7152 7134 7152 7135 7134 7152 7154 7135 7154 7137 7135 7154 7155 7137 7155 7139 7137 7155 7156 7139 7156 7141 7139 7156 7157 7141 7157 7143 7141 7157 7144 7143 7158 6583 7159 7160 7158 7159 7161 7158 7160 7162 7160 7163 7162 7161 7160 7164 7162 7163 7165 7162 7164 7166 7164 7167 7166 7165 7164 7168 7167 7169 7168 7166 7167 7170 7169 7171 7170 7168 7169 7172 7170 7171 7173 7170 7172 7174 7172 7175 7174 7173 7172 7176 7175 7177 7176 7174 7175 7178 7177 7179 7178 7176 7177 7180 7178 7179 7181 7179 7182 7181 7180 7179 7183 7182 7184 7183 7181 7182 7185 7184 7186 7185 7183 7184 7187 7186 7188 7187 7185 7186 7189 7188 7190 7189 7187 7188 7191 7189 7190 7191 7190 7192 7193 7191 7192 7193 7192 7194 7195 7194 7196 7195 7193 7194 7197 7196 7198 7197 7195 7196 7199 7197 7198 7199 7198 7200 7201 7199 7200 7201 7200 7202 7203 7201 7202 7203 7202 7204 7205 7204 7206 7205 7203 7204 7207 7206 7208 7207 7205 7206 7209 7208 7210 7209 7207 7208 7211 7210 7212 7211 7209 7210 7213 7212 7214 7213 7211 7212 7215 7213 7214 7215 7214 7216 7217 7216 7218 7217 7215 7216 7219 7217 7218 7219 7218 7220 7221 7219 7220 7221 7220 7222 7223 7221 7222 7223 7222 7224 7225 7224 7226 7225 7223 7224 7227 7226 7228 7227 7225 7226 7229 7228 7230 7229 7227 7228 7231 7230 7232 7231 7229 7230 7233 7232 7234 7233 7231 7232 7235 7233 7234 7235 7234 7236 7237 7235 7236 7237 7236 7238 7239 7237 7238 7239 7238 7240 7241 7240 7242 7241 7239 7240 7243 7241 7242 7243 7242 7244 7245 7243 7244 7245 7244 7246 7247 7245 7246 7247 7246 7248 7249 7247 7248 7249 7248 7250 7251 7249 7250 7251 7250 7252 7253 7252 7254 7253 7251 7252 7255 7256 7257 7255 7257 7258 7255 7258 7259 7255 7259 7260 7255 7260 7261 7255 7261 7262 7255 7262 7263 7255 7263 7264 7265 7254 7266 7265 7253 7254 7267 7266 7268 7267 7265 7266 7269 7268 7270 7269 7267 7268 7271 7270 7272 7271 7269 7270 7273 7272 7274 7273 7271 7272 7275 7274 7276 7275 7273 7274 7277 7276 7278 7277 7275 7276 7279 7278 7256 7279 7277 7278 7280 7256 7255 7280 7279 7256 7281 7279 7280 7282 7281 7280 7283 7280 7284 7285 7282 7280 7286 7280 7283 7287 7285 7280 7288 7280 7286 7288 7287 7280 7147 7289 7145 7145 7290 7150 7289 7290 7145 7150 7291 7153 7290 7291 7150 7291 7155 7153 7291 7292 7155 7292 7156 7155 7292 7293 7156 7156 7294 7157 7293 7294 7156 7157 7295 7144 7294 7295 7157 7144 7296 7297 7295 7296 7144 7297 7298 7299 7296 7298 7297 7299 7300 7301 7298 7300 7299 7301 7302 7303 7300 7302 7301 7302 7304 7303 7303 7305 7306 7304 7305 7303 7306 7307 7308 7305 7307 7306 7308 7309 7310 7307 7309 7308 7310 7311 7312 7312 7311 7313 7309 7311 7310 7311 7314 7313 7313 7314 7315 7314 7316 7315 7315 7316 7317 7317 7318 7319 7316 7318 7317 7319 7320 7321 7318 7320 7319 7320 7322 7321 7321 7323 7324 7322 7323 7321 7323 7325 7324 7324 7325 7326 7326 7325 7327 7327 7328 7329 7325 7328 7327 7328 7330 7329 7329 7330 7331 7330 7332 7331 7331 7332 7333 7333 7334 7335 7332 7334 7333 7335 7336 7337 7334 7336 7335 7337 7338 7339 7336 7338 7337 7339 7340 7341 7338 7340 7339 7341 7342 7343 7340 7342 7341 7343 7344 7345 7342 7344 7343 7344 7346 7345 7345 7347 7348 7346 7347 7345 7348 7349 7350 7347 7349 7348 7350 7351 7352 7349 7351 7350 7352 7353 7354 7351 7353 7352 7354 7355 7356 7356 7355 7357 7353 7355 7354 7355 7358 7357 7357 7358 7359 7358 7360 7359 7359 7360 7361 7360 7362 7361 7361 7362 7363 7362 7364 7363 7363 7364 7365 7364 7366 7365 7365 7366 7367 7366 7368 7367 7367 7368 7369 7368 7370 7369 7369 7370 7371 7370 7372 7371 7371 7372 7373 7372 7374 7373 7373 7374 7375 7376 7377 7378 7379 7377 7376 7380 7377 7379 7381 7377 7380 7382 7377 7381 7383 7377 7382 7384 7377 7383 7385 7377 7384 7375 7386 7387 7374 7386 7375 7387 7388 7389 7386 7388 7387 7389 7390 7391 7388 7390 7389 7391 7392 7393 7390 7392 7391 7393 7394 7395 7392 7394 7393 7395 7396 7397 7394 7396 7395 7397 7398 7399 7396 7398 7397 7399 7400 7385 7398 7400 7399 7385 7401 7377 7377 7401 7402 7400 7401 7385 7401 7403 7402 7402 7404 7405 7403 7406 7402 7402 7407 7404 7406 7408 7402 7402 7409 7407 7408 7410 7402 7402 7410 7409 7190 7188 7312 7312 7188 7310 7310 7186 7308 7188 7186 7310 7308 7184 7306 7186 7184 7308 7306 7182 7303 7184 7182 7306 7303 7179 7301 7182 7179 7303 7301 7177 7299 7179 7177 7301 7299 7175 7297 7177 7175 7299 7297 7172 7144 7175 7172 7297 7411 7412 7413 7414 7412 7411 5981 7415 7416 7417 7415 5981 7418 7415 7417 7419 7415 7418 7413 7415 7419 7412 7415 7413 7416 7420 7421 7415 7420 7416 7420 7422 7421 7422 7423 7421 7422 7424 7423 7424 7425 7423 7424 7426 7425 7426 7427 7425 7426 7295 7427 7289 7147 7146 7289 7146 7148 7289 7148 7149 7290 7149 7151 7290 7151 7428 7290 7289 7149 7291 7428 7429 7291 7290 7428 7292 7291 7429 7427 7294 7425 7295 7294 7427 7416 7151 5981 7425 7293 7423 7294 7293 7425 7416 7428 7151 7421 7429 7416 7416 7429 7428 7423 7292 7421 7293 7292 7423 7421 7292 7429 7430 7431 6756 7430 7432 7431 7432 7433 7431 7432 7434 7433 7434 7435 7433 7434 7436 7435 7436 7437 7435 7436 7438 7437 7438 7439 7437 7438 7440 7439 7440 7441 7439 7440 7295 7441 7442 7443 7444 7442 7445 7443 7446 7445 7442 7447 7430 7446 7447 7446 7442 7432 7430 7447 7448 7432 7447 7434 7432 7448 7436 7434 7448 7449 7412 7414 7449 7450 7412 7451 7415 7450 7452 7415 7451 7453 7415 7452 7450 7415 7412 6756 7431 7453 7453 7431 7415 7431 7433 7415 7433 7420 7415 7433 7435 7420 7435 7422 7420 7435 7437 7422 7437 7424 7422 7437 7439 7424 7439 7426 7424 7439 7441 7426 7441 7295 7426 7173 7296 7295 7173 7174 7296 7174 7298 7296 7174 7176 7298 7176 7300 7298 7176 7178 7300 7178 7302 7300 7178 7180 7302 7180 7304 7302 7180 7181 7304 7181 7305 7304 7181 7183 7305 7183 7307 7305 7183 7185 7307 7185 7309 7307 7185 7187 7309 7187 7311 7309 7187 7189 7311 7280 7377 7402 7255 7377 7280 7206 7204 7327 7204 7326 7327 7204 7202 7326 7202 7324 7326 7202 7200 7324 7200 7321 7324 7203 7205 7328 7325 7203 7328 7201 7203 7325 7323 7201 7325 7199 7201 7323 7322 7199 7323 7223 7347 7346 7223 7225 7347 7225 7349 7347 7225 7227 7349 7227 7351 7349 7227 7229 7351 7229 7353 7351 7229 7231 7353 7231 7355 7353 7231 7233 7355 7234 7232 7356 7356 7232 7354 7354 7230 7352 7232 7230 7354 7352 7228 7350 7230 7228 7352 7350 7226 7348 7228 7226 7350 7348 7224 7345 7226 7224 7348 7206 7327 7329 7208 7329 7331 7208 7206 7329 7210 7331 7333 7210 7208 7331 7212 7333 7335 7212 7210 7333 7214 7335 7337 7214 7212 7335 7216 7337 7339 7216 7214 7337 7218 7339 7341 7218 7216 7339 7220 7341 7343 7220 7218 7341 7222 7343 7345 7222 7220 7343 7224 7222 7345 7321 7200 7198 7319 7198 7196 7319 7321 7198 7317 7196 7194 7317 7319 7196 7315 7194 7192 7315 7317 7194 7313 7192 7190 7313 7315 7192 7312 7313 7190 7197 7199 7322 7197 7320 7318 7197 7322 7320 7195 7318 7316 7195 7197 7318 7193 7316 7314 7193 7195 7316 7191 7193 7314 7189 7314 7311 7189 7191 7314 7328 7205 7207 7330 7207 7209 7330 7328 7207 7332 7209 7211 7332 7330 7209 7334 7211 7213 7334 7332 7211 7336 7213 7215 7336 7334 7213 7338 7215 7217 7338 7336 7215 7340 7217 7219 7340 7338 7217 7342 7219 7221 7342 7340 7219 7344 7221 7223 7344 7342 7221 7346 7344 7223 7377 7255 7264 7378 7264 7263 7378 7377 7264 7376 7263 7262 7376 7378 7263 7379 7262 7261 7379 7376 7262 7380 7261 7260 7380 7379 7261 7381 7260 7259 7381 7380 7260 7382 7259 7258 7382 7381 7259 7383 7258 7257 7383 7382 7258 7384 7257 7256 7384 7383 7257 7385 7256 7278 7385 7384 7256 7399 7385 7278 7399 7278 7276 7397 7399 7276 7397 7276 7274 7395 7397 7274 7395 7274 7272 7393 7272 7270 7393 7395 7272 7391 7393 7270 7391 7270 7268 7389 7268 7266 7389 7391 7268 7387 7266 7254 7387 7389 7266 7375 7254 7252 7375 7387 7254 7373 7252 7250 7373 7375 7252 7371 7250 7248 7371 7373 7250 7369 7248 7246 7369 7371 7248 7367 7246 7244 7367 7369 7246 7365 7244 7242 7365 7367 7244 7363 7242 7240 7363 7365 7242 7361 7240 7238 7361 7363 7240 7359 7238 7236 7359 7361 7238 7357 7236 7234 7357 7359 7236 7356 7357 7234 7355 7233 7235 7358 7235 7237 7358 7355 7235 7360 7237 7239 7360 7358 7237 7362 7239 7241 7362 7360 7239 7364 7241 7243 7364 7362 7241 7366 7243 7245 7366 7364 7243 7368 7245 7247 7368 7366 7245 7370 7247 7249 7370 7368 7247 7372 7249 7251 7372 7370 7249 7374 7251 7253 7374 7372 7251 7386 7374 7253 7386 7253 7265 7388 7386 7265 7388 7265 7267 7390 7388 7267 7390 7267 7269 7392 7269 7271 7392 7390 7269 7394 7392 7271 7394 7271 7273 7396 7273 7275 7396 7394 7273 7398 7275 7277 7398 7396 7275 7400 7277 7279 7400 7398 7277 7401 7279 7281 7401 7400 7279 7403 7281 7282 7403 7401 7281 7406 7282 7285 7406 7403 7282 7408 7285 7287 7408 7406 7285 7410 7287 7288 7410 7408 7287 7409 7288 7286 7409 7410 7288 7407 7286 7283 7407 7409 7286 7404 7283 7284 7404 7407 7283 7405 7284 7280 7405 7404 7284 7402 7405 7280 7454 7455 7456 7457 7456 7458 7457 7454 7456 7459 7458 7460 7459 7457 7458 7461 7460 7462 7461 7459 7460 7463 7462 7464 7463 7461 7462 7465 7464 7466 7465 7463 7464 7467 7466 7468 7467 7465 7466 7469 7468 7470 7469 7467 7468 7471 7470 7472 7471 7469 7470 7473 7472 7474 7473 7471 7472 7475 7473 7474 7475 7474 7476 7477 7475 7476 7477 7476 7478 7479 7477 7478 7479 7478 7480 7481 7480 7482 7481 7479 7480 7483 7481 7482 7483 7482 7484 7485 7484 7486 7485 7483 7484 7487 7486 7488 7487 7485 7486 7489 7488 7490 7489 7487 7488 7491 7490 7492 7491 7489 7490 7493 7492 7494 7493 7491 7492 7495 7494 7496 7495 7493 7494 7497 7496 7498 7497 7495 7496 7499 7498 7500 7499 7497 7498 7501 7500 7502 7501 7499 7500 7503 7502 7504 7503 7501 7502 7505 7504 7506 7505 7503 7504 7507 7506 7508 7507 7505 7506 7509 7507 7508 7510 7511 7512 7513 7512 7514 7513 7510 7512 7515 7514 7516 7515 7513 7514 7517 7516 7518 7517 7515 7516 7519 7518 7520 7519 7517 7518 7521 7520 7522 7521 7519 7520 7523 7522 7524 7523 7521 7522 7525 7524 7526 7525 7523 7524 7527 7526 7528 7527 7525 7526 7529 7528 7530 7529 7527 7528 7531 7529 7530 7531 7530 7532 7533 7531 7532 7533 7532 7534 7535 7533 7534 7535 7534 7536 7537 7536 7538 7537 7535 7536 7539 7537 7538 7539 7538 7540 7541 7540 7542 7541 7539 7540 7543 7542 7544 7543 7541 7542 7545 7544 7546 7545 7543 7544 7547 7546 7548 7547 7545 7546 7549 7548 7550 7549 7547 7548 7551 7550 7552 7551 7549 7550 7553 7552 7554 7553 7551 7552 7555 7554 7556 7555 7553 7554 7557 7556 7558 7557 7555 7556 7559 7558 7560 7559 7557 7558 7561 7560 7562 7561 7559 7560 7563 7562 7564 7563 7561 7562 7565 7563 7564 7566 7567 7568 7569 7568 7570 7569 7566 7568 7571 7570 7572 7571 7569 7570 7573 7572 7574 7573 7571 7572 7575 7574 7576 7575 7573 7574 7577 7576 7578 7577 7575 7576 7579 7578 7580 7579 7577 7578 7581 7580 7582 7581 7579 7580 7583 7582 7584 7583 7581 7582 7585 7583 7584 7586 7587 7588 7586 7589 7590 7586 7588 7589 7591 7590 7592 7591 7586 7590 7593 7592 7594 7593 7591 7592 7595 7593 7594 7596 7594 7597 7596 7595 7594 7598 7599 7600 7601 7600 7602 7601 7598 7600 7603 7602 7604 7603 7601 7602 7605 7604 7606 7605 7603 7604 7607 7606 7608 7607 7605 7606 7609 7607 7608 7610 7611 7612 7613 7612 7614 7613 7610 7612 7615 7614 7616 7615 7613 7614 7617 7616 7618 7617 7615 7616 7619 7618 7620 7619 7617 7618 7621 7620 7622 7621 7619 7620 7623 7622 7624 7623 7621 7622 7625 7624 7626 7625 7623 7624 7627 7626 7628 7627 7625 7626 7629 7627 7628 7564 7630 7565 7565 7630 7631 7631 7632 7633 7630 7632 7631 7633 7634 7635 7632 7634 7633 7635 7636 7637 7634 7636 7635 7637 7629 7628 7636 7629 7637 7584 7638 7585 7584 7639 7638 7639 7640 7638 7639 7641 7640 7641 7642 7640 7641 7643 7642 7643 7644 7642 7643 7645 7644 7645 7454 7644 7645 7455 7454 7646 7567 7566 7647 7646 7566 7648 7646 7647 7649 7648 7647 7587 7648 7649 7588 7587 7649 7610 7650 7611 7650 7651 7611 7650 7652 7651 7652 7653 7651 7652 7599 7653 7599 7598 7653 7508 7510 7509 7511 7510 7508 7654 7655 6777 7654 7656 7655 7656 7657 7655 7656 7658 7657 7658 7659 7657 7658 7660 7659 7660 7661 7659 7660 7662 7661 7662 7663 7661 7662 7664 7663 7664 7665 7663 7664 7666 7665 7666 7667 7665 7666 7668 7667 7668 7669 7667 7668 7670 7669 7670 7597 7669 7670 7596 7597 7608 7671 7609 7609 7671 7672 7672 7673 7674 7671 7673 7672 7674 7675 7676 7673 7675 7674 7676 7677 7678 7675 7677 7676 7678 7679 7680 7677 7679 7678 7680 7681 7682 7679 7681 7680 7682 7683 7684 7681 7683 7682 7684 7173 7295 7683 7173 7684 7685 6583 7158 7686 7158 7161 7686 7685 7158 7687 7161 7162 7687 7686 7161 7688 7162 7165 7688 7687 7162 7689 7165 7166 7689 7688 7165 7690 7166 7168 7690 7689 7166 7691 7168 7170 7691 7690 7168 7654 7170 7173 7654 7691 7170 7656 7173 7683 7656 7654 7173 7658 7683 7681 7658 7656 7683 7660 7681 7679 7660 7658 7681 7662 7660 7679 7664 7679 7677 7664 7662 7679 7666 7677 7675 7666 7664 7677 7668 7675 7673 7668 7666 7675 7670 7673 7671 7670 7668 7673 7596 7671 7608 7596 7670 7671 7595 7596 7608 7595 7608 7606 7593 7595 7606 7593 7606 7604 7591 7604 7602 7591 7593 7604 7586 7602 7600 7586 7591 7602 7587 7586 7600 7587 7600 7599 7587 7599 7652 7648 7587 7652 7648 7652 7650 7646 7648 7650 7646 7650 7610 7567 7646 7610 7568 7610 7613 7568 7567 7610 7570 7613 7615 7570 7568 7613 7572 7615 7617 7572 7570 7615 7574 7617 7619 7574 7572 7617 7576 7574 7619 7576 7619 7621 7578 7621 7623 7578 7576 7621 7580 7578 7623 7580 7623 7625 7582 7580 7625 7582 7625 7627 7584 7582 7627 7584 7627 7629 7639 7629 7636 7639 7584 7629 7641 7636 7634 7641 7639 7636 7643 7634 7632 7643 7641 7634 7645 7632 7630 7645 7643 7632 7455 7630 7564 7455 7645 7630 7456 7455 7564 7456 7564 7562 7458 7456 7562 7458 7562 7560 7460 7458 7560 7460 7560 7558 7462 7558 7556 7462 7460 7558 7464 7462 7556 7464 7556 7554 7466 7464 7554 7466 7554 7552 7468 7466 7552 7468 7552 7550 7470 7468 7550 7470 7550 7548 7472 7470 7548 7472 7548 7546 7474 7546 7544 7474 7472 7546 7511 7528 7526 7511 7526 7524 7511 7524 7522 7511 7522 7520 7511 7520 7518 7511 7518 7516 7511 7516 7514 7511 7514 7512 7476 7544 7542 7476 7474 7544 7478 7542 7540 7478 7476 7542 7480 7540 7538 7480 7478 7540 7482 7538 7536 7482 7480 7538 7484 7536 7534 7484 7482 7536 7486 7534 7532 7486 7484 7534 7488 7532 7530 7488 7486 7532 7490 7530 7528 7490 7488 7530 7508 7528 7511 7508 7490 7528 7492 7490 7508 7494 7492 7508 7504 7508 7506 7496 7494 7508 7502 7508 7504 7498 7496 7508 7500 7508 7502 7500 7498 7508 7444 7692 7442 7692 7447 7442 7692 7693 7447 7447 7694 7448 7693 7694 7447 7448 7695 7436 7694 7695 7448 7436 7696 7438 7695 7696 7436 7438 7697 7440 7696 7697 7438 7440 6777 7295 7697 6777 7440 7295 7655 7684 6777 7655 7295 7684 7657 7682 7655 7657 7684 7682 7659 7680 7657 7659 7682 7680 7661 7678 7659 7661 7680 7661 7663 7678 7678 7665 7676 7663 7665 7678 7676 7667 7674 7665 7667 7676 7674 7669 7672 7667 7669 7674 7672 7597 7609 7609 7597 7607 7669 7597 7672 7597 7594 7607 7607 7594 7605 7594 7592 7605 7605 7592 7603 7603 7590 7601 7592 7590 7603 7601 7589 7598 7590 7589 7601 7589 7588 7598 7598 7649 7653 7588 7649 7598 7649 7647 7653 7653 7647 7651 7651 7566 7611 7647 7566 7651 7611 7566 7612 7612 7569 7614 7566 7569 7612 7569 7571 7614 7614 7571 7616 7616 7573 7618 7571 7573 7616 7618 7575 7620 7573 7575 7618 7620 7577 7622 7575 7577 7620 7622 7579 7624 7577 7579 7622 7624 7581 7626 7579 7581 7624 7626 7583 7628 7581 7583 7626 7583 7585 7628 7628 7638 7637 7585 7638 7628 7637 7640 7635 7638 7640 7637 7635 7642 7633 7640 7642 7635 7633 7644 7631 7642 7644 7633 7631 7454 7565 7565 7454 7563 7644 7454 7631 7454 7457 7563 7563 7457 7561 7457 7459 7561 7561 7459 7559 7459 7461 7559 7559 7461 7557 7461 7463 7557 7557 7463 7555 7463 7465 7555 7555 7465 7553 7465 7467 7553 7553 7467 7551 7467 7469 7551 7551 7469 7549 7469 7471 7549 7549 7471 7547 7471 7473 7547 7547 7473 7545 7515 7510 7513 7517 7510 7515 7519 7510 7517 7521 7510 7519 7523 7510 7521 7525 7510 7523 7527 7510 7525 7529 7510 7527 7545 7475 7543 7473 7475 7545 7543 7477 7541 7475 7477 7543 7541 7479 7539 7477 7479 7541 7539 7481 7537 7479 7481 7539 7537 7483 7535 7481 7483 7537 7535 7485 7533 7483 7485 7535 7533 7487 7531 7485 7487 7533 7531 7489 7529 7487 7489 7531 7529 7491 7510 7510 7491 7509 7489 7491 7529 7491 7493 7509 7509 7505 7507 7493 7495 7509 7509 7503 7505 7495 7497 7509 7509 7501 7503 7497 7499 7509 7509 7499 7501 7698 7699 7700 7701 7700 7702 7701 7698 7700 7703 7702 7704 7703 7701 7702 7705 7704 7706 7705 7703 7704 7707 7706 7708 7707 7705 7706 7709 7708 7710 7709 7707 7708 7711 7710 7712 7711 7709 7710 7713 7712 7714 7713 7711 7712 7715 7714 7716 7715 7713 7714 7717 7716 7718 7717 7715 7716 7719 7717 7718 7719 7718 7720 7721 7719 7720 7721 7720 7722 7723 7721 7722 7723 7722 7724 7725 7724 7726 7725 7723 7724 7727 7725 7726 7727 7726 7728 7729 7728 7730 7729 7727 7728 7731 7730 7732 7731 7729 7730 7733 7732 7734 7733 7731 7732 7735 7734 7736 7735 7733 7734 7737 7736 7738 7737 7735 7736 7739 7738 7740 7739 7737 7738 7741 7740 7742 7741 7739 7740 7743 7742 7744 7743 7741 7742 7745 7744 7746 7745 7743 7744 7747 7746 7748 7747 7745 7746 7749 7748 7750 7749 7747 7748 7751 7750 7752 7751 7749 7750 7753 7751 7752 7754 7755 7756 7757 7756 7758 7757 7754 7756 7759 7758 7760 7759 7757 7758 7761 7760 7762 7761 7759 7760 7763 7762 7764 7763 7761 7762 7765 7764 7766 7765 7763 7764 7767 7766 7768 7767 7765 7766 7769 7768 7770 7769 7767 7768 7771 7770 7772 7771 7769 7770 7773 7772 7774 7773 7771 7772 7775 7773 7774 7775 7774 7776 7777 7775 7776 7777 7776 7778 7779 7777 7778 7779 7778 7780 7781 7780 7782 7781 7779 7780 7783 7781 7782 7783 7782 7784 7785 7784 7786 7785 7783 7784 7787 7786 7788 7787 7785 7786 7789 7788 7790 7789 7787 7788 7791 7790 7792 7791 7789 7790 7793 7792 7794 7793 7791 7792 7795 7794 7796 7795 7793 7794 7797 7796 7798 7797 7795 7796 7799 7798 7800 7799 7797 7798 7801 7800 7802 7801 7799 7800 7803 7802 7804 7803 7801 7802 7805 7804 7806 7805 7803 7804 7807 7806 7808 7807 7805 7806 7809 7807 7808 7810 7811 7812 7813 7812 7814 7813 7810 7812 7815 7814 7816 7815 7813 7814 7817 7816 7818 7817 7815 7816 7819 7818 7820 7819 7817 7818 7821 7820 7822 7821 7819 7820 7823 7822 7824 7823 7821 7822 7825 7824 7826 7825 7823 7824 7827 7826 7828 7827 7825 7826 7829 7827 7828 7830 7831 7832 7830 7833 7834 7830 7832 7833 7835 7834 7836 7835 7830 7834 7837 7836 7838 7837 7835 7836 7839 7837 7838 7840 7838 7841 7840 7839 7838 7842 7843 7844 7845 7844 7846 7845 7842 7844 7847 7846 7848 7847 7845 7846 7849 7848 7850 7849 7847 7848 7851 7850 7852 7851 7849 7850 7853 7851 7852 7854 7855 7856 7857 7856 7858 7857 7854 7856 7859 7858 7860 7859 7857 7858 7861 7860 7862 7861 7859 7860 7863 7862 7864 7863 7861 7862 7865 7864 7866 7865 7863 7864 7867 7866 7868 7867 7865 7866 7869 7868 7870 7869 7867 7868 7871 7870 7872 7871 7869 7870 7873 7871 7872 7808 7874 7809 7809 7874 7875 7875 7876 7877 7874 7876 7875 7877 7878 7879 7876 7878 7877 7879 7880 7881 7878 7880 7879 7881 7873 7872 7880 7873 7881 7828 7882 7829 7828 7883 7882 7883 7884 7882 7883 7885 7884 7885 7886 7884 7885 7887 7886 7887 7888 7886 7887 7889 7888 7889 7698 7888 7889 7699 7698 7890 7811 7810 7891 7890 7810 7892 7890 7891 7893 7892 7891 7831 7892 7893 7832 7831 7893 7854 7894 7855 7894 7895 7855 7894 7896 7895 7896 7897 7895 7896 7843 7897 7843 7842 7897 7752 7754 7753 7755 7754 7752 7172 7898 7144 7172 7899 7898 7899 7900 7898 7899 7901 7900 7901 7902 7900 7901 7903 7902 7903 7904 7902 7903 7905 7904 7905 7906 7904 7905 7907 7906 7907 7908 7906 7907 7909 7908 7909 7910 7908 7909 7911 7910 7911 7912 7910 7911 7913 7912 7913 7841 7912 7913 7840 7841 7411 7914 7414 7411 7915 7914 7411 7916 7915 7917 7918 7916 7917 7916 7411 7919 7917 7411 7920 7919 7411 7413 7920 7411 7921 7918 5989 7922 7918 7921 7923 7918 7922 6139 7918 7923 7917 5993 7918 7918 5993 5989 7917 7919 5993 7919 5994 5993 7919 7920 5994 7413 5995 7920 7920 5995 5994 7413 7419 5995 7419 7418 5995 7418 7417 5995 7417 5981 5995 7924 6132 7925 7925 6132 6129 7924 7926 6132 7927 7928 7926 7926 7928 6132 6132 7929 6134 7928 7929 6132 7929 7930 6134 7930 6136 6134 5981 7133 5980 5974 7931 5970 7932 7931 5797 7933 7931 7932 7934 7931 7933 5970 7931 7934 7133 7132 5980 5974 7935 7931 5979 7936 5974 5974 7936 7935 7132 7130 5980 5980 7937 5979 5979 7937 7936 7130 7129 5980 5980 7129 7937 7938 7931 7935 7126 7939 7940 7126 7940 7938 7126 7935 7936 7126 7936 7937 7126 7937 7129 7126 7938 7935 7128 7939 7126 7941 7942 7943 7144 7942 7941 7944 7945 7110 7943 7946 7947 7942 7946 7943 7944 7948 7945 7949 7950 7944 7944 7950 7948 7947 7951 7949 7946 7951 7947 7949 7951 7950 7952 7127 7953 7128 7127 7952 7110 7131 7944 7954 7131 7110 7955 7131 7954 7956 7131 7955 7953 7131 7956 7127 7131 7953 7944 7136 7949 7131 7136 7944 7136 7138 7949 7138 7947 7949 7138 7140 7947 7140 7943 7947 7140 7142 7943 7142 7941 7943 7142 7144 7941 7957 7958 7959 7957 7959 7960 7957 7960 7961 7962 7961 7945 7962 7945 7948 7962 7957 7961 7963 7948 7950 7963 7962 7948 7951 7963 7950 7852 7964 7853 7853 7964 7965 7965 7966 7967 7964 7966 7965 7967 7968 7969 7966 7968 7967 7969 7970 7971 7968 7970 7969 7971 7972 7973 7970 7972 7971 7973 7974 7975 7972 7974 7973 7975 7976 7977 7974 7976 7975 7977 6976 6845 7976 6976 7977 7958 7957 7978 7957 7979 7978 7957 7962 7979 7979 7963 7980 7962 7963 7979 7980 7951 7981 7963 7951 7980 7981 7946 7982 7951 7946 7981 7946 7983 7982 7946 7942 7983 7942 6845 7983 7942 7144 6845 6845 7898 7977 7144 7898 6845 7977 7900 7975 7898 7900 7977 7975 7902 7973 7900 7902 7975 7973 7904 7971 7902 7904 7973 7904 7906 7971 7971 7908 7969 7906 7908 7971 7969 7910 7967 7908 7910 7969 7967 7912 7965 7910 7912 7967 7965 7841 7853 7853 7841 7851 7912 7841 7965 7841 7838 7851 7851 7838 7849 7838 7836 7849 7849 7836 7847 7847 7834 7845 7836 7834 7847 7845 7833 7842 7834 7833 7845 7833 7832 7842 7842 7893 7897 7832 7893 7842 7893 7891 7897 7897 7891 7895 7895 7810 7855 7891 7810 7895 7855 7810 7856 7856 7813 7858 7810 7813 7856 7813 7815 7858 7858 7815 7860 7860 7817 7862 7815 7817 7860 7862 7819 7864 7817 7819 7862 7864 7821 7866 7819 7821 7864 7866 7823 7868 7821 7823 7866 7868 7825 7870 7823 7825 7868 7870 7827 7872 7825 7827 7870 7827 7829 7872 7872 7882 7881 7829 7882 7872 7881 7884 7879 7882 7884 7881 7879 7886 7877 7884 7886 7879 7877 7888 7875 7886 7888 7877 7875 7698 7809 7809 7698 7807 7888 7698 7875 7698 7701 7807 7807 7701 7805 7701 7703 7805 7805 7703 7803 7703 7705 7803 7803 7705 7801 7705 7707 7801 7801 7707 7799 7707 7709 7799 7799 7709 7797 7709 7711 7797 7797 7711 7795 7711 7713 7795 7795 7713 7793 7713 7715 7793 7793 7715 7791 7715 7717 7791 7791 7717 7789 7759 7754 7757 7761 7754 7759 7763 7754 7761 7765 7754 7763 7767 7754 7765 7769 7754 7767 7771 7754 7769 7773 7754 7771 7789 7719 7787 7717 7719 7789 7787 7721 7785 7719 7721 7787 7785 7723 7783 7721 7723 7785 7783 7725 7781 7723 7725 7783 7781 7727 7779 7725 7727 7781 7779 7729 7777 7727 7729 7779 7777 7731 7775 7729 7731 7777 7775 7733 7773 7731 7733 7775 7773 7735 7754 7754 7735 7753 7733 7735 7773 7735 7737 7753 7753 7749 7751 7737 7739 7753 7753 7747 7749 7739 7741 7753 7753 7745 7747 7741 7743 7753 7753 7743 7745 7159 6583 6961 7160 6961 6964 7160 7159 6961 7163 6964 6965 7163 7160 6964 7164 6965 6968 7164 7163 6965 7167 6968 6969 7167 7164 6968 7169 6969 6971 7169 7167 6969 7171 6971 6973 7171 7169 6971 7172 6973 6976 7172 7171 6973 7899 6976 7976 7899 7172 6976 7901 7976 7974 7901 7899 7976 7903 7974 7972 7903 7901 7974 7905 7903 7972 7907 7972 7970 7907 7905 7972 7909 7970 7968 7909 7907 7970 7911 7968 7966 7911 7909 7968 7913 7966 7964 7913 7911 7966 7840 7964 7852 7840 7913 7964 7839 7840 7852 7839 7852 7850 7837 7839 7850 7837 7850 7848 7835 7848 7846 7835 7837 7848 7830 7846 7844 7830 7835 7846 7831 7830 7844 7831 7844 7843 7831 7843 7896 7892 7831 7896 7892 7896 7894 7890 7892 7894 7890 7894 7854 7811 7890 7854 7812 7854 7857 7812 7811 7854 7814 7857 7859 7814 7812 7857 7816 7859 7861 7816 7814 7859 7818 7861 7863 7818 7816 7861 7820 7818 7863 7820 7863 7865 7822 7865 7867 7822 7820 7865 7824 7822 7867 7824 7867 7869 7826 7824 7869 7826 7869 7871 7828 7826 7871 7828 7871 7873 7883 7873 7880 7883 7828 7873 7885 7880 7878 7885 7883 7880 7887 7878 7876 7887 7885 7878 7889 7876 7874 7889 7887 7876 7699 7874 7808 7699 7889 7874 7700 7699 7808 7700 7808 7806 7702 7700 7806 7702 7806 7804 7704 7702 7804 7704 7804 7802 7706 7802 7800 7706 7704 7802 7708 7706 7800 7708 7800 7798 7710 7708 7798 7710 7798 7796 7712 7710 7796 7712 7796 7794 7714 7712 7794 7714 7794 7792 7716 7714 7792 7716 7792 7790 7718 7790 7788 7718 7716 7790 7755 7772 7770 7755 7770 7768 7755 7768 7766 7755 7766 7764 7755 7764 7762 7755 7762 7760 7755 7760 7758 7755 7758 7756 7720 7788 7786 7720 7718 7788 7722 7786 7784 7722 7720 7786 7724 7784 7782 7724 7722 7784 7726 7782 7780 7726 7724 7782 7728 7780 7778 7728 7726 7780 7730 7778 7776 7730 7728 7778 7732 7776 7774 7732 7730 7776 7734 7774 7772 7734 7732 7774 7752 7772 7755 7752 7734 7772 7736 7734 7752 7738 7736 7752 7748 7752 7750 7740 7738 7752 7746 7752 7748 7742 7740 7752 7744 7752 7746 7744 7742 7752 5793 7931 5794 5795 7931 5793 5796 7931 5795 5797 7931 5796 7984 7985 7931 7931 7985 5794 7984 7986 7985 7986 7987 7985 7986 7988 7987 7953 7989 7988 7988 7989 7987 7953 7956 7989 7956 7955 7989 7955 7954 7989 7954 7110 7989 7952 7939 7128 7952 7940 7939 7952 7938 7940 7984 7931 7938 7984 7938 7952 7986 7984 7952 7988 7986 7952 7953 7988 7952 7945 7990 7110 7945 7991 7990 7991 7992 7990 7991 7993 7992 7993 7994 7992 7993 7981 7994 7981 7995 7994 7981 7982 7995 7982 7996 7995 7982 7983 7996 7983 7997 7996 7983 6845 7997 7978 7959 7958 7978 7960 7959 7961 7960 7978 7979 7945 7961 7979 7961 7978 7991 7945 7979 7980 7991 7979 7993 7991 7980 7981 7993 7980 7106 7094 6818 7106 7109 7094 7116 7095 7109 7114 7095 7116 7111 7095 7114 7109 7095 7094 7110 7990 7111 7111 7990 7095 7990 7992 7095 7992 7097 7095 7992 7994 7097 7994 7099 7097 7994 7995 7099 7995 7101 7099 7995 7996 7101 7996 7103 7101 7996 7997 7103 7997 6845 7103 7998 7999 8000 8001 8000 8002 8001 7998 8000 8003 8002 8004 8003 8001 8002 8005 8004 8006 8005 8003 8004 8007 8006 8008 8007 8005 8006 8009 8008 8010 8009 8007 8008 8011 8010 8012 8011 8009 8010 8013 8012 8014 8013 8011 8012 8015 8014 8016 8015 8013 8014 8017 8016 8018 8017 8015 8016 8019 8017 8018 8019 8018 8020 8021 8019 8020 8021 8020 8022 8023 8021 8022 8023 8022 8024 8025 8024 8026 8025 8023 8024 8027 8025 8026 8027 8026 8028 8029 8028 8030 8029 8027 8028 8031 8030 8032 8031 8029 8030 8033 8032 8034 8033 8031 8032 8035 8034 8036 8035 8033 8034 8037 8036 8038 8037 8035 8036 8039 8038 8040 8039 8037 8038 8041 8040 8042 8041 8039 8040 8043 8042 8044 8043 8041 8042 8045 8044 8046 8045 8043 8044 8047 8046 8048 8047 8045 8046 8049 8048 8050 8049 8047 8048 8051 8050 8052 8051 8049 8050 8053 8051 8052 8054 8055 8056 8057 8056 8058 8057 8054 8056 8059 8058 8060 8059 8057 8058 8061 8060 8062 8061 8059 8060 8063 8062 8064 8063 8061 8062 8065 8064 8066 8065 8063 8064 8067 8066 8068 8067 8065 8066 8069 8068 8070 8069 8067 8068 8071 8070 8072 8071 8069 8070 8073 8072 8074 8073 8071 8072 8075 8073 8074 8075 8074 8076 8077 8075 8076 8077 8076 8078 8079 8077 8078 8079 8078 8080 8081 8080 8082 8081 8079 8080 8083 8081 8082 8083 8082 8084 8085 8084 8086 8085 8083 8084 8087 8086 8088 8087 8085 8086 8089 8088 8090 8089 8087 8088 8091 8090 8092 8091 8089 8090 8093 8092 8094 8093 8091 8092 8095 8094 8096 8095 8093 8094 8097 8096 8098 8097 8095 8096 8099 8098 8100 8099 8097 8098 8101 8100 8102 8101 8099 8100 8103 8102 8104 8103 8101 8102 8105 8104 8106 8105 8103 8104 8107 8106 8108 8107 8105 8106 8109 8107 8108 8110 8111 8112 8113 8112 8114 8113 8110 8112 8115 8114 8116 8115 8113 8114 8117 8116 8118 8117 8115 8116 8119 8118 8120 8119 8117 8118 8121 8120 8122 8121 8119 8120 8123 8122 8124 8123 8121 8122 8125 8124 8126 8125 8123 8124 8127 8126 8128 8127 8125 8126 8129 8127 8128 8130 8131 8132 8130 8133 8134 8130 8132 8133 8135 8134 8136 8135 8130 8134 8137 8136 8138 8137 8135 8136 8139 8137 8138 8140 8138 8141 8140 8139 8138 8142 8143 8144 8145 8144 8146 8145 8142 8144 8147 8146 8148 8147 8145 8146 8149 8148 8150 8149 8147 8148 8151 8150 8152 8151 8149 8150 8153 8151 8152 8154 8155 8156 8157 8156 8158 8157 8154 8156 8159 8158 8160 8159 8157 8158 8161 8160 8162 8161 8159 8160 8163 8162 8164 8163 8161 8162 8165 8164 8166 8165 8163 8164 8167 8166 8168 8167 8165 8166 8169 8168 8170 8169 8167 8168 8171 8170 8172 8171 8169 8170 8173 8171 8172 8108 8174 8109 8109 8174 8175 8175 8176 8177 8174 8176 8175 8177 8178 8179 8176 8178 8177 8179 8180 8181 8178 8180 8179 8181 8173 8172 8180 8173 8181 8128 8182 8129 8128 8183 8182 8183 8184 8182 8183 8185 8184 8185 8186 8184 8185 8187 8186 8187 8188 8186 8187 8189 8188 8189 7998 8188 8189 7999 7998 8190 8111 8110 8191 8190 8110 8192 8190 8191 8193 8192 8191 8131 8192 8193 8132 8131 8193 8154 8194 8155 8194 8195 8155 8194 8196 8195 8196 8197 8195 8196 8143 8197 8143 8142 8197 8052 8054 8053 8055 8054 8052 6975 8198 6802 6975 8199 8198 8199 8200 8198 8199 8201 8200 8201 8202 8200 8201 8203 8202 8203 8204 8202 8203 8205 8204 8205 8206 8204 8205 8207 8206 8207 8208 8206 8207 8209 8208 8209 8210 8208 8209 8211 8210 8211 8212 8210 8211 8213 8212 8213 8141 8212 8213 8140 8141 5636 8214 5637 5636 5635 8214 5635 5633 8214 8215 5642 5641 8214 5643 8215 8215 5643 5642 5633 5644 8214 8214 5644 5643 5633 5631 5644 5630 6791 5629 5623 8216 5619 8217 8216 5429 8218 8216 8217 8219 8216 8218 5619 8216 8219 6791 6790 5629 5623 8220 8216 5628 8221 5623 5623 8221 8220 6790 6788 5629 5629 8222 5628 5628 8222 8221 6788 6787 5629 5629 6787 8222 8223 8216 8220 6784 8224 8225 6784 8225 8223 6784 8220 8221 6784 8221 8222 6784 8222 6787 6784 8223 8220 6786 8224 6784 8226 8227 8228 6802 8227 8226 8229 8230 6732 8228 8231 8232 8227 8231 8228 8229 8233 8230 8234 8235 8229 8229 8235 8233 8232 8236 8234 8231 8236 8232 8234 8236 8235 8237 8238 8239 8237 8239 8240 8237 8240 8241 8242 8241 8230 8242 8230 8233 8242 8237 8241 8243 8233 8235 8243 8242 8233 8236 8243 8235 8244 6785 8245 6786 6785 8244 6732 6789 8229 8246 6789 6732 8247 6789 8246 8248 6789 8247 8245 6789 8248 6785 6789 8245 8229 6794 8234 6789 6794 8229 6794 6796 8234 6796 8232 8234 6796 6798 8232 6798 8228 8232 6798 6800 8228 6800 8226 8228 6800 6802 8226 8152 8249 8153 8153 8249 8250 8250 8251 8252 8249 8251 8250 8252 8253 8254 8251 8253 8252 8254 8255 8256 8253 8255 8254 8256 8257 8258 8255 8257 8256 8258 8259 8260 8257 8259 8258 8260 8261 8262 8259 8261 8260 8262 6598 6466 8261 6598 8262 6962 6583 6582 6963 6582 6586 6963 6962 6582 6966 6586 6587 6966 6963 6586 6967 6587 6590 6967 6966 6587 6970 6590 6591 6970 6967 6590 6972 6591 6593 6972 6970 6591 6974 6593 6595 6974 6972 6593 6975 6595 6598 6975 6974 6595 8199 6598 8261 8199 6975 6598 8201 8261 8259 8201 8199 8261 8203 8259 8257 8203 8201 8259 8205 8203 8257 8207 8257 8255 8207 8205 8257 8209 8255 8253 8209 8207 8255 8211 8253 8251 8211 8209 8253 8213 8251 8249 8213 8211 8251 8140 8249 8152 8140 8213 8249 8139 8140 8152 8139 8152 8150 8137 8139 8150 8137 8150 8148 8135 8148 8146 8135 8137 8148 8130 8146 8144 8130 8135 8146 8131 8130 8144 8131 8144 8143 8131 8143 8196 8192 8131 8196 8192 8196 8194 8190 8192 8194 8190 8194 8154 8111 8190 8154 8112 8154 8157 8112 8111 8154 8114 8157 8159 8114 8112 8157 8116 8159 8161 8116 8114 8159 8118 8161 8163 8118 8116 8161 8120 8118 8163 8120 8163 8165 8122 8165 8167 8122 8120 8165 8124 8122 8167 8124 8167 8169 8126 8124 8169 8126 8169 8171 8128 8126 8171 8128 8171 8173 8183 8173 8180 8183 8128 8173 8185 8180 8178 8185 8183 8180 8187 8178 8176 8187 8185 8178 8189 8176 8174 8189 8187 8176 7999 8174 8108 7999 8189 8174 8000 7999 8108 8000 8108 8106 8002 8000 8106 8002 8106 8104 8004 8002 8104 8004 8104 8102 8006 8102 8100 8006 8004 8102 8008 8006 8100 8008 8100 8098 8010 8008 8098 8010 8098 8096 8012 8010 8096 8012 8096 8094 8014 8012 8094 8014 8094 8092 8016 8014 8092 8016 8092 8090 8018 8090 8088 8018 8016 8090 8055 8072 8070 8055 8070 8068 8055 8068 8066 8055 8066 8064 8055 8064 8062 8055 8062 8060 8055 8060 8058 8055 8058 8056 8020 8088 8086 8020 8018 8088 8022 8086 8084 8022 8020 8086 8024 8084 8082 8024 8022 8084 8026 8082 8080 8026 8024 8082 8028 8080 8078 8028 8026 8080 8030 8078 8076 8030 8028 8078 8032 8076 8074 8032 8030 8076 8034 8074 8072 8034 8032 8074 8052 8072 8055 8052 8034 8072 8036 8034 8052 8038 8036 8052 8048 8052 8050 8040 8038 8052 8046 8052 8048 8042 8040 8052 8044 8052 8046 8044 8042 8052 8238 8237 8263 8263 8242 8264 8237 8242 8263 8264 8243 8265 8242 8243 8264 8265 8236 8266 8243 8236 8265 8266 8231 8267 8236 8231 8266 8267 8227 8268 8231 8227 8267 8268 6802 6466 8227 6802 8268 6466 8198 8262 6802 8198 6466 8262 8200 8260 8198 8200 8262 8260 8202 8258 8200 8202 8260 8258 8204 8256 8202 8204 8258 8204 8206 8256 8256 8208 8254 8206 8208 8256 8254 8210 8252 8208 8210 8254 8252 8212 8250 8210 8212 8252 8250 8141 8153 8153 8141 8151 8212 8141 8250 8141 8138 8151 8151 8138 8149 8138 8136 8149 8149 8136 8147 8147 8134 8145 8136 8134 8147 8145 8133 8142 8134 8133 8145 8133 8132 8142 8142 8193 8197 8132 8193 8142 8193 8191 8197 8197 8191 8195 8195 8110 8155 8191 8110 8195 8155 8110 8156 8156 8113 8158 8110 8113 8156 8113 8115 8158 8158 8115 8160 8160 8117 8162 8115 8117 8160 8162 8119 8164 8117 8119 8162 8164 8121 8166 8119 8121 8164 8166 8123 8168 8121 8123 8166 8168 8125 8170 8123 8125 8168 8170 8127 8172 8125 8127 8170 8127 8129 8172 8172 8182 8181 8129 8182 8172 8181 8184 8179 8182 8184 8181 8179 8186 8177 8184 8186 8179 8177 8188 8175 8186 8188 8177 8175 7998 8109 8109 7998 8107 8188 7998 8175 7998 8001 8107 8107 8001 8105 8001 8003 8105 8105 8003 8103 8003 8005 8103 8103 8005 8101 8005 8007 8101 8101 8007 8099 8007 8009 8099 8099 8009 8097 8009 8011 8097 8097 8011 8095 8011 8013 8095 8095 8013 8093 8013 8015 8093 8093 8015 8091 8015 8017 8091 8091 8017 8089 8059 8054 8057 8061 8054 8059 8063 8054 8061 8065 8054 8063 8067 8054 8065 8069 8054 8067 8071 8054 8069 8073 8054 8071 8089 8019 8087 8017 8019 8089 8087 8021 8085 8019 8021 8087 8085 8023 8083 8021 8023 8085 8083 8025 8081 8023 8025 8083 8081 8027 8079 8025 8027 8081 8079 8029 8077 8027 8029 8079 8077 8031 8075 8029 8031 8077 8075 8033 8073 8031 8033 8075 8073 8035 8054 8054 8035 8053 8033 8035 8073 8035 8037 8053 8053 8049 8051 8037 8039 8053 8053 8047 8049 8039 8041 8053 8053 8045 8047 8041 8043 8053 8053 8043 8045 5647 8269 5645 5645 8269 5646 5647 5648 8269 5622 5621 5648 5648 5621 8269 8269 5620 8270 5621 5620 8269 5620 5618 8270 5618 5617 8270 5425 8216 5426 5427 8216 5425 5428 8216 5427 5429 8216 5428 8271 8272 8216 8216 8272 5426 8271 8273 8272 8273 8274 8272 8273 8275 8274 8245 8276 8275 8275 8276 8274 8245 8248 8276 8248 8247 8276 8247 8246 8276 8246 6732 8276 8244 8224 6786 8244 8225 8224 8244 8223 8225 8271 8216 8223 8271 8223 8244 8273 8271 8244 8275 8273 8244 8245 8275 8244 8230 8277 6732 8230 8278 8277 8278 8279 8277 8278 8280 8279 8280 8281 8279 8280 8266 8281 8266 8282 8281 8266 8267 8282 8267 8283 8282 8267 8268 8283 8268 8284 8283 8268 6466 8284 8263 8239 8238 8263 8240 8239 8241 8240 8263 8264 8230 8241 8264 8241 8263 8278 8230 8264 8265 8278 8264 8280 8278 8265 8266 8280 8265 6728 6714 6419 6728 6731 6714 6738 6715 6731 6736 6715 6738 6733 6715 6736 6731 6715 6714 6732 8277 6733 6733 8277 6715 8277 8279 6715 8279 6717 6715 8279 8281 6717 8281 6719 6717 8281 8282 6719 8282 6721 6719 8282 8283 6721 8283 6723 6721 8283 8284 6723 8284 6466 6723 8285 8286 8287 8288 8287 8289 8288 8285 8287 8290 8289 8291 8290 8288 8289 8292 8291 8293 8292 8290 8291 8294 8293 8295 8294 8292 8293 8296 8295 8297 8296 8294 8295 8298 8297 8299 8298 8296 8297 8300 8299 8301 8300 8298 8299 8302 8301 8303 8302 8300 8301 8304 8303 8305 8304 8302 8303 8306 8304 8305 8306 8305 8307 8308 8306 8307 8308 8307 8309 8310 8308 8309 8310 8309 8311 8312 8311 8313 8312 8310 8311 8314 8312 8313 8314 8313 8315 8316 8315 8317 8316 8314 8315 8318 8317 8319 8318 8316 8317 8320 8319 8321 8320 8318 8319 8322 8321 8323 8322 8320 8321 8324 8323 8325 8324 8322 8323 8326 8325 8327 8326 8324 8325 8328 8327 8329 8328 8326 8327 8330 8329 8331 8330 8328 8329 8332 8331 8333 8332 8330 8331 8334 8333 8335 8334 8332 8333 8336 8335 8337 8336 8334 8335 8338 8337 8339 8338 8336 8337 8340 8338 8339 8341 8342 8343 8344 8343 8345 8344 8341 8343 8346 8345 8347 8346 8344 8345 8348 8347 8349 8348 8346 8347 8350 8349 8351 8350 8348 8349 8352 8351 8353 8352 8350 8351 8354 8353 8355 8354 8352 8353 8356 8355 8357 8356 8354 8355 8358 8357 8359 8358 8356 8357 8360 8359 8361 8360 8358 8359 8362 8360 8361 8362 8361 8363 8364 8362 8363 8364 8363 8365 8366 8364 8365 8366 8365 8367 8368 8367 8369 8368 8366 8367 8370 8368 8369 8370 8369 8371 8372 8371 8373 8372 8370 8371 8374 8373 8375 8374 8372 8373 8376 8375 8377 8376 8374 8375 8378 8377 8379 8378 8376 8377 8380 8379 8381 8380 8378 8379 8382 8381 8383 8382 8380 8381 8384 8383 8385 8384 8382 8383 8386 8385 8387 8386 8384 8385 8388 8387 8389 8388 8386 8387 8390 8389 8391 8390 8388 8389 8392 8391 8393 8392 8390 8391 8394 8393 8395 8394 8392 8393 8396 8394 8395 8397 8398 8399 8400 8399 8401 8400 8397 8399 8402 8401 8403 8402 8400 8401 8404 8403 8405 8404 8402 8403 8406 8405 8407 8406 8404 8405 8408 8407 8409 8408 8406 8407 8410 8409 8411 8410 8408 8409 8412 8411 8413 8412 8410 8411 8414 8413 8415 8414 8412 8413 8416 8414 8415 8417 8418 8419 8417 8420 8421 8417 8419 8420 8422 8421 8423 8422 8417 8421 8424 8423 8425 8424 8422 8423 8426 8424 8425 8427 8425 8428 8427 8426 8425 8429 8430 8431 8432 8431 8433 8432 8429 8431 8434 8433 8435 8434 8432 8433 8436 8435 8437 8436 8434 8435 8438 8437 8439 8438 8436 8437 8440 8438 8439 8441 8442 8443 8444 8443 8445 8444 8441 8443 8446 8445 8447 8446 8444 8445 8448 8447 8449 8448 8446 8447 8450 8449 8451 8450 8448 8449 8452 8451 8453 8452 8450 8451 8454 8453 8455 8454 8452 8453 8456 8455 8457 8456 8454 8455 8458 8457 8459 8458 8456 8457 8460 8458 8459 8395 8461 8396 8396 8461 8462 8462 8463 8464 8461 8463 8462 8464 8465 8466 8463 8465 8464 8466 8467 8468 8465 8467 8466 8468 8460 8459 8467 8460 8468 8415 8469 8416 8415 8470 8469 8470 8471 8469 8470 8472 8471 8472 8473 8471 8472 8474 8473 8474 8475 8473 8474 8476 8475 8476 8285 8475 8476 8286 8285 8477 8398 8397 8478 8477 8397 8479 8477 8478 8480 8479 8478 8418 8479 8480 8419 8418 8480 8441 8481 8442 8481 8482 8442 8481 8483 8482 8483 8484 8482 8483 8430 8484 8430 8429 8484 8339 8341 8340 8342 8341 8339 6597 8485 6371 6597 8486 8485 8486 8487 8485 8486 8488 8487 8488 8489 8487 8488 8490 8489 8490 8491 8489 8490 8492 8491 8492 8493 8491 8492 8494 8493 8494 8495 8493 8494 8496 8495 8496 8497 8495 8496 8498 8497 8498 8499 8497 8498 8500 8499 8500 8428 8499 8500 8427 8428 8501 6133 6135 8501 8502 6133 8502 8503 6133 6131 8504 6130 6133 8505 6131 6131 8505 8504 8503 8506 6133 6133 8506 8505 8503 8507 8506 6349 6348 6453 6348 6346 6453 6346 6345 6453 6453 6343 6452 6345 6343 6453 6340 6319 6343 6320 6319 6340 6343 6319 6452 6452 6323 6458 6458 6323 6451 6319 6323 6452 6323 6326 6451 8508 8509 8510 8511 8509 8508 8512 6764 6326 8510 8513 8514 8509 8513 8510 8512 8515 6764 8516 8517 8512 8512 8517 8515 8514 8518 8516 8513 8518 8514 8516 8518 8517 8439 8519 8440 8440 8519 8520 8520 8521 8522 8519 8521 8520 8522 8523 8524 8521 8523 8522 8524 8525 8526 8523 8525 8524 8526 8527 8528 8525 8527 8526 8528 8529 8530 8527 8529 8528 8530 8531 8532 8529 8531 8530 8532 8533 8511 8531 8533 8532 8534 6760 6759 8534 6759 6761 8534 6761 6762 8534 6762 6764 8515 8534 6764 8535 8534 8515 8517 8535 8515 8536 8535 8517 8518 8536 8517 6584 6583 8537 8538 6584 8537 6585 6584 8538 8539 6585 8538 6588 6585 8539 8540 6588 8539 6589 6588 8540 8541 6589 8540 6592 6589 8541 8542 6592 8541 6594 6592 8542 8543 6594 8542 6596 6594 8543 8533 6596 8543 6597 6596 8533 8486 8533 8531 8486 6597 8533 8488 8531 8529 8488 8486 8531 8490 8529 8527 8490 8488 8529 8492 8490 8527 8494 8527 8525 8494 8492 8527 8496 8525 8523 8496 8494 8525 8498 8523 8521 8498 8496 8523 8500 8521 8519 8500 8498 8521 8427 8519 8439 8427 8500 8519 8426 8427 8439 8426 8439 8437 8424 8426 8437 8424 8437 8435 8422 8435 8433 8422 8424 8435 8417 8433 8431 8417 8422 8433 8418 8431 8430 8418 8417 8431 8418 8430 8483 8479 8418 8483 8479 8483 8481 8477 8481 8441 8477 8479 8481 8398 8477 8441 8399 8441 8444 8399 8398 8441 8401 8444 8446 8401 8399 8444 8403 8446 8448 8403 8401 8446 8405 8448 8450 8405 8403 8448 8407 8450 8452 8407 8405 8450 8409 8452 8454 8409 8407 8452 8411 8454 8456 8411 8409 8454 8413 8456 8458 8413 8411 8456 8415 8458 8460 8415 8413 8458 8470 8460 8467 8470 8415 8460 8472 8467 8465 8472 8470 8467 8474 8465 8463 8474 8472 8465 8476 8463 8461 8476 8474 8463 8286 8461 8395 8286 8476 8461 8287 8286 8395 8287 8395 8393 8289 8287 8393 8289 8393 8391 8291 8289 8391 8291 8391 8389 8293 8389 8387 8293 8291 8389 8295 8293 8387 8295 8387 8385 8297 8295 8385 8297 8385 8383 8299 8297 8383 8299 8383 8381 8301 8299 8381 8301 8381 8379 8303 8301 8379 8303 8379 8377 8305 8303 8377 8305 8377 8375 8342 8359 8357 8342 8357 8355 8342 8355 8353 8342 8353 8351 8342 8351 8349 8342 8349 8347 8342 8347 8345 8342 8345 8343 8307 8305 8375 8307 8375 8373 8309 8373 8371 8309 8307 8373 8311 8371 8369 8311 8309 8371 8313 8369 8367 8313 8311 8369 8315 8313 8367 8315 8367 8365 8317 8365 8363 8317 8315 8365 8319 8363 8361 8319 8317 8363 8321 8361 8359 8321 8319 8361 8339 8359 8342 8339 8321 8359 8323 8321 8339 8325 8323 8339 8335 8339 8337 8327 8325 8339 8333 8339 8335 8329 8327 8339 8331 8339 8333 8331 8329 8339 6318 8544 6337 6337 8544 6333 6336 8545 6326 6335 8545 6336 6334 8545 6335 6333 8545 6334 6326 8545 8512 8544 8545 6333 8512 8546 8516 8545 8546 8512 8546 8547 8516 8547 8514 8516 8547 8548 8514 8548 8510 8514 8548 8549 8510 8549 8508 8510 8549 8511 8508 6380 8550 6381 6380 6385 8550 6385 8551 8550 6385 6386 8551 6386 8552 8551 8552 6379 8553 6386 6379 8552 6379 8554 8553 6379 6374 8554 6374 8555 8554 6374 6369 8555 6369 8511 8555 6369 6371 8511 8511 8485 8532 6371 8485 8511 8532 8487 8530 8485 8487 8532 8530 8489 8528 8487 8489 8530 8528 8491 8526 8489 8491 8528 8491 8493 8526 8526 8495 8524 8493 8495 8526 8524 8497 8522 8495 8497 8524 8522 8499 8520 8497 8499 8522 8520 8428 8440 8440 8428 8438 8499 8428 8520 8428 8425 8438 8438 8425 8436 8425 8423 8436 8436 8423 8434 8423 8421 8434 8434 8421 8432 8432 8420 8429 8421 8420 8432 8420 8419 8429 8429 8480 8484 8419 8480 8429 8480 8478 8484 8484 8478 8482 8482 8397 8442 8478 8397 8482 8442 8397 8443 8443 8400 8445 8397 8400 8443 8400 8402 8445 8445 8402 8447 8402 8404 8447 8447 8404 8449 8449 8406 8451 8404 8406 8449 8451 8408 8453 8406 8408 8451 8453 8410 8455 8408 8410 8453 8455 8412 8457 8410 8412 8455 8457 8414 8459 8412 8414 8457 8414 8416 8459 8459 8469 8468 8416 8469 8459 8468 8471 8466 8469 8471 8468 8466 8473 8464 8471 8473 8466 8464 8475 8462 8473 8475 8464 8462 8285 8396 8396 8285 8394 8475 8285 8462 8285 8288 8394 8394 8288 8392 8288 8290 8392 8392 8290 8390 8290 8292 8390 8390 8292 8388 8292 8294 8388 8388 8294 8386 8294 8296 8386 8386 8296 8384 8296 8298 8384 8384 8298 8382 8298 8300 8382 8382 8300 8380 8300 8302 8380 8380 8302 8378 8302 8304 8378 8378 8304 8376 8346 8341 8344 8348 8341 8346 8350 8341 8348 8352 8341 8350 8354 8341 8352 8356 8341 8354 8358 8341 8356 8360 8341 8358 8376 8306 8374 8304 8306 8376 8374 8308 8372 8306 8308 8374 8372 8310 8370 8308 8310 8372 8370 8312 8368 8310 8312 8370 8368 8314 8366 8312 8314 8368 8366 8316 8364 8314 8316 8366 8364 8318 8362 8316 8318 8364 8362 8320 8360 8318 8320 8362 8360 8322 8341 8341 8322 8340 8320 8322 8360 8322 8324 8340 8340 8336 8338 8324 8326 8340 8340 8334 8336 8326 8328 8340 8340 8332 8334 8328 8330 8340 8340 8330 8332 7925 6129 6128 7924 7925 6128 7926 7924 6128 7927 7926 6128 8507 8556 6126 6126 8556 6127 8503 6145 8507 8502 6145 8503 8501 6145 8502 6135 6145 8501 8507 6747 8556 6145 6747 8507 6747 8557 8556 6747 6749 8557 6749 6752 8557 6752 6756 8557 6126 6130 8504 6126 8504 8505 6126 8505 8506 6126 8506 8507 8558 8559 8560 8561 8560 8562 8561 8558 8560 8563 8562 8564 8563 8561 8562 8565 8564 8566 8565 8563 8564 8567 8566 8568 8567 8565 8566 8569 8568 8570 8569 8567 8568 8571 8570 8572 8571 8569 8570 8573 8572 8574 8573 8571 8572 8575 8574 8576 8575 8573 8574 8577 8576 8578 8577 8575 8576 8579 8577 8578 8579 8578 8580 8581 8579 8580 8581 8580 8582 8583 8581 8582 8583 8582 8584 8585 8584 8586 8585 8583 8584 8587 8585 8586 8587 8586 8588 8589 8588 8590 8589 8587 8588 8591 8590 8592 8591 8589 8590 8593 8592 8594 8593 8591 8592 8595 8594 8596 8595 8593 8594 8597 8596 8598 8597 8595 8596 8599 8598 8600 8599 8597 8598 8601 8600 8602 8601 8599 8600 8603 8602 8604 8603 8601 8602 8605 8604 8606 8605 8603 8604 8607 8606 8608 8607 8605 8606 8609 8608 8610 8609 8607 8608 8611 8610 8612 8611 8609 8610 8613 8611 8612 8614 8615 8616 8617 8616 8618 8617 8614 8616 8619 8618 8620 8619 8617 8618 8621 8620 8622 8621 8619 8620 8623 8622 8624 8623 8621 8622 8625 8624 8626 8625 8623 8624 8627 8626 8628 8627 8625 8626 8629 8628 8630 8629 8627 8628 8631 8630 8632 8631 8629 8630 8633 8632 8634 8633 8631 8632 8635 8633 8634 8635 8634 8636 8637 8635 8636 8637 8636 8638 8639 8637 8638 8639 8638 8640 8641 8640 8642 8641 8639 8640 8643 8641 8642 8643 8642 8644 8645 8644 8646 8645 8643 8644 8647 8646 8648 8647 8645 8646 8649 8648 8650 8649 8647 8648 8651 8650 8652 8651 8649 8650 8653 8652 8654 8653 8651 8652 8655 8654 8656 8655 8653 8654 8657 8656 8658 8657 8655 8656 8659 8658 8660 8659 8657 8658 8661 8660 8662 8661 8659 8660 8663 8662 8664 8663 8661 8662 8665 8664 8666 8665 8663 8664 8667 8666 8668 8667 8665 8666 8669 8667 8668 8670 8671 8672 8673 8672 8674 8673 8670 8672 8675 8674 8676 8675 8673 8674 8677 8676 8678 8677 8675 8676 8679 8678 8680 8679 8677 8678 8681 8680 8682 8681 8679 8680 8683 8682 8684 8683 8681 8682 8685 8684 8686 8685 8683 8684 8687 8686 8688 8687 8685 8686 8689 8687 8688 8690 8691 8692 8690 8693 8694 8690 8692 8693 8695 8694 8696 8695 8690 8694 8697 8696 8698 8697 8695 8696 8699 8697 8698 8700 8698 8701 8700 8699 8698 8702 8703 8704 8705 8704 8706 8705 8702 8704 8707 8706 8708 8707 8705 8706 8709 8708 8710 8709 8707 8708 8711 8710 8712 8711 8709 8710 8713 8711 8712 8714 8715 8716 8717 8716 8718 8717 8714 8716 8719 8718 8720 8719 8717 8718 8721 8720 8722 8721 8719 8720 8723 8722 8724 8723 8721 8722 8725 8724 8726 8725 8723 8724 8727 8726 8728 8727 8725 8726 8729 8728 8730 8729 8727 8728 8731 8730 8732 8731 8729 8730 8733 8731 8732 8668 8734 8669 8669 8734 8735 8735 8736 8737 8734 8736 8735 8737 8738 8739 8736 8738 8737 8739 8740 8741 8738 8740 8739 8741 8733 8732 8740 8733 8741 8688 8742 8689 8688 8743 8742 8743 8744 8742 8743 8745 8744 8745 8746 8744 8745 8747 8746 8747 8748 8746 8747 8749 8748 8749 8558 8748 8749 8559 8558 8750 8671 8670 8751 8750 8670 8752 8750 8751 8753 8752 8751 8691 8752 8753 8692 8691 8753 8714 8754 8715 8754 8755 8715 8754 8756 8755 8756 8757 8755 8756 8703 8757 8703 8702 8757 8612 8614 8613 8615 8614 8612 6001 8758 8759 6151 8758 6001 8758 8760 8759 8758 8761 8760 8761 8762 8760 8761 8763 8762 8763 8764 8762 8763 8765 8764 8765 8766 8764 8765 8767 8766 8767 8768 8766 8767 8769 8768 8769 8770 8768 8769 8771 8770 8771 8772 8770 8771 8773 8772 8773 8774 8772 8773 8775 8774 8775 8776 8774 8775 8777 8776 8777 8778 8776 8777 8779 8778 8779 8780 8778 8779 8781 8780 8781 8701 8780 8781 8700 8701 8782 8783 8784 8785 8783 8782 8786 8783 8785 8784 8783 5966 8786 8787 8783 8787 8788 8783 8787 8789 8788 8789 6001 8788 5999 5996 8786 5996 8787 8786 5996 5998 8787 5998 8789 8787 5998 6001 8789 8790 8791 5937 8792 8793 8790 8790 8793 8791 8792 8794 8793 8792 6001 8794 5937 8783 8790 5966 8783 5946 5956 8783 5937 5954 8783 5956 5946 8783 5954 8790 8788 8792 8783 8788 8790 8788 6001 8792 8712 8795 8713 8713 8795 8796 8795 8797 8796 8795 8798 8797 8798 8799 8797 8798 8800 8799 8800 8801 8799 8800 8802 8801 8802 8803 8801 8803 8804 8805 8802 8804 8803 8805 8806 8807 8804 8806 8805 8807 8808 8809 8806 8808 8807 8809 8810 8811 8808 8810 8809 8811 8812 8813 8810 8812 8811 8813 8814 8815 8812 8814 8813 8815 8816 5651 5651 8816 5801 8814 8816 8815 8817 8793 8818 8791 8793 8817 8793 8794 8818 8794 5651 8818 8794 6001 5651 5651 8759 8815 6001 8759 5651 8815 8760 8813 8759 8760 8815 8813 8762 8811 8760 8762 8813 8811 8764 8809 8762 8764 8811 8809 8766 8807 8764 8766 8809 8807 8768 8805 8766 8768 8807 8768 8770 8805 8805 8772 8803 8770 8772 8805 8803 8774 8801 8772 8774 8803 8801 8776 8799 8774 8776 8801 8799 8778 8797 8776 8778 8799 8797 8780 8796 8778 8780 8797 8780 8701 8796 8713 8701 8711 8796 8701 8713 8711 8698 8709 8701 8698 8711 8709 8696 8707 8698 8696 8709 8707 8694 8705 8696 8694 8707 8705 8693 8702 8694 8693 8705 8693 8692 8702 8702 8753 8757 8692 8753 8702 8757 8751 8755 8755 8751 8715 8753 8751 8757 8715 8670 8716 8751 8670 8715 8716 8673 8718 8670 8673 8716 8718 8675 8720 8673 8675 8718 8720 8677 8722 8675 8677 8720 8722 8679 8724 8677 8679 8722 8724 8681 8726 8679 8681 8724 8726 8683 8728 8681 8683 8726 8728 8685 8730 8683 8685 8728 8730 8687 8732 8685 8687 8730 8687 8689 8732 8732 8742 8741 8689 8742 8732 8741 8744 8739 8742 8744 8741 8739 8746 8737 8744 8746 8739 8737 8748 8735 8746 8748 8737 8735 8558 8669 8669 8558 8667 8748 8558 8735 8558 8561 8667 8667 8561 8665 8561 8563 8665 8665 8563 8663 8563 8565 8663 8663 8565 8661 8565 8567 8661 8661 8567 8659 8567 8569 8659 8659 8569 8657 8569 8571 8657 8657 8571 8655 8571 8573 8655 8655 8573 8653 8573 8575 8653 8653 8575 8651 8651 8577 8649 8575 8577 8651 8619 8614 8617 8621 8614 8619 8623 8614 8621 8625 8614 8623 8627 8614 8625 8629 8614 8627 8631 8614 8629 8633 8614 8631 8649 8579 8647 8577 8579 8649 8647 8581 8645 8579 8581 8647 8645 8583 8643 8581 8583 8645 8643 8585 8641 8583 8585 8643 8641 8587 8639 8585 8587 8641 8639 8589 8637 8587 8589 8639 8637 8591 8635 8589 8591 8637 8635 8593 8633 8591 8593 8635 8614 8595 8613 8633 8595 8614 8593 8595 8633 8595 8597 8613 8613 8609 8611 8597 8599 8613 8613 8607 8609 8599 8601 8613 8613 8605 8607 8601 8603 8613 8613 8603 8605 5987 5975 5977 8819 5977 5983 8819 5987 5977 8820 5983 7124 8820 8819 5983 8821 7124 7125 8821 8820 7124 5992 7125 5968 5992 8821 7125 5792 7932 5797 5792 7933 7932 5792 7934 7933 5792 5970 7934 5792 5989 5970 6137 7921 5989 6137 7922 7921 6137 7923 7922 6137 6139 7923 6137 5989 5792 6150 6137 5792 6150 5792 5798 5801 6150 5798 6151 6150 5801 8758 6151 5801 8758 5801 8816 8761 8816 8814 8761 8758 8816 8763 8814 8812 8763 8761 8814 8765 8812 8810 8765 8763 8812 8767 8810 8808 8767 8765 8810 8769 8808 8806 8769 8767 8808 8771 8806 8804 8771 8769 8806 8773 8804 8802 8773 8771 8804 8775 8773 8802 8777 8802 8800 8777 8775 8802 8779 8800 8798 8779 8777 8800 8781 8798 8795 8781 8779 8798 8700 8795 8712 8700 8781 8795 8699 8712 8710 8699 8700 8712 8697 8710 8708 8697 8699 8710 8695 8708 8706 8695 8697 8708 8690 8706 8704 8690 8695 8706 8691 8704 8703 8691 8690 8704 8752 8703 8756 8752 8691 8703 8750 8756 8754 8750 8752 8756 8671 8750 8754 8671 8754 8714 8672 8714 8717 8672 8671 8714 8674 8672 8717 8674 8717 8719 8676 8719 8721 8676 8674 8719 8678 8676 8721 8678 8721 8723 8680 8723 8725 8680 8678 8723 8682 8680 8725 8682 8725 8727 8684 8727 8729 8684 8682 8727 8686 8684 8729 8686 8729 8731 8688 8686 8731 8688 8731 8733 8743 8688 8733 8743 8733 8740 8745 8743 8740 8745 8740 8738 8747 8745 8738 8747 8738 8736 8749 8747 8736 8749 8736 8734 8559 8749 8734 8559 8734 8668 8560 8668 8666 8560 8559 8668 8562 8666 8664 8562 8560 8666 8564 8664 8662 8564 8562 8664 8566 8662 8660 8566 8564 8662 8568 8660 8658 8568 8566 8660 8570 8658 8656 8570 8568 8658 8572 8656 8654 8572 8570 8656 8574 8654 8652 8574 8572 8654 8576 8652 8650 8576 8574 8652 8578 8650 8648 8578 8576 8650 8615 8632 8630 8615 8630 8628 8615 8628 8626 8615 8626 8624 8615 8624 8622 8615 8622 8620 8615 8620 8618 8615 8618 8616 8580 8648 8646 8580 8578 8648 8582 8646 8644 8582 8580 8646 8584 8582 8644 8584 8644 8642 8586 8584 8642 8586 8642 8640 8588 8586 8640 8588 8640 8638 8590 8588 8638 8590 8638 8636 8592 8590 8636 8592 8636 8634 8594 8592 8634 8594 8634 8632 8612 8632 8615 8612 8594 8632 8596 8594 8612 8598 8596 8612 8608 8612 8610 8600 8598 8612 8606 8612 8608 8602 8600 8612 8604 8602 8612 8604 8612 8606 5989 5992 5968 5989 5968 5970 6833 5778 5777 6832 6833 5777 6834 6832 5777 6835 6834 5777 5775 5779 7120 5775 7120 7121 5775 7121 7122 5775 7122 7123 7123 8822 5775 5775 8822 5776 7119 5794 7123 7118 5794 7119 7117 5794 7118 5784 5794 7117 7123 7985 8822 5794 7985 7123 7985 8823 8822 7985 7987 8823 7987 7989 8823 7989 7110 8823 5785 6838 5791 6838 6837 5791 6837 6836 5791 5791 6835 7113 6836 6835 5791 5776 8822 5777 5777 8822 6835 6835 8822 7113 7113 8823 7115 7115 8823 7112 8822 8823 7113 8823 7110 7112 8791 8817 5937 8817 8824 5937 8817 8818 8824 8818 8825 8824 8818 5651 8825 5945 5929 5928 5944 5929 5945 5937 5929 5944 5928 5929 5613 5937 8824 5929 8824 5931 5929 8824 8825 5931 8825 5651 5931 4759 4927 4757 5943 5942 4608 4761 5942 4760 4608 5942 4761 4760 5941 4759 5942 5941 4760 4759 5941 4927 4926 5939 4925 4927 5939 4926 5941 5939 4927 5939 4924 4925 8826 8827 8828 8829 8828 8830 8829 8826 8828 8831 8830 8832 8831 8829 8830 8833 8832 8834 8833 8831 8832 8835 8834 8836 8835 8833 8834 8837 8836 8838 8837 8835 8836 8839 8838 8840 8839 8837 8838 8841 8840 8842 8841 8839 8840 8843 8842 8844 8843 8841 8842 8845 8844 8846 8845 8843 8844 8847 8845 8846 8847 8846 8848 8849 8847 8848 8849 8848 8850 8851 8849 8850 8851 8850 8852 8853 8852 8854 8853 8851 8852 8855 8853 8854 8855 8854 8856 8857 8856 8858 8857 8855 8856 8859 8858 8860 8859 8857 8858 8861 8860 8862 8861 8859 8860 8863 8862 8864 8863 8861 8862 8865 8864 8866 8865 8863 8864 8867 8866 8868 8867 8865 8866 8869 8868 8870 8869 8867 8868 8871 8870 8872 8871 8869 8870 8873 8872 8874 8873 8871 8872 8875 8874 8876 8875 8873 8874 8877 8876 8878 8877 8875 8876 8879 8878 8880 8879 8877 8878 8881 8879 8880 8882 8883 8884 8885 8884 8886 8885 8882 8884 8887 8886 8888 8887 8885 8886 8889 8888 8890 8889 8887 8888 8891 8890 8892 8891 8889 8890 8893 8892 8894 8893 8891 8892 8895 8894 8896 8895 8893 8894 8897 8896 8898 8897 8895 8896 8899 8898 8900 8899 8897 8898 8901 8900 8902 8901 8899 8900 8903 8901 8902 8903 8902 8904 8905 8903 8904 8905 8904 8906 8907 8905 8906 8907 8906 8908 8909 8908 8910 8909 8907 8908 8911 8909 8910 8911 8910 8912 8913 8912 8914 8913 8911 8912 8915 8914 8916 8915 8913 8914 8917 8916 8918 8917 8915 8916 8919 8918 8920 8919 8917 8918 8921 8920 8922 8921 8919 8920 8923 8922 8924 8923 8921 8922 8925 8924 8926 8925 8923 8924 8927 8926 8928 8927 8925 8926 8929 8928 8930 8929 8927 8928 8931 8930 8932 8931 8929 8930 8933 8932 8934 8933 8931 8932 8935 8934 8936 8935 8933 8934 8937 8935 8936 8938 8939 8940 8941 8940 8942 8941 8938 8940 8943 8942 8944 8943 8941 8942 8945 8944 8946 8945 8943 8944 8947 8946 8948 8947 8945 8946 8949 8948 8950 8949 8947 8948 8951 8950 8952 8951 8949 8950 8953 8952 8954 8953 8951 8952 8955 8954 8956 8955 8953 8954 8957 8955 8956 8958 8959 8960 8958 8961 8962 8958 8960 8961 8963 8962 8964 8963 8958 8962 8965 8964 8966 8965 8963 8964 8967 8965 8966 8968 8966 8969 8968 8967 8966 8970 8971 8972 8973 8972 8974 8973 8970 8972 8975 8974 8976 8975 8973 8974 8977 8976 8978 8977 8975 8976 8979 8978 8980 8979 8977 8978 8981 8979 8980 8982 8983 8984 8985 8984 8986 8985 8982 8984 8987 8986 8988 8987 8985 8986 8989 8988 8990 8989 8987 8988 8991 8990 8992 8991 8989 8990 8993 8992 8994 8993 8991 8992 8995 8994 8996 8995 8993 8994 8997 8996 8998 8997 8995 8996 8999 8998 9000 8999 8997 8998 9001 8999 9000 8936 9002 8937 8937 9002 9003 9003 9004 9005 9002 9004 9003 9005 9006 9007 9004 9006 9005 9007 9008 9009 9006 9008 9007 9009 9001 9000 9008 9001 9009 8956 9010 8957 8956 9011 9010 9011 9012 9010 9011 9013 9012 9013 9014 9012 9013 9015 9014 9015 9016 9014 9015 9017 9016 9017 8826 9016 9017 8827 8826 9018 8939 8938 9019 9018 8938 9020 9018 9019 9021 9020 9019 8959 9020 9021 8960 8959 9021 8982 9022 8983 9022 9023 8983 9022 9024 9023 9024 9025 9023 9024 8971 9025 8971 8970 9025 8880 8882 8881 8883 8882 8880 5597 9026 9027 5800 9026 5597 9026 9028 9027 9026 9029 9028 9029 9030 9028 9029 9031 9030 9031 9032 9030 9031 9033 9032 9033 9034 9032 9033 9035 9034 9035 9036 9034 9035 9037 9036 9037 9038 9036 9037 9039 9038 9039 9040 9038 9039 9041 9040 9041 9042 9040 9041 9043 9042 9043 9044 9042 9043 9045 9044 9045 9046 9044 9045 9047 9046 9047 9048 9046 9047 9049 9048 9049 8969 9048 9049 8968 8969 9050 5591 9051 5592 5591 9050 9051 5588 9052 5591 5588 9051 9052 9053 4373 9052 9054 9053 9052 9055 9054 9052 9056 9055 5588 5590 9052 9052 5590 9056 4373 4916 9052 9052 5605 9051 9051 5605 9050 9050 5605 5592 4914 4780 4783 4915 5602 4916 4914 5602 4915 4916 5602 9052 4783 5602 4914 9052 5602 5605 5581 5601 4783 5580 5601 5581 4783 5601 5602 5580 5579 5601 5579 5578 5601 9057 9058 5569 9059 9060 9057 9057 9060 9058 9059 9061 9060 9059 5597 9061 5569 5589 9057 5593 5589 9062 9063 5589 5569 9064 5589 9063 9062 5589 9064 9057 5595 9059 5589 5595 9057 5595 5597 9059 9065 9053 9054 9065 9054 9055 9065 9055 9056 5590 5593 9056 9056 5593 9066 9056 9066 9065 8980 9067 8981 8981 9067 9068 9067 9069 9068 9067 9070 9069 9070 9071 9069 9070 9072 9071 9072 9073 9071 9072 9074 9073 9074 9075 9073 9075 9076 9077 9074 9076 9075 9077 9078 9079 9076 9078 9077 9079 9080 9081 9078 9080 9079 9081 9082 9083 9080 9082 9081 9083 9084 9085 9082 9084 9083 9085 9086 9087 9084 9086 9085 9087 9088 5283 5283 9088 5433 9086 9088 9087 5632 5624 5626 5641 5626 5646 5641 5632 5626 8215 5646 8269 8215 5641 5646 8214 8269 8270 8214 8215 8269 5637 8270 5617 5637 8214 8270 5424 8217 5429 5424 8218 8217 5424 8219 8218 5424 5619 8219 5424 5634 5619 5786 6826 5634 5786 6827 6826 5786 6828 6827 5786 5788 6828 5786 5634 5424 5799 5786 5424 5799 5424 5430 5433 5799 5430 5800 5799 5433 9026 5800 5433 9026 5433 9088 9029 9088 9086 9029 9026 9088 9031 9086 9084 9031 9029 9086 9033 9084 9082 9033 9031 9084 9035 9082 9080 9035 9033 9082 9037 9080 9078 9037 9035 9080 9039 9078 9076 9039 9037 9078 9041 9076 9074 9041 9039 9076 9043 9041 9074 9045 9074 9072 9045 9043 9074 9047 9072 9070 9047 9045 9072 9049 9070 9067 9049 9047 9070 8968 9067 8980 8968 9049 9067 8967 8980 8978 8967 8968 8980 8965 8978 8976 8965 8967 8978 8963 8976 8974 8963 8965 8976 8958 8974 8972 8958 8963 8974 8959 8972 8971 8959 8958 8972 9020 8971 9024 9020 8959 8971 9018 9024 9022 9018 9020 9024 8939 9018 9022 8939 9022 8982 8940 8982 8985 8940 8939 8982 8942 8940 8985 8942 8985 8987 8944 8987 8989 8944 8942 8987 8946 8944 8989 8946 8989 8991 8948 8991 8993 8948 8946 8991 8950 8948 8993 8950 8993 8995 8952 8995 8997 8952 8950 8995 8954 8952 8997 8954 8997 8999 8956 8954 8999 8956 8999 9001 9011 8956 9001 9011 9001 9008 9013 9011 9008 9013 9008 9006 9015 9013 9006 9015 9006 9004 9017 9015 9004 9017 9004 9002 8827 9017 9002 8827 9002 8936 8828 8936 8934 8828 8827 8936 8830 8934 8932 8830 8828 8934 8832 8932 8930 8832 8830 8932 8834 8930 8928 8834 8832 8930 8836 8928 8926 8836 8834 8928 8838 8926 8924 8838 8836 8926 8840 8924 8922 8840 8838 8924 8842 8922 8920 8842 8840 8922 8844 8920 8918 8844 8842 8920 8846 8918 8916 8846 8844 8918 8883 8900 8898 8883 8898 8896 8883 8896 8894 8883 8894 8892 8883 8892 8890 8883 8890 8888 8883 8888 8886 8883 8886 8884 8848 8916 8914 8848 8846 8916 8850 8914 8912 8850 8848 8914 8852 8850 8912 8852 8912 8910 8854 8852 8910 8854 8910 8908 8856 8854 8908 8856 8908 8906 8858 8856 8906 8858 8906 8904 8860 8858 8904 8860 8904 8902 8862 8860 8902 8862 8902 8900 8880 8900 8883 8880 8862 8900 8864 8862 8880 8866 8864 8880 8876 8880 8878 8868 8866 8880 8874 8880 8876 8870 8868 8880 8872 8870 8880 8872 8880 8874 5634 5637 5617 5634 5617 5619 9089 9060 9090 9058 9060 9089 9060 9061 9090 9061 5283 9090 9061 5597 5283 5283 9027 9087 5597 9027 5283 9087 9028 9085 9027 9028 9087 9085 9030 9083 9028 9030 9085 9083 9032 9081 9030 9032 9083 9081 9034 9079 9032 9034 9081 9079 9036 9077 9034 9036 9079 9036 9038 9077 9077 9040 9075 9038 9040 9077 9075 9042 9073 9040 9042 9075 9073 9044 9071 9042 9044 9073 9071 9046 9069 9044 9046 9071 9069 9048 9068 9046 9048 9069 9048 8969 9068 8981 8969 8979 9068 8969 8981 8979 8966 8977 8969 8966 8979 8977 8964 8975 8966 8964 8977 8975 8962 8973 8964 8962 8975 8973 8961 8970 8962 8961 8973 8970 8960 9025 8961 8960 8970 8960 9021 9025 9025 9019 9023 9021 9019 9025 9023 8938 8983 8983 8938 8984 9019 8938 9023 8984 8941 8986 8938 8941 8984 8986 8943 8988 8941 8943 8986 8988 8945 8990 8943 8945 8988 8990 8947 8992 8945 8947 8990 8992 8949 8994 8947 8949 8992 8994 8951 8996 8949 8951 8994 8996 8953 8998 8951 8953 8996 8998 8955 9000 8953 8955 8998 8955 8957 9000 9000 9010 9009 8957 9010 9000 9009 9012 9007 9010 9012 9009 9007 9014 9005 9012 9014 9007 9005 9016 9003 9014 9016 9005 9003 8826 8937 8937 8826 8935 9016 8826 9003 8826 8829 8935 8935 8829 8933 8829 8831 8933 8933 8831 8931 8831 8833 8931 8931 8833 8929 8833 8835 8929 8929 8835 8927 8835 8837 8927 8927 8837 8925 8837 8839 8925 8925 8839 8923 8839 8841 8923 8923 8841 8921 8841 8843 8921 8921 8843 8919 8919 8845 8917 8843 8845 8919 8887 8882 8885 8889 8882 8887 8891 8882 8889 8893 8882 8891 8895 8882 8893 8897 8882 8895 8899 8882 8897 8901 8882 8899 8917 8847 8915 8845 8847 8917 8915 8849 8913 8847 8849 8915 8913 8851 8911 8849 8851 8913 8911 8853 8909 8851 8853 8911 8909 8855 8907 8853 8855 8909 8907 8857 8905 8855 8857 8907 8905 8859 8903 8857 8859 8905 8903 8861 8901 8859 8861 8903 8882 8863 8881 8901 8863 8882 8861 8863 8901 8863 8865 8881 8881 8877 8879 8865 8867 8881 8881 8875 8877 8867 8869 8881 8881 8873 8875 8869 8871 8881 8881 8871 8873 6434 5410 5409 6433 6434 5409 6435 6433 5409 6436 6435 5409 5407 5411 6742 5407 6742 6743 5407 6743 6744 5407 6744 6745 6745 9091 5407 5407 9091 5408 6741 5426 6745 6740 5426 6741 6739 5426 6740 5416 5426 6739 6745 8272 9091 5426 8272 6745 8272 9092 9091 8272 8274 9092 8274 8276 9092 8276 6732 9092 5417 6439 5423 6439 6438 5423 6438 6437 5423 5423 6436 6735 6437 6436 5423 5408 9091 5409 5409 9091 6436 6436 9091 6735 6735 9092 6737 6737 9092 6734 9091 9092 6735 9092 6732 6734 9062 9093 9094 9094 9093 9095 9095 9093 9096 9096 9093 9053 9053 9093 4373 9062 9097 9093 9062 9064 9097 9064 9098 9097 9064 9063 9098 9063 5569 9098 9096 9053 9065 9095 9096 9065 9094 9095 9065 9062 9094 9065 5593 9062 9066 9066 9062 9065 4192 4381 4193 9099 5572 5575 9100 5572 9099 9101 5572 9100 4193 5572 9101 4378 5570 4381 4376 5570 4378 4193 5570 5572 4381 5570 4193 4373 9093 4376 4376 9093 5570 9097 5566 9093 9093 5566 5570 9097 9098 5566 9098 5569 5566 9058 9089 5569 9089 9102 5569 9089 9090 9102 9090 9103 9102 9090 5283 9103 5577 5561 5560 5576 5561 5577 5569 5561 5576 5560 5561 5249 5569 9102 5561 9102 5563 5561 9102 9103 5563 9103 5283 5563 4196 9104 4189 4195 9101 4196 4194 9101 4195 4193 9101 4194 9104 9100 9105 4196 9100 9104 9101 9100 4196 9106 9099 4347 9105 9099 9106 9100 9099 9105 9099 5575 4347 4344 4622 4341 5575 5574 4347 4346 5574 4345 4347 5574 4346 4345 5573 4344 5574 5573 4345 4344 5573 4622 4621 5571 4620 4622 5571 4621 5573 5571 4622 5571 4619 4620 9107 9108 9109 9110 9109 9111 9110 9107 9109 9112 9111 9113 9112 9110 9111 9114 9113 9115 9114 9112 9113 9116 9115 9117 9116 9114 9115 9118 9117 9119 9118 9116 9117 9120 9119 9121 9120 9118 9119 9122 9121 9123 9122 9120 9121 9124 9123 9125 9124 9122 9123 9126 9125 9127 9126 9124 9125 9128 9126 9127 9128 9127 9129 9130 9128 9129 9130 9129 9131 9132 9130 9131 9132 9131 9133 9134 9133 9135 9134 9132 9133 9136 9134 9135 9136 9135 9137 9138 9137 9139 9138 9136 9137 9140 9139 9141 9140 9138 9139 9142 9141 9143 9142 9140 9141 9144 9143 9145 9144 9142 9143 9146 9145 9147 9146 9144 9145 9148 9147 9149 9148 9146 9147 9150 9149 9151 9150 9148 9149 9152 9151 9153 9152 9150 9151 9154 9153 9155 9154 9152 9153 9156 9155 9157 9156 9154 9155 9158 9157 9159 9158 9156 9157 9160 9159 9161 9160 9158 9159 9162 9160 9161 9163 9164 9165 9166 9165 9167 9166 9163 9165 9168 9167 9169 9168 9166 9167 9170 9169 9171 9170 9168 9169 9172 9171 9173 9172 9170 9171 9174 9173 9175 9174 9172 9173 9176 9175 9177 9176 9174 9175 9178 9177 9179 9178 9176 9177 9180 9179 9181 9180 9178 9179 9182 9181 9183 9182 9180 9181 9184 9182 9183 9184 9183 9185 9186 9184 9185 9186 9185 9187 9188 9186 9187 9188 9187 9189 9190 9189 9191 9190 9188 9189 9192 9190 9191 9192 9191 9193 9194 9193 9195 9194 9192 9193 9196 9195 9197 9196 9194 9195 9198 9197 9199 9198 9196 9197 9200 9199 9201 9200 9198 9199 9202 9201 9203 9202 9200 9201 9204 9203 9205 9204 9202 9203 9206 9205 9207 9206 9204 9205 9208 9207 9209 9208 9206 9207 9210 9209 9211 9210 9208 9209 9212 9211 9213 9212 9210 9211 9214 9213 9215 9214 9212 9213 9216 9215 9217 9216 9214 9215 9218 9216 9217 9219 9220 9221 9222 9221 9223 9222 9219 9221 9224 9223 9225 9224 9222 9223 9226 9225 9227 9226 9224 9225 9228 9227 9229 9228 9226 9227 9230 9229 9231 9230 9228 9229 9232 9231 9233 9232 9230 9231 9234 9233 9235 9234 9232 9233 9236 9235 9237 9236 9234 9235 9238 9236 9237 9239 9240 9241 9239 9242 9243 9239 9241 9242 9244 9243 9245 9244 9239 9243 9246 9245 9247 9246 9244 9245 9248 9246 9247 9249 9247 9250 9249 9248 9247 9251 9252 9253 9254 9253 9255 9254 9251 9253 9256 9255 9257 9256 9254 9255 9258 9257 9259 9258 9256 9257 9260 9259 9261 9260 9258 9259 9262 9260 9261 9263 9264 9265 9266 9265 9267 9266 9263 9265 9268 9267 9269 9268 9266 9267 9270 9269 9271 9270 9268 9269 9272 9271 9273 9272 9270 9271 9274 9273 9275 9274 9272 9273 9276 9275 9277 9276 9274 9275 9278 9277 9279 9278 9276 9277 9280 9279 9281 9280 9278 9279 9282 9280 9281 9217 9283 9218 9218 9283 9284 9284 9285 9286 9283 9285 9284 9286 9287 9288 9285 9287 9286 9288 9289 9290 9287 9289 9288 9290 9282 9281 9289 9282 9290 9237 9291 9238 9237 9292 9291 9292 9293 9291 9292 9294 9293 9294 9295 9293 9294 9296 9295 9296 9297 9295 9296 9298 9297 9298 9107 9297 9298 9108 9107 9299 9220 9219 9300 9299 9219 9301 9299 9300 9302 9301 9300 9240 9301 9302 9241 9240 9302 9263 9303 9264 9303 9304 9264 9303 9305 9304 9305 9306 9304 9305 9252 9306 9252 9251 9306 9161 9163 9162 9164 9163 9161 5233 9307 9308 5432 9307 5233 9307 9309 9308 9307 9310 9309 9310 9311 9309 9310 9312 9311 9312 9313 9311 9312 9314 9313 9314 9315 9313 9314 9316 9315 9316 9317 9315 9316 9318 9317 9318 9319 9317 9318 9320 9319 9320 9321 9319 9320 9322 9321 9322 9323 9321 9322 9324 9323 9324 9325 9323 9324 9326 9325 9326 9327 9325 9326 9328 9327 9328 9329 9327 9328 9330 9329 9330 9250 9329 9330 9249 9250 9331 5227 9332 5228 5227 9331 9332 5224 9333 5227 5224 9332 9333 9334 3751 9333 9335 9334 9333 9336 9335 9333 9337 9336 5224 5226 9333 9333 5226 9337 3751 4588 9333 9333 5241 9332 9332 5241 9331 9331 5241 5228 4586 4402 4405 4587 5238 4588 4586 5238 4587 4588 5238 9333 4405 5238 4586 9333 5238 5241 5217 5237 4405 5216 5237 5217 4405 5237 5238 5216 5215 5237 5215 5214 5237 9338 9339 9340 9341 9342 9338 9338 9342 9339 9341 9343 9342 9341 5233 9343 9340 5225 9338 5229 5225 9344 9345 5225 9340 9346 5225 9345 9344 5225 9346 9338 5231 9341 5225 5231 9338 5231 5233 9341 9347 9334 9335 9347 9335 9336 9347 9336 9337 5226 5229 9337 9337 5229 9348 9337 9348 9347 9261 9349 9262 9262 9349 9350 9349 9351 9350 9349 9352 9351 9352 9353 9351 9352 9354 9353 9354 9355 9353 9354 9356 9355 9356 9357 9355 9357 9358 9359 9356 9358 9357 9359 9360 9361 9358 9360 9359 9361 9362 9363 9360 9362 9361 9363 9364 9365 9362 9364 9363 9365 9366 9367 9364 9366 9365 9367 9368 9369 9366 9368 9367 9369 9370 4940 4940 9370 5090 9368 9370 9369 5267 5260 5262 5268 5262 9371 5268 5267 5262 6351 9371 9372 6351 5268 9371 6350 9372 9373 6350 6351 9372 5277 9373 5253 5277 6350 9373 5081 6354 5086 5081 6355 6354 5081 6356 6355 5081 5255 6356 5081 5274 5255 5418 6427 5274 5418 6428 6427 5418 6429 6428 5418 5420 6429 5418 5274 5081 5431 5418 5081 5431 5081 5087 5090 5431 5087 5432 5431 5090 9307 5432 5090 9307 5090 9370 9310 9370 9368 9310 9307 9370 9312 9368 9366 9312 9310 9368 9314 9366 9364 9314 9312 9366 9316 9364 9362 9316 9314 9364 9318 9362 9360 9318 9316 9362 9320 9360 9358 9320 9318 9360 9322 9358 9356 9322 9320 9358 9324 9322 9356 9326 9356 9354 9326 9324 9356 9328 9354 9352 9328 9326 9354 9330 9352 9349 9330 9328 9352 9249 9349 9261 9249 9330 9349 9248 9261 9259 9248 9249 9261 9246 9259 9257 9246 9248 9259 9244 9257 9255 9244 9246 9257 9239 9255 9253 9239 9244 9255 9240 9253 9252 9240 9239 9253 9301 9252 9305 9301 9240 9252 9299 9305 9303 9299 9301 9305 9220 9299 9303 9220 9303 9263 9221 9263 9266 9221 9220 9263 9223 9221 9266 9223 9266 9268 9225 9268 9270 9225 9223 9268 9227 9225 9270 9227 9270 9272 9229 9272 9274 9229 9227 9272 9231 9229 9274 9231 9274 9276 9233 9276 9278 9233 9231 9276 9235 9233 9278 9235 9278 9280 9237 9235 9280 9237 9280 9282 9292 9237 9282 9292 9282 9289 9294 9292 9289 9294 9289 9287 9296 9294 9287 9296 9287 9285 9298 9296 9285 9298 9285 9283 9108 9298 9283 9108 9283 9217 9109 9217 9215 9109 9108 9217 9111 9215 9213 9111 9109 9215 9113 9213 9211 9113 9111 9213 9115 9211 9209 9115 9113 9211 9117 9209 9207 9117 9115 9209 9119 9207 9205 9119 9117 9207 9121 9205 9203 9121 9119 9205 9123 9203 9201 9123 9121 9203 9125 9201 9199 9125 9123 9201 9127 9199 9197 9127 9125 9199 9164 9181 9179 9164 9179 9177 9164 9177 9175 9164 9175 9173 9164 9173 9171 9164 9171 9169 9164 9169 9167 9164 9167 9165 9129 9197 9195 9129 9127 9197 9131 9195 9193 9131 9129 9195 9133 9131 9193 9133 9193 9191 9135 9133 9191 9135 9191 9189 9137 9135 9189 9137 9189 9187 9139 9137 9187 9139 9187 9185 9141 9139 9185 9141 9185 9183 9143 9141 9183 9143 9183 9181 9161 9181 9164 9161 9143 9181 9145 9143 9161 9147 9145 9161 9157 9161 9159 9149 9147 9161 9155 9161 9157 9151 9149 9161 9153 9151 9161 9153 9161 9155 5274 5277 5253 5274 5253 5255 9374 9342 9375 9339 9342 9374 9342 9343 9375 9343 4940 9375 9343 5233 4940 4940 9308 9369 5233 9308 4940 9369 9309 9367 9308 9309 9369 9367 9311 9365 9309 9311 9367 9365 9313 9363 9311 9313 9365 9363 9315 9361 9313 9315 9363 9361 9317 9359 9315 9317 9361 9317 9319 9359 9359 9321 9357 9319 9321 9359 9357 9323 9355 9321 9323 9357 9355 9325 9353 9323 9325 9355 9353 9327 9351 9325 9327 9353 9351 9329 9350 9327 9329 9351 9329 9250 9350 9262 9250 9260 9350 9250 9262 9260 9247 9258 9250 9247 9260 9258 9245 9256 9247 9245 9258 9256 9243 9254 9245 9243 9256 9254 9242 9251 9243 9242 9254 9242 9241 9251 9251 9302 9306 9241 9302 9251 9306 9300 9304 9304 9300 9264 9302 9300 9306 9264 9219 9265 9300 9219 9264 9265 9222 9267 9219 9222 9265 9267 9224 9269 9222 9224 9267 9269 9226 9271 9224 9226 9269 9271 9228 9273 9226 9228 9271 9273 9230 9275 9228 9230 9273 9275 9232 9277 9230 9232 9275 9277 9234 9279 9232 9234 9277 9279 9236 9281 9234 9236 9279 9236 9238 9281 9281 9291 9290 9238 9291 9281 9290 9293 9288 9291 9293 9290 9288 9295 9286 9293 9295 9288 9286 9297 9284 9295 9297 9286 9284 9107 9218 9218 9107 9216 9297 9107 9284 9107 9110 9216 9216 9110 9214 9110 9112 9214 9214 9112 9212 9112 9114 9212 9212 9114 9210 9114 9116 9210 9210 9116 9208 9116 9118 9208 9208 9118 9206 9118 9120 9206 9206 9120 9204 9120 9122 9204 9204 9122 9202 9122 9124 9202 9202 9124 9200 9200 9126 9198 9124 9126 9200 9168 9163 9166 9170 9163 9168 9172 9163 9170 9174 9163 9172 9176 9163 9174 9178 9163 9176 9180 9163 9178 9182 9163 9180 9198 9128 9196 9126 9128 9198 9196 9130 9194 9128 9130 9196 9194 9132 9192 9130 9132 9194 9192 9134 9190 9132 9134 9192 9190 9136 9188 9134 9136 9190 9188 9138 9186 9136 9138 9188 9186 9140 9184 9138 9140 9186 9184 9142 9182 9140 9142 9184 9163 9144 9162 9182 9144 9163 9142 9144 9182 9144 9146 9162 9162 9158 9160 9146 9148 9162 9162 9156 9158 9148 9150 9162 9162 9154 9156 9150 9152 9162 9162 9152 9154 5064 5068 6279 5064 6279 6280 5064 6280 6281 5064 6281 6282 6284 5067 5066 6283 6284 5066 6285 6283 5066 6286 6285 5066 5074 6289 5080 6289 6288 5080 6288 6287 5080 5080 6286 6293 6287 6286 5080 5065 9376 5066 5066 9376 6286 6286 9376 6293 6293 9377 6297 6297 9377 6292 9376 9377 6293 9377 6290 6292 9344 9378 9379 9379 9378 9380 9380 9378 9381 9381 9378 9334 9334 9378 3751 9344 9382 9378 9344 9346 9382 9346 9383 9382 9346 9345 9383 9345 9340 9383 9381 9334 9347 9380 9381 9347 9379 9380 9347 9344 9379 9347 5229 9344 9348 9348 9344 9347 3549 3759 3550 9384 9385 9386 9387 9385 9384 9388 9385 9387 3550 9385 9388 3756 9389 3759 3754 9389 3756 3550 9389 9385 3759 9389 3550 3751 9378 3754 3754 9378 9389 9382 9390 9378 9378 9390 9389 9382 9383 9390 9383 9340 9390 9339 9374 9340 9374 9391 9340 9374 9375 9391 9375 9392 9391 9375 4940 9392 9393 9394 9395 9396 9394 9393 9340 9394 9396 9395 9394 9397 9340 9391 9394 9391 9398 9394 9391 9392 9398 9392 4940 9398 9399 9400 9401 9399 9401 9402 9399 9402 9403 9395 9397 9404 9395 9404 9403 9403 9404 9399 3553 9405 3546 3552 9388 3553 3551 9388 3552 3550 9388 3551 9405 9387 9406 3553 9387 9405 9388 9387 3553 9407 9384 3719 9406 9384 9407 9387 9384 9406 9384 9386 3719 9408 9394 9409 9410 9394 9408 9411 9394 9410 9409 9394 9412 9397 9394 9411 9412 9398 9413 9394 9398 9412 9398 4940 9413 9412 4937 9409 9413 4935 9412 9412 4935 4937 9413 4938 4935 9413 4940 4938 4387 4390 9414 9414 9390 9415 9415 9390 9416 9416 9390 9340 4388 4198 4201 4389 9389 4390 4388 9389 4389 4390 9389 9414 4201 9389 4388 9414 9389 9390 9417 9385 4201 9418 9385 9417 4201 9385 9389 9418 9419 9385 9419 9386 9385 9416 9396 9415 9340 9396 9416 9415 9393 9414 9396 9393 9415 9414 9400 4387 9414 9401 9400 9414 9402 9401 9414 9403 9402 9393 9395 9414 9414 9395 9403 4569 4624 4626 4569 9420 4624 9420 4625 4624 9420 9421 4625 4414 4625 9421 4552 4563 4555 4552 4566 4563 4552 4569 4566 9420 4569 4552 4557 9420 4552 9421 9420 4557 4414 9421 4557 9422 4597 4596 9423 4597 9422 9424 5964 9423 5952 5964 9424 4597 5964 4613 9423 5964 4597 4613 5963 4612 5964 5963 4613 4603 9425 4604 4603 9426 9425 4612 5958 4603 5963 5958 4612 5958 9427 4603 4603 9427 9426 5958 5957 9427 9428 4610 4605 9429 5962 9428 9430 5962 9429 5959 5962 9430 4610 5961 4609 9428 5961 4610 5962 5961 9428 4607 5960 4608 4609 5960 4607 5961 5960 4609 5960 5943 4608 4604 9425 4605 9425 9426 4605 9426 9427 4605 9427 5957 4605 5957 5959 9430 5957 9430 9429 5957 9429 9428 5957 9428 4605 4596 4595 9422 9422 4595 9423 4595 4593 9431 4593 9432 9431 9431 5952 9424 9431 9424 9423 9431 9423 4595 4593 4592 9432 9433 9434 4594 9434 9435 4594 9435 4592 4594 4594 4777 9433 4777 9436 9433 4777 9437 9436 4777 4778 9437 4778 9438 9437 4778 9439 9438 4778 3938 9439 9440 9436 9437 9441 9437 9438 9441 9438 9439 9441 9439 3938 9441 9440 9437 9442 9443 9440 9442 9444 9443 9442 9440 9441 9445 9444 9442 9446 9444 9445 9447 9448 9445 9447 9445 9442 9449 9448 9447 9450 9449 9447 9451 9450 9447 3951 3936 3938 3951 3934 3936 3951 3929 3934 3951 3938 9452 3954 9452 9453 3954 3951 9452 3793 3954 9453 4773 9452 3938 4788 9453 4787 4773 4787 9452 9453 9452 4787 3793 9453 4788 3922 3916 9454 9454 9455 9456 9456 9455 9457 9457 9455 9458 3912 3556 3560 3914 9459 3916 3912 9459 3914 3916 9459 9454 3560 9459 3912 9454 9459 9455 9460 9461 3560 9462 9461 9460 3560 9461 9459 9462 9463 9461 9463 9464 9461 9465 9466 9467 9468 9461 9464 9469 9461 9468 9470 9461 9469 9467 9461 9470 9471 9459 9466 9472 9459 9471 9467 9459 9461 9466 9459 9467 4170 9473 9472 9472 9473 9459 9474 9455 9473 9473 9455 9459 9474 9475 9455 9475 9458 9455 9476 3563 3555 9464 9463 3944 9477 9463 9478 3944 9463 9477 9478 9462 9476 9463 9462 9478 9476 9462 3563 3562 9460 3561 3563 9460 3562 9462 9460 3563 9460 3560 3561 9479 3946 3941 9480 9470 9479 9481 9470 9480 9467 9470 9481 3946 9469 3945 9479 9469 3946 9470 9469 9479 3943 9468 3944 3945 9468 3943 9469 9468 3945 9468 9464 3944 3940 9482 3941 9482 9483 3941 9483 9484 3941 9484 9465 3941 9465 9467 9481 9465 9481 9480 9465 9480 9479 9465 9479 3941 9485 3781 3780 9486 3781 9485 9487 9472 9486 4170 9472 9487 3781 9472 3949 9486 9472 3781 3949 9471 3948 9472 9471 3949 3939 9482 3940 3939 9483 9482 3948 9466 3939 9471 9466 3948 9466 9484 3939 3939 9484 9483 9466 9465 9484 3780 3779 9485 9485 3779 9486 3779 3777 4174 3777 4172 4174 4174 4170 9487 4174 9487 9486 4174 9486 3779 3777 3776 4172 9488 9489 9490 9488 9490 9491 9488 9491 9492 9493 9494 9495 9493 9495 9492 9492 9495 9488 9496 9444 9497 9497 9444 9498 9498 9444 9446 9499 9500 9496 9444 9500 9443 9496 9500 9444 9443 9501 9440 9500 9501 9443 9440 9502 9436 9501 9502 9440 9436 9503 9433 9436 9504 9503 9502 9504 9436 9502 9505 9504 9502 5952 9505 9496 9445 9499 9497 9445 9496 9498 9445 9497 9446 9445 9498 9506 9499 9507 9507 9499 9508 9508 9499 9509 9509 9499 9445 9448 9509 9445 9510 9511 9451 9450 9511 9449 9451 9511 9450 9449 9512 9448 9511 9512 9449 9448 9512 9509 9508 9513 9507 9509 9513 9508 9512 9513 9509 9513 9506 9507 9435 9432 4592 9435 9434 9432 9434 9431 9432 9434 9433 9431 9433 9503 9431 9503 9504 9431 9504 9505 9431 5952 9431 9505 9514 9515 9516 9517 9518 9514 9519 9518 9517 9520 9518 9519 9515 9521 9522 9514 9521 9515 9518 9521 9514 9523 9524 9451 9522 9524 9523 9521 9524 9522 9524 9510 9451 9525 9526 9516 9526 9527 9516 9527 9528 9516 9528 9529 9516 9529 9520 9519 9529 9519 9517 9529 9517 9514 9529 9514 9516 9457 9530 9456 9458 9530 9457 9456 9531 9454 9530 9531 9456 9454 9489 3922 9454 9490 9489 9454 9491 9490 9454 9492 9491 9531 9493 9454 9454 9493 9492 9532 9533 9534 9535 9532 9534 9536 9535 9534 9537 9536 9534 9538 9537 9539 9539 9537 9534 9540 9541 9458 9541 9542 9458 9541 9543 9542 9543 9544 9542 9543 6002 9544 9531 9545 9493 9530 9545 9531 9458 9545 9530 9493 9545 9494 9458 9542 9545 9542 9546 9545 9542 9544 9546 9544 6002 9546 9547 9540 9458 9548 9549 9547 9547 9549 9540 9548 9550 9549 9548 4939 9550 9538 9551 9537 9552 9551 9458 9553 9551 9552 9537 9551 9553 9458 9551 9547 9547 9554 9548 9551 9554 9547 9554 4939 9548 9533 9473 4170 9537 9473 9536 9536 9473 9535 9535 9473 9532 9532 9473 9533 9537 9474 9473 9537 9553 9474 9553 9475 9474 9553 9552 9475 9552 9458 9475 9555 9556 9557 9557 9556 9558 9558 9556 9559 9559 9556 9489 9489 9556 3922 9555 9560 9556 9555 9561 9560 9561 9562 9560 9561 9563 9562 9563 8786 9562 9529 9564 9520 9524 9565 9510 9521 9565 9524 9518 9565 9521 9520 9565 9518 9566 9567 9564 9568 9567 9566 9520 9567 9565 9564 9567 9520 3922 9556 9568 9568 9556 9567 9560 9569 9556 9556 9569 9567 9560 9562 9569 9562 8786 9569 9559 9489 9488 9558 9559 9488 9557 9558 9488 9555 9557 9488 9494 9555 9495 9495 9555 9488 9570 3932 3931 9571 3932 9570 9572 9568 9571 3922 9568 9572 3932 9568 9573 9571 9568 3932 9573 9566 9574 9568 9566 9573 9575 9526 9525 9575 9527 9526 9574 9564 9575 9566 9564 9574 9564 9528 9575 9575 9528 9527 9564 9529 9528 3931 3930 9570 9570 3930 9571 3930 3928 3927 3928 3924 3927 3927 3922 9572 3927 9572 9571 3927 9571 3930 3928 3925 3924 4176 9576 4177 9576 9577 4177 9577 9578 4177 9578 9579 4177 9579 9580 9581 9579 9581 9582 9579 9582 9583 9579 9583 4177 9583 4182 4177 9582 9584 9583 9581 9584 9582 9580 9584 9581 4182 9585 4181 9583 9585 4182 9584 9585 9583 4179 9586 4180 4181 9586 4179 9585 9586 4181 9586 9587 4180 9588 3974 3966 9587 9589 4180 9590 9589 9591 4180 9589 9590 9591 9592 9588 9589 9592 9591 9588 9592 3974 3973 9593 3972 3974 9593 3973 9592 9593 3974 9593 3971 3972 9594 4155 4154 9595 4155 9594 9596 9597 9595 4387 9597 9596 4155 9597 4185 9595 9597 4155 4185 9598 4184 9597 9598 4185 4175 9576 4176 4175 9577 9576 4184 9599 4175 9598 9599 4184 9599 9578 4175 4175 9578 9577 9599 9579 9578 4154 4153 9594 9594 4153 9595 4153 4152 4383 4152 4382 4383 4152 3730 4382 4383 4387 9596 4383 9596 9595 4383 9595 4153 9600 9601 9602 9409 9601 9600 9602 9603 9604 9601 9603 9602 9604 9533 4170 9604 9605 9533 9604 9606 9605 9604 9607 9606 9603 9608 9604 9604 9608 9607 9534 9533 9605 9534 9605 9606 9534 9606 9607 9608 9538 9607 9607 9538 9539 9607 9539 9534 4170 4164 9604 9604 9609 9602 9602 9609 9600 9600 9609 9409 4160 3967 3971 4162 9610 4164 4160 9610 4162 4164 9610 9604 3971 9610 4160 9604 9610 9609 9593 9611 3971 9592 9611 9593 3971 9611 9610 9592 9589 9611 9589 9587 9611 9575 9525 9516 9447 9523 9451 9447 9522 9523 9447 9515 9522 9447 9516 9515 9442 9574 9575 9442 9573 9574 9442 9575 9516 9442 9516 9447 3933 3932 9573 9441 9573 9442 9441 3933 9573 3935 3933 9441 3937 3935 9441 3938 3937 9441 1049 3855 3857 1052 3857 3859 1052 1049 3857 1054 3859 3861 1054 1052 3859 1056 3861 3863 1056 1054 3861 1058 3863 3865 1058 1056 3863 1060 3865 3867 1060 1058 3865 1062 3867 3869 1062 1060 3867 1064 3869 3871 1064 1062 3869 1066 3871 3873 1066 1064 3871 1068 3873 3875 1068 1066 3873 1080 1068 3875 1080 3875 3887 1082 1080 3887 1082 3887 3889 1084 1082 3889 1084 3889 3891 1086 3891 3893 1086 1084 3891 1088 1086 3893 1088 3893 3895 1090 3895 3897 1090 1088 3895 1092 3897 3899 1092 1090 3897 1094 3899 3901 1094 1092 3899 1095 3901 3903 1095 1094 3901 1097 3903 3904 1097 1095 3903 1100 3904 3907 1100 1097 3904 1102 3907 3909 1102 1100 3907 1104 3909 3910 1104 1102 3909 1103 3910 3908 1103 1104 3910 1101 3908 3905 1101 1103 3908 1098 3905 3906 1098 1101 3905 1099 3906 3902 1099 1098 3906 1096 1099 3902 1071 3877 3886 1072 3886 3885 1072 1071 3886 1070 3885 3884 1070 1072 3885 1073 3884 3883 1073 1070 3884 1074 3883 3882 1074 1073 3883 1075 3882 3881 1075 1074 3882 1076 3881 3880 1076 1075 3881 1077 3880 3879 1077 1076 3880 1078 3879 3878 1078 1077 3879 1079 3878 3900 1079 1078 3878 1093 1079 3900 1093 3900 3898 1091 1093 3898 1091 3898 3896 1089 1091 3896 1089 3896 3894 1087 3894 3892 1087 1089 3894 1085 1087 3892 1085 3892 3890 1083 3890 3888 1083 1085 3890 1081 3888 3876 1081 1083 3888 1069 3876 3874 1069 1081 3876 1067 3874 3872 1067 1069 3874 1065 3872 3870 1065 1067 3872 1063 3870 3868 1063 1065 3870 1061 3868 3866 1061 1063 3868 1059 3866 3864 1059 1061 3866 1057 3864 3862 1057 1059 3864 1055 3862 3860 1055 1057 3862 1053 3860 3858 1053 1055 3860 1051 3858 3856 1051 1053 3858 1050 1051 3856 1021 3828 3829 1024 3829 3831 1024 1021 3829 1026 3831 3833 1026 1024 3831 1028 3833 3835 1028 1026 3833 1030 3835 3837 1030 1028 3835 1032 3837 3839 1032 1030 3837 1034 3839 3841 1034 1032 3839 1036 3841 3843 1036 1034 3841 1038 3843 3845 1038 1036 3843 1040 1038 3845 3819 3821 1016 3819 1014 1012 3819 1016 1014 3817 1012 1010 3817 3819 1012 3815 1010 1008 3815 3817 1010 3813 3815 1008 3775 1008 1006 3775 3813 1008 1015 3822 3820 1013 3820 3818 1013 1015 3820 1011 3818 3816 1011 1013 3818 1009 3816 3814 1009 1011 3816 1007 3814 3812 1007 1009 3814 1005 1007 3812 3827 1022 1023 3830 1023 1025 3830 3827 1023 3832 1025 1027 3832 3830 1025 3834 1027 1029 3834 3832 1027 3836 1029 1031 3836 3834 1029 3838 1031 1033 3838 3836 1031 3840 1033 1035 3840 3838 1033 3842 1035 1037 3842 3840 1035 3844 1037 1039 3844 3842 1037 3846 3844 1039 3856 3854 1050 1050 3854 1048 1048 3852 1046 3854 3852 1048 1046 3850 1044 3852 3850 1046 1044 3848 1042 3850 3848 1044 1042 3846 1039 3848 3846 1042 3845 1041 1040 3845 3847 1041 3847 1043 1041 3847 3849 1043 3849 1045 1043 3849 3851 1045 3851 1047 1045 3851 3853 1047 3853 1049 1047 3853 3855 1049 3825 3828 1021 1019 3825 1021 3823 3825 1019 1017 3823 1019 3821 3823 1017 1016 3821 1017 3827 3826 1022 3826 1020 1022 3826 3824 1020 3824 1018 1020 3824 3822 1018 3822 1015 1018 3902 1071 1096 3877 1071 3902 3716 4204 3713 9386 9419 3719 3718 9419 3717 3719 9419 3718 3717 9418 3716 9419 9418 3717 3716 9418 4204 4203 9417 4202 4204 9417 4203 9418 9417 4204 9417 4201 4202 3812 3811 1005 1005 3811 1003 3811 3810 1003 3810 1001 1003 3810 3809 1001 3809 999 1001 999 3808 997 3809 3808 999 997 3807 995 3808 3807 997 995 3806 993 3807 3806 995 993 3805 991 3806 3805 993 991 3804 989 3805 3804 991 989 3803 987 3804 3803 989 987 3802 985 3803 3802 987 982 3800 980 980 3800 3793 985 3801 982 3802 3801 985 982 3801 3800 9579 9599 9580 9586 9611 9587 9585 9611 9586 9584 9611 9585 9580 9611 9584 9598 9610 9599 9597 9610 9598 9580 9610 9611 9599 9610 9580 4387 9612 9597 9597 9612 9610 9613 9609 9612 9612 9609 9610 9613 9614 9609 9614 9409 9609 9400 9612 4387 9411 9612 9615 9615 9612 9616 9616 9612 9617 9617 9612 9400 9411 9613 9612 9411 9410 9613 9410 9614 9613 9410 9408 9614 9408 9409 9614 9617 9400 9399 9616 9617 9399 9615 9616 9399 9411 9615 9399 9397 9411 9404 9404 9411 9399 9603 9551 9608 9601 9551 9603 9409 9551 9601 9608 9551 9538 9409 9618 9551 9618 9554 9551 9618 9619 9554 9619 4939 9554 4937 4934 9409 4934 9618 9409 4934 4936 9618 4936 9619 9618 4936 4939 9619 9620 9621 9622 9620 9623 9624 9620 9622 9623 9625 9624 9626 9625 9620 9624 9627 9626 9628 9627 9625 9626 9629 9627 9628 9630 9628 9631 9630 9629 9628 9632 9633 9634 9635 9632 9634 9636 9632 9635 9637 9636 9635 9621 9636 9637 9622 9621 9637 9634 9633 9638 9639 9638 9640 9639 9634 9638 9641 9640 9642 9641 9639 9640 9643 9642 9644 9643 9641 9642 9645 9644 9646 9645 9643 9644 9647 9646 9648 9647 9645 9646 9649 9648 9650 9649 9647 9648 9651 9650 9652 9651 9649 9650 9653 9652 9654 9653 9651 9652 9655 9653 9654 9654 9656 9655 9654 9657 9656 9657 9658 9656 9657 9659 9658 9659 9660 9658 9659 9661 9660 9661 9662 9660 9661 9663 9662 9663 9664 9662 9663 9665 9664 9664 9665 9666 9667 9666 9668 9667 9664 9666 9669 9668 9670 9669 9667 9668 9671 9670 9672 9671 9669 9670 9673 9672 9674 9673 9671 9672 9675 9674 9676 9675 9673 9674 9677 9676 9678 9677 9675 9676 9679 9678 9680 9679 9677 9678 9681 9680 9682 9681 9679 9680 9683 9682 9684 9683 9681 9682 9685 9683 9684 9685 9684 9686 9687 9685 9686 9687 9686 9688 9689 9687 9688 9689 9688 9690 9691 9690 9692 9691 9689 9690 9693 9691 9692 9693 9692 9694 9695 9694 9696 9695 9693 9694 9697 9696 9698 9697 9695 9696 9699 9698 9700 9699 9697 9698 9701 9700 9702 9701 9699 9700 9703 9702 9704 9703 9701 9702 9705 9704 9706 9705 9703 9704 9707 9706 9708 9707 9705 9706 9709 9708 9710 9709 9707 9708 9711 9710 9712 9711 9709 9710 9713 9712 9714 9713 9711 9712 9715 9714 9716 9715 9713 9714 9717 9716 9718 9717 9715 9716 9719 9717 9718 9718 9720 9719 9721 9720 9718 9720 9721 9722 9723 9722 9724 9723 9720 9722 9725 9724 9726 9725 9723 9724 9727 9726 9728 9727 9725 9726 9729 9728 9730 9729 9727 9728 9731 9730 9732 9731 9729 9730 9733 9732 9734 9733 9731 9732 9735 9734 9736 9735 9733 9734 9737 9736 9738 9737 9735 9736 9739 9738 9740 9739 9737 9738 9741 9739 9740 9741 9740 9742 9743 9741 9742 9743 9742 9744 9745 9743 9744 9745 9744 9746 9747 9746 9748 9747 9745 9746 9749 9747 9748 9749 9748 9750 9751 9750 9752 9751 9749 9750 9753 9752 9754 9753 9751 9752 9755 9754 9756 9755 9753 9754 9757 9756 9758 9757 9755 9756 9759 9758 9760 9759 9757 9758 9761 9760 9762 9761 9759 9760 9763 9762 9764 9763 9761 9762 9765 9764 9766 9765 9763 9764 9767 9766 9768 9767 9765 9766 9769 9768 9770 9769 9767 9768 9771 9770 9772 9771 9769 9770 9773 9772 9774 9773 9771 9772 9775 9773 9774 9774 9776 9775 9775 9776 9777 9777 9778 9779 9776 9778 9777 9779 9780 9781 9778 9780 9779 9781 9782 9783 9780 9782 9781 9783 9784 9785 9782 9784 9783 9786 9787 9788 9789 9788 9790 9789 9786 9788 9791 9790 9792 9791 9789 9790 9793 9792 9794 9793 9791 9792 9795 9794 9796 9795 9793 9794 9797 9796 9798 9797 9795 9796 9799 9798 9800 9799 9797 9798 9801 9800 9802 9801 9799 9800 9803 9802 9785 9803 9801 9802 9784 9803 9785 9786 9804 9787 9804 9805 9787 9804 9806 9805 9806 9807 9805 9806 9808 9807 9808 9809 9807 9809 9808 9810 9811 9810 9812 9811 9809 9810 9813 9812 9814 9813 9811 9812 9815 9814 9816 9815 9813 9814 9817 9816 9818 9817 9815 9816 9819 9817 9818 6302 6320 6340 6303 6340 6339 6303 6302 6340 6313 6339 6344 6313 6303 6339 6309 6344 6347 6309 6313 6344 6310 6347 6349 6310 6309 6347 6143 6454 6148 6143 6455 6454 6143 6456 6455 6143 6453 6456 5075 6327 6321 5075 6328 6327 5075 6329 6328 5075 5077 6329 5075 6453 6143 5075 6321 6453 5088 5075 6143 5088 6143 6149 6152 5088 6149 5089 5088 6152 9820 5089 6152 9820 6152 9821 9822 9820 9821 9822 9821 9823 9824 9822 9823 9824 9823 9825 9826 9824 9825 9826 9825 9827 9828 9826 9827 9828 9827 9829 9830 9828 9829 9830 9829 9831 9832 9830 9831 9832 9831 9833 9834 9832 9833 9834 9833 9835 9836 9834 9835 9837 9836 9835 9837 9835 9838 9839 9837 9838 9839 9838 9840 9841 9840 9842 9841 9839 9840 9630 9842 9818 9630 9841 9842 9629 9818 9816 9629 9630 9818 9627 9816 9814 9627 9629 9816 9625 9814 9812 9625 9627 9814 9620 9625 9812 9620 9812 9810 9621 9620 9810 9621 9810 9808 9636 9808 9806 9636 9621 9808 9632 9806 9804 9632 9636 9806 9633 9804 9786 9633 9632 9804 9638 9786 9789 9638 9633 9786 9640 9789 9791 9640 9638 9789 9642 9791 9793 9642 9640 9791 9644 9793 9795 9644 9642 9793 9646 9795 9797 9646 9644 9795 9648 9646 9797 9648 9797 9799 9650 9799 9801 9650 9648 9799 9652 9801 9803 9652 9650 9801 9654 9652 9803 9654 9803 9784 9657 9654 9784 9657 9784 9782 9659 9657 9782 9659 9782 9780 9661 9659 9780 9661 9780 9778 9663 9661 9778 9663 9778 9776 9665 9663 9776 9665 9776 9774 9666 9665 9774 9666 9774 9772 9668 9666 9772 9668 9772 9770 9670 9668 9770 9670 9770 9768 9672 9670 9768 9672 9768 9766 9674 9766 9764 9674 9672 9766 9676 9764 9762 9676 9674 9764 9678 9762 9760 9678 9676 9762 9680 9760 9758 9680 9678 9760 9682 9680 9758 9682 9758 9756 9684 9682 9756 9684 9756 9754 9721 9738 9736 9721 9736 9734 9721 9734 9732 9721 9732 9730 9721 9730 9728 9721 9728 9726 9721 9726 9724 9721 9724 9722 9686 9684 9754 9686 9754 9752 9688 9686 9752 9688 9752 9750 9690 9688 9750 9690 9750 9748 9692 9690 9748 9692 9748 9746 9694 9692 9746 9694 9746 9744 9696 9694 9744 9696 9744 9742 9698 9696 9742 9698 9742 9740 9700 9698 9740 9700 9740 9738 9718 9738 9721 9718 9700 9738 9702 9700 9718 9704 9702 9718 9714 9718 9716 9706 9704 9718 9712 9718 9714 9708 9706 9718 9710 9718 9712 9710 9708 9718 6321 6310 6349 6321 6349 6453 9818 9842 9819 9819 9842 9843 9842 9844 9843 9842 9840 9844 9840 9845 9844 9840 9838 9845 9838 9846 9845 9838 9835 9846 9835 9847 9846 9847 9833 9848 9835 9833 9847 9848 9831 9849 9833 9831 9848 9849 9829 9850 9831 9829 9849 9850 9827 9851 9829 9827 9850 9851 9825 9852 9827 9825 9851 9852 9823 9853 9825 9823 9852 9853 9821 6002 6002 9821 6152 9823 9821 9853 9541 9549 9543 9540 9549 9541 9549 9550 9543 9550 6002 9543 9550 4939 6002 6002 9854 9853 4939 9854 6002 9853 9855 9852 9854 9855 9853 9852 9856 9851 9855 9856 9852 9851 9857 9850 9856 9857 9851 9850 9858 9849 9857 9858 9850 9849 9859 9848 9858 9859 9849 9859 9860 9848 9848 9861 9847 9860 9861 9848 9847 9862 9846 9861 9862 9847 9846 9863 9845 9862 9863 9846 9845 9864 9844 9863 9864 9845 9844 9865 9843 9864 9865 9844 9843 9631 9819 9819 9631 9817 9865 9631 9843 9631 9628 9817 9817 9628 9815 9628 9626 9815 9815 9626 9813 9626 9624 9813 9813 9624 9811 9811 9623 9809 9624 9623 9811 9623 9622 9809 9622 9637 9809 9809 9637 9807 9637 9635 9807 9807 9635 9805 9805 9635 9787 9787 9634 9788 9635 9634 9787 9634 9639 9788 9788 9639 9790 9639 9641 9790 9790 9641 9792 9641 9643 9792 9792 9643 9794 9794 9645 9796 9643 9645 9794 9796 9647 9798 9645 9647 9796 9798 9649 9800 9647 9649 9798 9800 9651 9802 9649 9651 9800 9802 9653 9785 9651 9653 9802 9653 9655 9785 9785 9656 9783 9655 9656 9785 9783 9658 9781 9656 9658 9783 9781 9660 9779 9658 9660 9781 9779 9662 9777 9660 9662 9779 9777 9664 9775 9775 9664 9773 9662 9664 9777 9664 9667 9773 9773 9667 9771 9667 9669 9771 9771 9669 9769 9669 9671 9769 9769 9671 9767 9671 9673 9767 9767 9673 9765 9673 9675 9765 9765 9675 9763 9675 9677 9763 9763 9677 9761 9677 9679 9761 9761 9679 9759 9679 9681 9759 9759 9681 9757 9681 9683 9757 9757 9683 9755 9725 9720 9723 9727 9720 9725 9729 9720 9727 9731 9720 9729 9733 9720 9731 9735 9720 9733 9737 9720 9735 9739 9720 9737 9755 9685 9753 9683 9685 9755 9753 9687 9751 9685 9687 9753 9751 9689 9749 9687 9689 9751 9749 9691 9747 9689 9691 9749 9747 9693 9745 9691 9693 9747 9745 9695 9743 9693 9695 9745 9743 9697 9741 9695 9697 9743 9741 9699 9739 9697 9699 9741 9739 9701 9720 9720 9701 9719 9699 9701 9739 9701 9703 9719 9719 9715 9717 9703 9705 9719 9719 9713 9715 9705 9707 9719 9719 9711 9713 9707 9709 9719 9719 9709 9711 5089 9820 4939 4939 9820 9854 9820 9855 9854 9820 9822 9855 9822 9856 9855 9822 9824 9856 9824 9857 9856 9824 9826 9857 9826 9858 9857 9826 9828 9858 9828 9859 9858 9828 9830 9859 9830 9860 9859 9830 9832 9860 9832 9861 9860 9832 9834 9861 9834 9862 9861 9834 9836 9862 9836 9863 9862 9836 9837 9863 9837 9864 9863 9837 9839 9864 9839 9865 9864 9839 9841 9865 9841 9631 9865 9841 9630 9631 6388 6365 6367 6388 6366 6365 6388 6363 6366 9866 6353 6363 9866 6363 6388 9867 9866 6388 9868 9867 6388 6389 9868 6388 6282 9376 5064 5064 9376 5065 6278 5083 6282 6277 5083 6278 6276 5083 6277 5073 5083 6276 6282 9869 9376 5083 9869 6282 9869 9377 9376 9869 9870 9377 9870 9871 9377 9871 6290 9377 5082 6353 5083 5084 6353 5082 5085 6353 5084 5086 6353 5085 9866 9869 6353 6353 9869 5083 9866 9867 9869 9867 9870 9869 9867 9868 9870 6389 9871 9868 9868 9871 9870 6389 6393 9871 6393 6392 9871 6392 6390 9871 6390 6290 9871 9872 9372 9873 9873 9372 9371 9872 9874 9372 5258 5257 9874 9874 5257 9372 9372 5256 9373 5257 5256 9372 5256 5254 9373 5254 5253 9373 9873 9371 5262 9872 9873 5262 9874 9872 5262 5258 9874 5262 9494 9545 9555 9563 9545 8786 9561 9545 9563 9555 9545 9561 8786 9545 9875 9875 9546 9876 9545 9546 9875 9546 6002 9876 9875 5999 8786 9876 5997 9875 9875 5997 5999 9876 6000 5997 9876 6002 6000 5952 9502 9877 9877 9569 9878 9878 9569 9879 9879 9569 8786 9500 9499 9506 9501 9567 9502 9500 9567 9501 9502 9567 9877 9506 9567 9500 9877 9567 9569 9513 9565 9506 9512 9565 9513 9506 9565 9567 9512 9511 9565 9511 9510 9565 5965 5951 9880 5965 9880 9881 5965 9881 9882 8784 5966 9882 9882 5966 5967 9882 5967 5965 9879 8785 9878 8786 8785 9879 9878 8782 9877 8785 8782 9878 9877 5951 5952 9877 9880 5951 9877 9881 9880 9877 9882 9881 8782 8784 9877 9877 8784 9882 5991 8821 5992 5991 5990 8821 5990 5988 8821 8820 9883 8819 8821 9884 8820 8820 9884 9883 5988 9885 8821 8821 9885 9884 5988 5986 9885 5987 8819 9883 5987 9883 9884 5987 9884 9885 5987 9885 5986 7916 7918 9886 7449 7914 7915 7449 7915 7916 7449 9886 9887 7449 9887 9888 7449 9888 7450 7449 7916 9886 7414 7914 7449 6136 7930 6142 7930 7929 6142 7929 7928 6142 6142 7927 9889 7928 7927 6142 6127 8556 6128 6128 8556 7927 7927 8556 9889 9889 8557 9890 9890 8557 9891 8556 8557 9889 8557 6756 9891 6756 7453 9891 9889 7918 6142 6138 7918 6139 6140 7918 6138 6141 7918 6140 6142 7918 6141 7453 7452 9891 9889 9886 7918 9890 9887 9889 9889 9887 9886 7452 7451 9891 9891 9888 9890 9890 9888 9887 7451 7450 9891 9891 7450 9888 8550 6382 6381 8550 6383 6382 8550 6384 6383 6373 6384 8550 9892 6373 8550 8551 9892 8550 9893 9892 8551 8552 9893 8551 8553 9893 8552 6373 9894 6290 6373 9892 9894 9892 9895 9894 9892 9893 9895 9893 9896 9895 9893 8553 9896 8553 9897 9896 8553 8554 9897 8554 9898 9897 8554 8555 9898 8555 9899 9898 8555 8511 9899 6315 8544 6318 6315 6301 8544 6299 8545 6301 6295 8545 6299 6291 8545 6295 6301 8545 8544 6290 9894 6291 6291 9894 8545 9894 9895 8545 9895 8546 8545 9895 9896 8546 9896 8547 8546 9896 9897 8547 9897 8548 8547 9897 9898 8548 9898 8549 8548 9898 9899 8549 9899 8511 8549 9900 9901 9902 9900 9903 9904 9900 9902 9903 9905 9904 9906 9905 9900 9904 9907 9906 9908 9907 9905 9906 9909 9907 9908 9910 9908 9911 9910 9909 9908 9912 9913 9914 9915 9912 9914 9916 9912 9915 9917 9916 9915 9901 9916 9917 9902 9901 9917 9914 9913 9918 9919 9918 9920 9919 9914 9918 9921 9920 9922 9921 9919 9920 9923 9922 9924 9923 9921 9922 9925 9924 9926 9925 9923 9924 9927 9926 9928 9927 9925 9926 9929 9928 9930 9929 9927 9928 9931 9930 9932 9931 9929 9930 9933 9932 9934 9933 9931 9932 9935 9933 9934 9934 9936 9935 9934 9937 9936 9937 9938 9936 9937 9939 9938 9939 9940 9938 9939 9941 9940 9941 9942 9940 9941 9943 9942 9943 9944 9942 9943 9945 9944 9944 9945 9946 9947 9946 9948 9947 9944 9946 9949 9948 9950 9949 9947 9948 9951 9950 9952 9951 9949 9950 9953 9952 9954 9953 9951 9952 9955 9954 9956 9955 9953 9954 9957 9956 9958 9957 9955 9956 9959 9958 9960 9959 9957 9958 9961 9960 9962 9961 9959 9960 9963 9962 9964 9963 9961 9962 9965 9963 9964 9965 9964 9966 9967 9965 9966 9967 9966 9968 9969 9967 9968 9969 9968 9970 9971 9970 9972 9971 9969 9970 9973 9971 9972 9973 9972 9974 9975 9974 9976 9975 9973 9974 9977 9976 9978 9977 9975 9976 9979 9978 9980 9979 9977 9978 9981 9980 9982 9981 9979 9980 9983 9982 9984 9983 9981 9982 9985 9984 9986 9985 9983 9984 9987 9986 9988 9987 9985 9986 9989 9988 9990 9989 9987 9988 9991 9990 9992 9991 9989 9990 9993 9992 9994 9993 9991 9992 9995 9994 9996 9995 9993 9994 9997 9996 9998 9997 9995 9996 9999 9997 9998 9998 10000 9999 10001 10000 9998 10000 10001 10002 10003 10002 10004 10003 10000 10002 10005 10004 10006 10005 10003 10004 10007 10006 10008 10007 10005 10006 10009 10008 10010 10009 10007 10008 10011 10010 10012 10011 10009 10010 10013 10012 10014 10013 10011 10012 10015 10014 10016 10015 10013 10014 10017 10016 10018 10017 10015 10016 10019 10018 10020 10019 10017 10018 10021 10019 10020 10021 10020 10022 10023 10021 10022 10023 10022 10024 10025 10023 10024 10025 10024 10026 10027 10026 10028 10027 10025 10026 10029 10027 10028 10029 10028 10030 10031 10030 10032 10031 10029 10030 10033 10032 10034 10033 10031 10032 10035 10034 10036 10035 10033 10034 10037 10036 10038 10037 10035 10036 10039 10038 10040 10039 10037 10038 10041 10040 10042 10041 10039 10040 10043 10042 10044 10043 10041 10042 10045 10044 10046 10045 10043 10044 10047 10046 10048 10047 10045 10046 10049 10048 10050 10049 10047 10048 10051 10050 10052 10051 10049 10050 10053 10052 10054 10053 10051 10052 10055 10053 10054 10054 10056 10055 10055 10056 10057 10057 10058 10059 10056 10058 10057 10059 10060 10061 10058 10060 10059 10061 10062 10063 10060 10062 10061 10063 10064 10065 10062 10064 10063 10066 10067 10068 10069 10068 10070 10069 10066 10068 10071 10070 10072 10071 10069 10070 10073 10072 10074 10073 10071 10072 10075 10074 10076 10075 10073 10074 10077 10076 10078 10077 10075 10076 10079 10078 10080 10079 10077 10078 10081 10080 10082 10081 10079 10080 10083 10082 10065 10083 10081 10082 10064 10083 10065 10066 10084 10067 10084 10085 10067 10084 10086 10085 10086 10087 10085 10086 10088 10087 10088 10089 10087 10089 10088 10090 10091 10090 10092 10091 10089 10090 10093 10092 10094 10093 10091 10092 10095 10094 10096 10095 10093 10094 10097 10096 10098 10097 10095 10096 10099 10097 10098 8537 6583 7685 8538 7685 7686 8538 8537 7685 8539 7686 7687 8539 8538 7686 8540 7687 7688 8540 8539 7687 8541 7688 7689 8541 8540 7688 8542 7689 7690 8542 8541 7689 8543 7690 7691 8543 8542 7690 7654 8543 7691 8533 8543 7654 10100 7654 10101 10100 8533 7654 10102 10101 10103 10102 10100 10101 10104 10103 10105 10104 10102 10103 10106 10104 10105 10107 10105 10108 10107 10106 10105 10109 10108 10110 10109 10107 10108 10111 10110 10112 10111 10109 10110 10113 10112 10114 10113 10111 10112 9910 10114 10098 9910 10113 10114 9909 9910 10098 9909 10098 10096 9907 9909 10096 9907 10096 10094 9905 10094 10092 9905 9907 10094 9900 10092 10090 9900 9905 10092 9901 9900 10090 9901 10090 10088 9916 9901 10088 9916 10088 10086 9912 9916 10086 9912 10086 10084 9913 10084 10066 9913 9912 10084 9918 9913 10066 9918 10066 10069 9920 9918 10069 9920 10069 10071 9922 9920 10071 9922 10071 10073 9924 9922 10073 9924 10073 10075 9926 9924 10075 9926 10075 10077 9928 10077 10079 9928 9926 10077 9930 9928 10079 9930 10079 10081 9932 9930 10081 9932 10081 10083 9934 9932 10083 9934 10083 10064 9937 10064 10062 9937 9934 10064 9939 10062 10060 9939 9937 10062 9941 10060 10058 9941 9939 10060 9943 10058 10056 9943 9941 10058 9945 10056 10054 9945 9943 10056 9946 9945 10054 9946 10054 10052 9948 9946 10052 9948 10052 10050 9950 9948 10050 9950 10050 10048 9952 10048 10046 9952 9950 10048 9954 9952 10046 9954 10046 10044 9956 9954 10044 9956 10044 10042 9958 9956 10042 9958 10042 10040 9960 9958 10040 9960 10040 10038 9962 9960 10038 9962 10038 10036 9964 10036 10034 9964 9962 10036 10001 10018 10016 10001 10016 10014 10001 10014 10012 10001 10012 10010 10001 10010 10008 10001 10008 10006 10001 10006 10004 10001 10004 10002 9966 10034 10032 9966 9964 10034 9968 10032 10030 9968 9966 10032 9970 10030 10028 9970 9968 10030 9972 10028 10026 9972 9970 10028 9974 9972 10026 9974 10026 10024 9976 9974 10024 9976 10024 10022 9978 10022 10020 9978 9976 10022 9980 10020 10018 9980 9978 10020 9998 10018 10001 9998 9980 10018 9982 9980 9998 9984 9982 9998 9994 9998 9996 9986 9984 9998 9992 9998 9994 9988 9986 9998 9990 9998 9992 9990 9988 9998 6760 8534 6758 8534 6763 6758 8534 8535 6763 8535 6766 6763 8535 8536 6766 8536 6768 6766 8536 8518 6768 6768 8513 6773 8518 8513 6768 6773 8509 6775 8513 8509 6773 6775 8511 6777 8509 8511 6775 6777 10115 10116 8511 10115 6777 10116 10117 10118 10115 10117 10116 10118 10119 10120 10117 10119 10118 10120 10121 10122 10119 10121 10120 10121 10123 10122 10122 10124 10125 10123 10124 10122 10125 10126 10127 10124 10126 10125 10127 10128 10129 10126 10128 10127 10129 9911 10099 10099 9911 10097 10128 9911 10129 9911 9908 10097 10097 9908 10095 9908 9906 10095 10095 9906 10093 9906 9904 10093 10093 9904 10091 10091 9903 10089 9904 9903 10091 9903 9902 10089 10089 9917 10087 9902 9917 10089 9917 9915 10087 10087 9915 10085 10085 9915 10067 10067 9914 10068 9915 9914 10067 9914 9919 10068 10068 9919 10070 9919 9921 10070 10070 9921 10072 10072 9923 10074 9921 9923 10072 10074 9925 10076 9923 9925 10074 10076 9927 10078 9925 9927 10076 10078 9929 10080 9927 9929 10078 10080 9931 10082 9929 9931 10080 10082 9933 10065 9931 9933 10082 9933 9935 10065 10065 9936 10063 9935 9936 10065 10063 9938 10061 9936 9938 10063 10061 9940 10059 9938 9940 10061 10059 9942 10057 9940 9942 10059 10057 9944 10055 10055 9944 10053 9942 9944 10057 9944 9947 10053 10053 9947 10051 9947 9949 10051 10051 9949 10049 9949 9951 10049 10049 9951 10047 9951 9953 10047 10047 9953 10045 9953 9955 10045 10045 9955 10043 9955 9957 10043 10043 9957 10041 9957 9959 10041 10041 9959 10039 9959 9961 10039 10039 9961 10037 9961 9963 10037 10037 9963 10035 10005 10000 10003 10007 10000 10005 10009 10000 10007 10011 10000 10009 10013 10000 10011 10015 10000 10013 10017 10000 10015 10019 10000 10017 10035 9965 10033 9963 9965 10035 10033 9967 10031 9965 9967 10033 10031 9969 10029 9967 9969 10031 10029 9971 10027 9969 9971 10029 10027 9973 10025 9971 9973 10027 10025 9975 10023 9973 9975 10025 10023 9977 10021 9975 9977 10023 10021 9979 10019 9977 9979 10021 10019 9981 10000 10000 9981 9999 9979 9981 10019 9981 9983 9999 9999 9995 9997 9983 9985 9999 9999 9993 9995 9985 9987 9999 9999 9991 9993 9987 9989 9999 9999 9989 9991 8533 10115 8511 8533 10100 10115 10100 10117 10115 10100 10102 10117 10102 10119 10117 10102 10104 10119 10104 10121 10119 10104 10106 10121 10106 10123 10121 10106 10107 10123 10107 10124 10123 10107 10109 10124 10109 10126 10124 10109 10111 10126 10111 10128 10126 10111 10113 10128 10113 9911 10128 10113 9910 9911 10098 10114 10099 10099 10114 10129 10129 10112 10127 10114 10112 10129 10127 10110 10125 10112 10110 10127 10125 10108 10122 10110 10108 10125 10122 10105 10120 10108 10105 10122 10120 10103 10118 10105 10103 10120 10118 10101 10116 10103 10101 10118 10116 7654 6777 10101 7654 10116 6757 6778 6751 6449 6778 6757 6756 6779 10130 6755 6779 6756 6754 6779 6755 6753 6779 6754 6751 6779 6753 6778 6779 6751 10130 6780 10131 6779 6780 10130 6780 6781 10131 6781 10132 10131 6781 6782 10132 6782 10133 10132 6782 6783 10133 6783 10134 10133 6783 6777 10134 10134 7697 10133 6777 7697 10134 10130 7430 6756 10133 7696 10132 7697 7696 10133 10130 10135 7430 10131 10136 10130 10130 10136 10135 10132 7695 10131 7696 7695 10132 10131 7695 10136 7692 7444 7443 7692 7443 7445 7692 7445 7446 7693 7446 7430 7693 7430 10135 7693 7692 7446 7694 10135 10136 7694 7693 10135 7695 7694 10136 4562 4574 4555 4574 4571 4555 4571 4570 4555 4579 10137 4570 4570 10137 4555 10137 4554 4555 10137 10138 4554 10138 4553 4554 10138 10139 4553 10139 4365 4553 4584 4391 4393 4547 5586 4551 4547 5585 5586 4547 5582 5585 4547 4393 5582 4542 4583 4584 4542 4581 4583 4542 4584 4393 4542 4393 4547 10137 4579 4581 4541 4581 4542 4541 10137 4581 10138 10137 4541 10139 10138 4541 4365 10139 4541 4365 4410 4412 4365 10140 4410 10140 4411 4410 10140 10141 4411 4210 4411 10141 4348 4359 4351 4348 4362 4359 4348 4365 4362 10140 4365 4348 4353 10140 4348 10141 10140 4353 4210 10141 4353 4358 4370 4351 4370 4367 4351 4367 4366 4351 4375 10142 4366 4366 10142 4351 10142 4350 4351 10142 10143 4350 10143 4349 4350 10143 10144 4349 10144 4135 4349 4380 4187 4189 4343 9106 4347 4343 9105 9106 4343 9104 9105 4343 4189 9104 4338 4379 4380 4338 4377 4379 4338 4380 4189 4338 4189 4343 10142 4375 4377 4337 4377 4338 4337 10142 4377 10143 10142 4337 10144 10143 4337 4135 10144 4337 4135 4206 4208 4135 10145 4206 10145 4207 4206 10145 10146 4207 3980 4207 10146 4118 4129 4121 4118 4132 4129 4118 4135 4132 10145 4135 4118 4123 10145 4118 10146 10145 4123 3980 10146 4123 4167 4173 3778 4173 4171 3778 4171 3776 3778 3778 3795 4167 3795 4165 4167 3795 10147 4165 3795 3796 10147 3796 10148 10147 3796 10149 10148 3796 3565 10149 4163 4165 10147 4186 10147 10148 4186 10148 10149 4186 10149 3565 4186 4163 10147 4183 4161 4163 4183 4159 4161 4183 4163 4186 3966 4159 4183 3970 4159 3966 4178 9588 3966 4178 3966 4183 9591 9588 4178 9590 9591 4178 4180 9590 4178 4128 4140 4121 4140 4137 4121 4137 4136 4121 4145 10150 4136 4136 10150 4121 10150 4120 4121 10150 10151 4120 10151 4119 4120 10151 10152 4119 10152 3743 4119 4150 3955 3957 4113 5222 4117 4113 5221 5222 4113 5218 5221 4113 3957 5218 4108 4149 4150 4108 4147 4149 4108 4150 3957 4108 3957 4113 10150 4145 4147 4107 4147 4108 4107 10150 4147 10151 10150 4107 10152 10151 4107 3743 10152 4107 3743 3976 3978 3743 10153 3976 10153 3977 3976 10153 10154 3977 3577 3977 10154 3720 3737 3723 3720 3740 3737 3720 3743 3740 10153 3743 3720 3725 10153 3720 10154 10153 3725 3577 10154 3725 3919 3926 3929 3926 3923 3929 3923 3925 3929 3929 3952 3919 3952 3917 3919 3952 10155 3917 3952 3953 10155 3953 10156 10155 3953 10157 10156 3953 3787 10157 3915 3917 10155 3950 10155 10156 3950 10156 10157 3950 10157 3787 3950 3915 10155 3947 3913 3915 3947 3911 3913 3947 3915 3950 3555 3911 3947 3559 3911 3555 3942 9476 3555 3942 3555 3947 9478 9476 3942 9477 9478 3942 3944 9477 3942 3789 10158 3787 3799 10159 3798 10159 10158 3798 3417 10159 3799 3789 3798 10158 3794 3785 3787 3794 3783 3785 3794 3778 3783 3794 3787 10158 3797 10158 10159 3797 3794 10158 3417 3797 10159 3736 3748 3723 3748 3745 3723 3745 3744 3723 3753 10160 3744 3744 10160 3723 10160 3722 3723 10160 10161 3722 10161 3721 3722 10161 10162 3721 10162 3709 3721 3758 3544 3546 3715 9407 3719 3715 9406 9407 3715 9405 9406 3715 3546 9405 3710 3757 3758 3710 3755 3757 3710 3758 3546 3710 3546 3715 10160 3753 3755 3706 3755 3710 3706 10160 3755 10161 10160 3706 10162 10161 3706 3709 10162 3706 3709 3573 3575 3709 10163 3573 10163 3574 3573 10163 10164 3574 3418 3574 10164 3564 3731 3569 3564 3732 3731 3564 3709 3732 10163 3709 3564 3570 10163 3564 10164 10163 3570 3418 10164 3570 1284 10165 10166 10167 10168 10169 10165 10168 10167 1284 10168 10165 10168 3285 10169 10168 10170 3285 10170 3287 3285 10170 10171 3287 10171 3289 3287 10171 2993 3289 3123 10172 3124 1284 10172 3123 10168 1284 3123 3127 10168 3123 10170 10168 3127 3129 10170 3127 10171 10170 3129 3131 10171 3129 2993 10171 3131 10166 10165 10173 10173 10167 10174 10165 10167 10173 10174 10169 10175 10167 10169 10174 3285 3284 10169 10169 3284 10175 2706 10176 2707 2707 10176 2708 2708 10176 2709 2709 10176 1135 2706 10177 10176 2706 10178 10177 10178 10179 10177 10178 10180 10179 10178 10181 10180 10181 3125 10180 10181 10182 3125 10182 2692 3125 2694 2703 2696 10183 2703 2694 2693 10183 2694 10178 2706 2834 10178 2834 10184 2686 10185 10183 2686 10186 10185 2686 10184 10186 2686 10183 2693 2686 10178 10184 10181 10178 2686 10182 10181 2686 2692 10182 2686 10176 10177 10187 10177 10179 10187 10179 10180 10187 10187 3125 10188 10180 3125 10187 3125 3124 10189 3125 10189 10188 10190 10191 10192 10193 10191 10190 10194 10195 10193 10193 10195 10191 1130 10196 10194 10194 10196 10195 1130 1267 10196 1130 10194 1128 10194 10193 1128 10193 10190 1128 10190 10192 1128 2692 10197 3116 10198 10199 10200 10197 10199 10198 2692 10199 10197 10199 2988 10200 10199 10201 2988 10201 2990 2988 10201 10202 2990 10202 2992 2990 10202 2531 2992 2661 2675 2662 2692 2675 2661 10199 2692 2661 2665 10199 2661 10201 10199 2665 2667 10201 2665 10202 10201 2667 2669 10202 2667 2531 10202 2669 3116 10197 3117 3117 10198 3120 10197 10198 3117 3120 10200 3122 10198 10200 3120 2988 2987 3122 2988 3122 10200 2240 2670 2241 2241 2670 2243 2243 2670 2244 2244 2670 2245 2240 10203 2670 2240 10204 10203 10204 10205 10203 10204 10206 10205 10204 10207 10206 10207 2663 10206 10207 10208 2663 10208 2226 2663 2228 2237 2230 2681 2237 2228 2227 2681 2228 10204 2240 2372 10204 2372 2699 2220 2697 2681 2220 2698 2697 2220 2699 2698 2220 2681 2227 2220 10204 2699 10207 10204 2220 10208 10207 2220 2226 10208 2220 2670 10203 2671 10203 10205 2671 10205 10206 2671 2671 2663 2676 10206 2663 2671 2663 2662 2677 2663 2677 2676 10209 2688 2689 10210 2688 10209 10211 2687 10210 10210 2687 2688 2705 2685 10211 10211 2685 2687 2705 2682 2685 2705 10211 2695 10211 10210 2695 10210 10209 2695 10209 2689 2695 2226 10212 2654 10213 10214 10215 10212 10214 10213 2226 10214 10212 10214 2526 10215 10214 10216 2526 10216 2528 2526 10216 10217 2528 10217 2530 2528 10217 2065 2530 2195 2209 2196 2226 2209 2195 10214 2226 2195 2199 10214 2195 10216 10214 2199 2201 10216 2199 10217 10216 2201 2203 10217 2201 2065 10217 2203 2654 10212 2655 2655 10213 2658 10212 10213 2655 2658 10215 2660 10213 10215 2658 2526 2525 10215 10215 2525 2660 10218 10219 10220 10221 10219 10218 10220 10222 10223 10219 10222 10220 10223 10224 1764 10222 10224 10223 10224 1899 1764 1764 1762 10223 10223 1762 10220 10220 1762 10218 10218 1762 10221 1628 2204 1629 1629 2204 1631 1631 2204 1632 1632 2204 1633 1628 10225 2204 1628 10226 10225 10226 10227 10225 10226 10228 10227 10226 10229 10228 10229 2197 10228 10229 10230 2197 10230 1614 2197 1616 1625 1618 2215 1625 1616 1615 2215 1616 10226 1628 1760 10226 1760 2233 1608 2231 2215 1608 2232 2231 1608 2233 2232 1608 2215 1615 1608 10226 2233 10229 10226 1608 10230 10229 1608 1614 10230 1608 2204 10225 2205 10225 10227 2205 10227 10228 2205 2205 2197 2210 10228 2197 2205 2197 2196 2211 2197 2211 2210 10231 2222 2223 10232 2222 10231 10233 2221 10232 10232 2221 2222 2239 2219 10233 10233 2219 2221 2239 2216 2219 2239 10233 2229 10233 10232 2229 10232 10231 2229 10231 2223 2229 1614 10234 2188 10235 10236 10237 10234 10236 10235 1614 10236 10234 10236 2060 10237 10236 10238 2060 10238 2061 2060 10238 10239 2061 10239 2063 2061 10239 1453 2063 1583 1597 1584 1614 1597 1583 10236 1614 1583 1587 10236 1583 10238 10236 1587 1589 10238 1587 10239 10238 1589 1591 10239 1589 1453 10239 1591 2188 10234 2189 2189 10235 2192 10234 10235 2189 2192 10237 2194 10235 10237 2192 2060 2059 2194 2060 2194 10237 1106 1768 976 1106 1769 1768 1106 1770 1769 10240 1766 1106 1106 1766 1770 10241 10242 10240 10243 10242 10241 10240 10242 1766 10244 10245 10243 10243 10245 10242 10244 10246 10245 10244 578 10246 1898 1766 10242 1906 1898 10242 10247 1905 1906 10247 1901 1905 10247 1902 1901 10247 10242 10245 10247 10245 10246 10247 10246 578 10247 1906 10242 10248 1902 10247 10249 1763 1902 10249 1902 10248 1761 1763 10249 1106 1122 10240 10240 1122 10241 10241 1122 10243 10243 1122 10244 1122 1123 10244 1124 10244 1125 1125 10244 1123 10250 959 10251 952 959 10250 10251 960 10252 959 960 10251 10252 957 964 960 957 10252 957 956 964 964 950 10252 10252 950 10251 10251 950 10250 10250 950 952 670 1592 672 672 1592 674 674 1592 675 675 1592 676 670 10253 1592 670 10254 10253 10254 10255 10253 10254 10256 10255 10254 10257 10256 10257 1585 10256 10257 10258 1585 10258 654 1585 656 667 658 1603 667 656 655 1603 656 10254 670 805 10254 805 1621 648 1619 1603 648 1620 1619 648 1621 1620 648 1603 655 648 10254 1621 10257 10254 648 10258 10257 648 654 10258 648 1592 10253 1593 10253 10255 1593 10255 10256 1593 1593 1585 1598 10256 1585 1593 1585 1584 1599 1585 1599 1598 10259 1610 1611 10260 1610 10259 10261 1609 10260 10260 1609 1610 1627 1607 10261 10261 1607 1609 1627 1604 1607 1627 10261 1617 10261 10260 1617 10260 10259 1617 10259 1611 1617 654 10262 1576 10263 10264 10265 10262 10264 10263 654 10264 10262 10264 1448 10265 10264 10266 1448 10266 1450 1448 10266 10267 1450 10267 1452 1450 10267 454 1452 602 635 603 654 635 602 10264 654 602 607 10264 602 10266 10264 607 609 10266 607 10267 10266 609 611 10267 609 454 10267 611 1576 10262 1577 1577 10263 1580 10262 10263 1577 1580 10265 1582 10263 10265 1580 1448 1447 10265 10265 1447 1582 10268 1290 10269 1286 1290 10268 10269 1291 10270 1290 1291 10269 10270 1288 1129 1291 1288 10270 1288 1268 1129 1129 1127 10270 10270 1127 10269 10269 1127 10268 10268 1127 1286 1276 967 969 1276 970 967 1276 971 970 10271 966 1276 1276 966 971 10272 10273 10271 10274 10273 10272 10271 10273 966 939 10275 10274 10274 10275 10273 939 10276 10275 939 941 10276 1105 966 10273 1275 1105 10273 958 1274 1275 958 1270 1274 958 1271 1270 958 10273 10275 958 10275 10276 958 10276 941 958 1275 10273 953 1271 958 949 963 1271 949 1271 953 951 963 949 1276 1292 10271 10271 1292 10272 10272 1292 10274 10274 1292 939 1292 1293 939 940 939 1294 1294 939 1293 10277 941 1112 10278 10279 10277 10280 10279 10278 10281 10279 10280 10282 10279 10281 10277 10279 941 10283 10284 10282 10282 10284 10279 10283 10285 10284 10283 166 10285 10286 1124 1110 10286 1110 941 10286 941 10279 10287 10286 10279 10284 10287 10279 10288 10287 10284 10285 10288 10284 10289 10288 10285 166 10289 10285 1112 1118 10277 10277 1118 10278 10278 1119 10280 1118 1119 10278 10280 1120 10281 1119 1120 10280 1121 10281 1120 807 630 809 809 630 810 810 630 811 811 630 664 807 10290 630 807 10291 10290 10291 10292 10290 10291 10293 10292 10291 10294 10293 10294 604 10293 10294 10295 604 10295 605 604 623 639 625 643 639 623 622 643 623 10291 807 662 10291 662 661 616 659 643 616 660 659 616 661 660 616 643 622 616 10291 661 10294 10291 616 10295 10294 616 605 10295 616 630 10290 631 10290 10292 631 10292 10293 631 631 604 636 10293 604 631 604 603 637 604 637 636 10296 650 651 10297 650 10296 10298 649 10297 10297 649 650 669 647 10298 10298 647 649 669 644 647 669 10298 657 10298 10297 657 10297 10296 657 10296 651 657 605 10299 587 10300 10301 10302 10299 10301 10300 605 10301 10299 10301 449 10302 10301 10303 449 10303 451 449 10303 10304 451 10304 453 451 10304 165 453 577 599 580 605 599 577 10301 605 577 582 10301 577 10303 10301 582 584 10303 582 10304 10303 584 586 10304 584 165 10304 586 587 10299 588 588 10300 591 10299 10300 588 591 10302 593 10300 10302 591 449 448 593 449 593 10302</p>
        </triangles>
      </mesh>
    </geometry>
    <geometry id="geometry_15849e20_a7f8_4282_a4ed_7ecd350ef354">
      <mesh>
        <source id="pos_1">
          <float_array id="pos_1-array" count="12567">-3.086 1.396 328.153 -3.17 1.195 328.153 -3.129 1.296 328.18 -1.196 3.169 328.153 -1.397 3.086 328.153 -1.296 3.129 328.18 1.395 3.087 328.153 1.195 3.17 328.152 1.296 3.129 328.18 3.17 1.195 328.153 3.086 1.397 328.153 3.129 1.296 328.18 3.086 -1.396 328.153 3.17 -1.195 328.153 3.129 -1.296 328.18 1.195 -3.17 328.153 1.397 -3.086 328.153 1.296 -3.129 328.18 -1.396 -3.086 328.153 -1.195 -3.17 328.153 -1.296 -3.129 328.18 -3.17 -1.195 328.153 -3.086 -1.397 328.153 -3.129 -1.296 328.18 -9.513 0.475 152.4 -9.525 0 152.4 -9.378 -0 156.619 -9.478 0.948 152.4 -9.419 1.42 152.4 -9.478 -0.948 152.4 -9.419 -1.42 152.4 -9.513 -0.475 152.4 -3.523 0.352 323.785 -3.546 -0 323.61 -3.393 0 328.005 -3.391 0.112 328.006 -3.385 0.223 328.01 -3.375 0.335 328.016 -3.362 0.446 328.025 -3.47 0.701 323.785 -3.345 0.556 328.036 -3.325 0.665 328.05 -3.3 0.774 328.066 -3.383 1.043 323.785 -3.273 0.881 328.084 -3.242 0.987 328.105 -3.207 1.092 328.128 -3.262 1.375 323.785 -3.04 1.496 328.128 -2.991 1.594 328.105 -3.109 1.693 323.785 -2.938 1.691 328.084 -2.882 1.786 328.066 -2.822 1.88 328.05 -2.925 1.994 323.785 -2.759 1.972 328.036 -2.693 2.061 328.025 -2.712 2.276 323.785 -2.625 2.149 328.016 -2.553 2.235 328.01 -2.478 2.318 328.006 -3.675 0.368 319.391 -3.7 -0 319.216 -2.472 2.534 323.785 -2.4 2.398 328.005 -2.32 2.476 328.006 -2.236 2.551 328.01 -3.62 0.732 319.391 -2.207 2.768 323.785 -2.151 2.623 328.016 -2.063 2.692 328.025 -3.529 1.089 319.391 -1.921 2.974 323.785 -1.973 2.758 328.036 -1.881 2.821 328.05 -1.787 2.881 328.066 -3.404 1.435 319.391 -1.615 3.15 323.785 -1.692 2.937 328.084 -1.594 2.99 328.105 -1.496 3.04 328.128 -3.244 1.766 319.391 -1.293 3.295 323.785 -1.094 3.207 328.128 -0.99 3.241 328.105 -3.052 2.081 319.391 -0.959 3.408 323.785 -0.885 3.272 328.085 -0.778 3.299 328.067 -0.67 3.324 328.051 -2.829 2.374 319.391 -0.615 3.486 323.785 -0.56 3.344 328.037 -0.45 3.361 328.026 -0.339 3.375 328.017 -3.828 0.383 314.996 -3.853 -0 314.821 -2.579 2.644 319.391 -0.265 3.53 323.785 -0.228 3.385 328.01 -0.116 3.391 328.006 -3.771 0.762 314.996 -2.303 2.888 319.391 0.088 3.539 323.785 -0.004 3.393 328.005 0.109 3.391 328.006 0.221 3.385 328.01 -3.676 1.134 314.996 -2.004 3.103 319.391 0.44 3.513 323.785 0.332 3.376 328.016 0.443 3.363 328.025 0.554 3.346 328.036 -3.545 1.494 314.996 -1.685 3.287 319.391 0.788 3.451 323.785 0.664 3.325 328.05 0.773 3.301 328.066 -3.379 1.84 314.996 -1.349 3.438 319.391 1.127 3.356 323.785 0.88 3.273 328.084 0.986 3.242 328.105 1.091 3.208 328.127 -3.179 2.167 314.996 -1 3.556 319.391 1.456 3.227 323.785 1.494 3.041 328.128 1.592 2.992 328.105 1.688 2.939 328.085 -2.947 2.473 314.996 -0.641 3.637 319.391 1.77 3.066 323.785 1.783 2.883 328.067 1.877 2.824 328.051 -3.981 0.398 310.602 -4.007 -0 310.427 -2.686 2.754 314.996 -0.276 3.683 319.391 2.067 2.874 323.785 1.969 2.761 328.037 2.059 2.695 328.025 2.147 2.626 328.017 -3.921 0.793 310.602 -2.399 3.008 314.996 0.092 3.692 319.391 2.342 2.654 323.785 2.233 2.554 328.01 2.316 2.479 328.006 2.397 2.401 328.005 -3.823 1.179 310.602 -2.087 3.232 314.996 0.459 3.665 319.391 2.595 2.408 323.785 2.475 2.321 328.006 2.55 2.238 328.01 -3.686 1.554 310.602 -1.755 3.423 314.996 0.822 3.601 319.391 2.822 2.138 323.785 2.622 2.152 328.016 2.691 2.064 328.025 2.758 1.974 328.036 -3.513 1.913 310.602 -1.405 3.581 314.996 1.176 3.501 319.391 3.021 1.846 323.785 2.821 1.881 328.05 2.881 1.787 328.066 2.937 1.692 328.084 -3.305 2.254 310.602 -1.042 3.703 314.996 1.519 3.367 319.391 3.19 1.536 323.785 2.99 1.595 328.105 3.04 1.496 328.128 -3.065 2.571 310.602 -0.668 3.789 314.996 1.847 3.199 319.391 3.327 1.211 323.785 3.208 1.092 328.128 3.242 0.988 328.105 3.273 0.882 328.084 -4.133 0.414 306.207 -4.16 -0 306.032 -2.793 2.864 310.602 -0.287 3.836 314.996 2.156 2.999 319.391 3.431 0.874 323.785 3.301 0.775 328.066 3.325 0.666 328.05 3.345 0.557 328.036 -4.072 0.823 306.207 -2.494 3.128 310.602 0.096 3.846 314.996 2.444 2.769 319.391 3.501 0.528 323.785 3.362 0.447 328.025 3.375 0.336 328.016 -3.969 1.224 306.207 -2.17 3.361 310.602 0.478 3.817 314.996 2.708 2.512 319.391 3.536 0.176 323.785 3.385 0.225 328.01 3.391 0.113 328.006 3.393 0.001 328.005 -3.828 1.614 306.207 -1.825 3.56 310.602 0.856 3.751 314.996 2.944 2.23 319.391 3.536 -0.176 323.785 3.391 -0.11 328.006 3.385 -0.222 328.01 3.375 -0.334 328.016 -3.648 1.987 306.207 -1.462 3.724 310.602 1.225 3.647 314.996 3.152 1.926 319.391 3.501 -0.528 323.785 3.362 -0.445 328.025 3.345 -0.555 328.036 -3.432 2.34 306.207 -1.083 3.851 310.602 1.582 3.507 314.996 3.328 1.603 319.391 3.431 -0.874 323.785 3.325 -0.665 328.05 3.301 -0.773 328.066 3.273 -0.881 328.084 -3.182 2.67 306.207 -0.695 3.94 310.602 1.924 3.332 314.996 3.471 1.263 319.391 3.327 -1.211 323.785 3.242 -0.987 328.105 3.208 -1.092 328.128 -4.286 0.429 301.813 -4.314 -0 301.638 -2.9 2.974 306.207 -0.299 3.989 310.602 2.246 3.124 314.996 3.579 0.911 319.391 3.19 -1.536 323.785 3.04 -1.496 328.128 2.991 -1.594 328.105 2.938 -1.691 328.084 -4.222 0.853 301.813 -2.59 3.248 306.207 0.1 3.999 310.602 2.546 2.884 314.996 3.652 0.55 319.391 3.021 -1.846 323.785 2.882 -1.786 328.066 2.822 -1.88 328.05 2.759 -1.972 328.036 -4.116 1.27 301.813 -2.254 3.489 306.207 0.497 3.969 310.602 2.82 2.617 314.996 3.689 0.184 319.391 2.822 -2.138 323.785 2.693 -2.061 328.025 2.625 -2.149 328.016 2.553 -2.235 328.01 -3.969 1.673 301.813 -1.895 3.696 306.207 0.89 3.9 310.602 3.067 2.323 314.996 3.689 -0.184 319.391 2.595 -2.408 323.785 2.478 -2.318 328.006 2.4 -2.398 328.005 -3.783 2.06 301.813 -1.518 3.867 306.207 1.274 3.792 310.602 3.283 2.006 314.996 3.652 -0.55 319.391 2.342 -2.654 323.785 2.32 -2.476 328.006 2.236 -2.551 328.01 2.151 -2.623 328.016 -3.559 2.426 301.813 -1.125 3.999 306.207 1.645 3.646 310.602 3.466 1.669 314.996 3.579 -0.911 319.391 2.067 -2.874 323.785 2.063 -2.692 328.025 1.973 -2.758 328.036 1.881 -2.821 328.05 -3.3 2.769 301.813 -0.721 4.091 306.207 2 3.465 310.602 3.615 1.316 314.996 3.471 -1.263 319.391 1.77 -3.066 323.785 1.787 -2.881 328.066 1.692 -2.937 328.084 -4.439 0.444 297.418 -4.467 -0 297.243 -3.008 3.084 301.813 -0.31 4.142 306.207 2.335 3.248 310.602 3.728 0.949 314.996 3.328 -1.603 319.391 1.456 -3.227 323.785 1.594 -2.99 328.105 1.496 -3.04 328.128 1.092 -3.208 328.128 -4.372 0.884 297.418 -2.686 3.368 301.813 0.104 4.153 306.207 2.647 2.999 310.602 3.804 0.573 314.996 3.152 -1.926 319.391 1.127 -3.356 323.785 0.882 -3.273 328.084 0.775 -3.301 328.066 0.988 -3.242 328.105 -4.263 1.315 297.418 -2.337 3.618 301.813 0.517 4.122 306.207 2.933 2.721 310.602 3.842 0.192 314.996 2.944 -2.23 319.391 0.788 -3.451 323.785 0.666 -3.325 328.05 0.557 -3.345 328.036 -4.111 1.733 297.418 -1.965 3.833 301.813 0.924 4.05 306.207 3.189 2.416 310.602 3.842 -0.192 314.996 2.708 -2.512 319.391 0.44 -3.513 323.785 0.447 -3.362 328.025 0.336 -3.375 328.016 0.225 -3.385 328.01 -3.918 2.133 297.418 -1.574 4.01 301.813 1.323 3.938 306.207 3.414 2.086 310.602 3.804 -0.573 314.996 2.444 -2.769 319.391 0.088 -3.539 323.785 0.113 -3.391 328.006 0.001 -3.393 328.005 -0.11 -3.391 328.006 -3.686 2.513 297.418 -1.167 4.146 301.813 1.708 3.786 306.207 3.604 1.736 310.602 3.728 -0.949 314.996 2.156 -2.999 319.391 -0.265 -3.53 323.785 -0.222 -3.385 328.01 -0.334 -3.375 328.016 -3.417 2.867 297.418 -0.748 4.242 301.813 2.077 3.597 306.207 3.759 1.368 310.602 3.615 -1.316 314.996 1.847 -3.199 319.391 -0.615 -3.486 323.785 -0.445 -3.362 328.025 -0.555 -3.345 328.036 -0.665 -3.325 328.05 -4.591 0.459 293.024 -4.62 -0 292.849 -3.115 3.193 297.418 -0.322 4.295 301.813 2.425 3.373 306.207 3.877 0.987 310.602 3.466 -1.669 314.996 1.519 -3.367 319.391 -0.959 -3.408 323.785 -0.773 -3.301 328.066 -0.881 -3.273 328.084 -0.987 -3.242 328.105 -4.523 0.914 293.024 -2.781 3.488 297.418 0.107 4.306 301.813 2.749 3.115 306.207 3.956 0.596 310.602 3.283 -2.006 314.996 1.176 -3.501 319.391 -1.293 -3.295 323.785 -1.092 -3.208 328.128 -1.496 -3.04 328.128 -4.409 1.36 293.024 -2.42 3.747 297.418 0.536 4.274 301.813 3.045 2.825 306.207 3.996 0.199 310.602 3.067 -2.323 314.996 0.822 -3.601 319.391 -1.615 -3.15 323.785 -1.594 -2.991 328.105 -1.691 -2.938 328.084 -1.786 -2.882 328.066 -4.252 1.792 293.024 -2.035 3.97 297.418 0.958 4.199 301.813 3.311 2.508 306.207 3.996 -0.199 310.602 2.82 -2.617 314.996 0.459 -3.665 319.391 -1.921 -2.974 323.785 -1.88 -2.822 328.05 -1.972 -2.759 328.036 -2.061 -2.693 328.025 -4.052 2.207 293.024 -1.63 4.152 297.418 1.372 4.083 301.813 3.545 2.166 306.207 3.956 -0.596 310.602 2.546 -2.884 314.996 0.092 -3.692 319.391 -2.207 -2.768 323.785 -2.149 -2.625 328.016 -2.235 -2.553 328.01 -3.813 2.599 293.024 -1.208 4.294 297.418 1.772 3.926 301.813 3.743 1.802 306.207 3.877 -0.987 310.602 2.246 -3.124 314.996 -0.276 -3.683 319.391 -2.472 -2.534 323.785 -2.318 -2.478 328.006 -2.398 -2.4 328.005 -2.476 -2.32 328.006 -3.535 2.966 293.024 -0.775 4.393 297.418 2.154 3.73 301.813 3.903 1.421 306.207 3.759 -1.368 310.602 1.924 -3.332 314.996 -0.641 -3.637 319.391 -4.744 0.475 288.629 -4.774 -0 288.454 -2.712 -2.276 323.785 -2.551 -2.236 328.01 -2.623 -2.151 328.016 -2.692 -2.063 328.025 -3.222 3.303 293.024 -0.333 4.448 297.418 2.514 3.497 301.813 4.025 1.025 306.207 3.604 -1.736 310.602 1.582 -3.507 314.996 -1 -3.556 319.391 -4.673 0.945 288.629 -2.925 -1.994 323.785 -2.758 -1.973 328.036 -2.821 -1.881 328.05 -2.877 3.608 293.024 0.111 4.459 297.418 2.85 3.23 301.813 4.108 0.619 306.207 3.414 -2.086 310.602 1.225 -3.647 314.996 -1.349 -3.438 319.391 -4.556 1.405 288.629 -3.109 -1.693 323.785 -2.881 -1.787 328.066 -2.937 -1.692 328.084 -2.99 -1.594 328.105 -2.503 3.876 293.024 0.555 4.426 297.418 3.158 2.93 301.813 4.149 0.207 306.207 3.189 -2.416 310.602 0.856 -3.751 314.996 -1.685 -3.287 319.391 -4.393 1.852 288.629 -3.262 -1.375 323.785 -3.04 -1.496 328.128 -3.208 -1.092 328.128 -2.105 4.106 293.024 0.993 4.349 297.418 3.434 2.601 301.813 4.149 -0.207 306.207 2.933 -2.721 310.602 0.478 -3.817 314.996 -2.004 -3.103 319.391 -4.187 2.28 288.629 -3.383 -1.043 323.785 -3.242 -0.987 328.105 -3.273 -0.881 328.084 -3.301 -0.774 328.066 -1.686 4.295 293.024 1.421 4.229 297.418 3.675 2.246 301.813 4.108 -0.619 306.207 2.647 -2.999 310.602 0.096 -3.846 314.996 -2.303 -2.888 319.391 -3.939 2.686 288.629 -3.47 -0.701 323.785 -3.325 -0.666 328.05 -3.345 -0.556 328.036 -3.362 -0.446 328.025 -1.25 4.442 293.024 1.835 4.066 297.418 3.881 1.869 301.813 4.025 -1.025 306.207 2.335 -3.248 310.602 -0.287 -3.836 314.996 -2.579 -2.644 319.391 -3.652 3.065 288.629 -3.523 -0.352 323.785 -3.376 -0.335 328.016 -3.385 -0.224 328.01 -3.391 -0.112 328.006 -0.801 4.544 293.024 2.23 3.863 297.418 4.048 1.473 301.813 3.903 -1.421 306.207 2 -3.465 310.602 -0.668 -3.789 314.996 -4.897 0.49 284.235 -4.927 -0 284.06 -2.829 -2.374 319.391 -3.329 3.413 288.629 -0.345 4.601 293.024 2.604 3.622 297.418 4.174 1.063 301.813 3.743 -1.802 306.207 1.645 -3.646 310.602 -1.042 -3.703 314.996 -4.824 0.975 284.235 -3.052 -2.081 319.391 -2.973 3.728 288.629 0.115 4.613 293.024 2.952 3.345 297.418 4.259 0.642 301.813 3.545 -2.166 306.207 1.274 -3.792 310.602 -1.405 -3.581 314.996 -4.703 1.451 284.235 -3.244 -1.766 319.391 -2.587 4.005 288.629 0.574 4.578 293.024 3.27 3.034 297.418 4.302 0.215 301.813 3.311 -2.508 306.207 0.89 -3.9 310.602 -1.755 -3.423 314.996 -4.535 1.912 284.235 -3.404 -1.435 319.391 -2.175 4.243 288.629 1.027 4.499 293.024 3.556 2.693 297.418 4.302 -0.215 301.813 3.045 -2.825 306.207 0.497 -3.969 310.602 -2.087 -3.232 314.996 -4.322 2.354 284.235 -3.529 -1.089 319.391 -1.742 4.438 288.629 1.47 4.374 293.024 3.806 2.326 297.418 4.259 -0.642 301.813 2.749 -3.115 306.207 0.1 -3.999 310.602 -2.399 -3.008 314.996 -4.066 2.772 284.235 -3.62 -0.732 319.391 -1.291 4.59 288.629 1.898 4.206 293.024 4.019 1.935 297.418 4.174 -1.063 301.813 2.425 -3.373 306.207 -0.299 -3.989 310.602 -2.686 -2.754 314.996 -3.77 3.163 284.235 -3.675 -0.368 319.391 -0.828 4.695 288.629 2.307 3.996 293.024 4.192 1.526 297.418 4.048 -1.473 301.813 2.077 -3.597 306.207 -0.695 -3.94 310.602 -5.049 0.505 279.84 -5.081 -0 279.665 -2.947 -2.473 314.996 -3.436 3.523 284.235 -0.356 4.754 288.629 2.694 3.747 293.024 4.323 1.101 297.418 3.881 -1.869 301.813 1.708 -3.786 306.207 -1.083 -3.851 310.602 -4.974 1.006 279.84 -3.179 -2.167 314.996 -3.068 3.848 284.235 0.119 4.766 288.629 3.053 3.46 293.024 4.411 0.665 297.418 3.675 -2.246 301.813 1.323 -3.938 306.207 -1.462 -3.724 310.602 -4.849 1.496 279.84 -3.379 -1.84 314.996 -2.67 4.134 284.235 0.593 4.731 288.629 3.383 3.139 293.024 4.455 0.222 297.418 3.434 -2.601 301.813 0.924 -4.05 306.207 -1.825 -3.56 310.602 -4.676 1.971 279.84 -3.545 -1.494 314.996 -2.245 4.379 284.235 1.061 4.648 288.629 3.678 2.786 293.024 4.455 -0.222 297.418 3.158 -2.93 301.813 0.517 -4.122 306.207 -2.17 -3.361 310.602 -4.457 2.427 279.84 -3.676 -1.134 314.996 -1.798 4.581 284.235 1.518 4.519 288.629 3.937 2.406 293.024 4.411 -0.665 297.418 2.85 -3.23 301.813 0.104 -4.153 306.207 -2.494 -3.128 310.602 -4.193 2.859 279.84 -3.771 -0.762 314.996 -1.333 4.737 284.235 1.961 4.346 288.629 4.157 2.002 293.024 4.323 -1.101 297.418 2.514 -3.497 301.813 -0.31 -4.142 306.207 -2.793 -2.864 310.602 -3.887 3.262 279.84 -3.828 -0.383 314.996 -0.855 4.846 284.235 2.384 4.129 288.629 4.336 1.578 293.024 4.192 -1.526 297.418 2.154 -3.73 301.813 -0.721 -4.091 306.207 -5.202 0.521 275.446 -5.234 -0 275.271 -3.065 -2.571 310.602 -3.543 3.633 279.84 -0.368 4.907 284.235 2.783 3.871 288.629 4.472 1.139 293.024 4.019 -1.935 297.418 1.772 -3.926 301.813 -1.125 -3.999 306.207 -5.124 1.036 275.446 -3.305 -2.254 310.602 -3.164 3.968 279.84 0.123 4.92 284.235 3.155 3.575 288.629 4.563 0.688 293.024 3.806 -2.326 297.418 1.372 -4.083 301.813 -1.518 -3.867 306.207 -4.996 1.541 275.446 -3.513 -1.913 310.602 -2.753 4.263 279.84 0.612 4.883 284.235 3.495 3.243 288.629 4.609 0.23 293.024 3.556 -2.693 297.418 0.958 -4.199 301.813 -1.895 -3.696 306.207 -4.818 2.031 275.446 -3.686 -1.554 310.602 -2.315 4.516 279.84 1.095 4.798 284.235 3.801 2.879 288.629 4.609 -0.23 293.024 3.27 -3.034 297.418 0.536 -4.274 301.813 -2.254 -3.489 306.207 -4.591 2.5 275.446 -3.823 -1.179 310.602 -1.854 4.724 279.84 1.567 4.665 284.235 4.068 2.486 288.629 4.563 -0.688 293.024 2.952 -3.345 297.418 0.107 -4.306 301.813 -2.59 -3.248 306.207 -4.32 2.945 275.446 -3.921 -0.793 310.602 -1.374 4.885 279.84 2.024 4.486 284.235 4.296 2.069 288.629 4.472 -1.139 293.024 2.604 -3.622 297.418 -0.322 -4.295 301.813 -2.9 -2.974 306.207 -4.005 3.361 275.446 -3.981 -0.398 310.602 -0.881 4.998 279.84 2.461 4.262 284.235 4.48 1.631 288.629 4.336 -1.578 293.024 2.23 -3.863 297.418 -0.748 -4.242 301.813 -5.355 0.536 271.051 -5.388 -0 270.876 -3.182 -2.67 306.207 -3.65 3.743 275.446 -0.379 5.06 279.84 2.873 3.996 284.235 4.62 1.176 288.629 4.157 -2.002 293.024 1.835 -4.066 297.418 -1.167 -4.146 301.813 -5.275 1.066 271.051 -3.432 -2.34 306.207 -3.26 4.088 275.446 0.127 5.073 279.84 3.256 3.69 284.235 4.715 0.711 288.629 3.937 -2.406 293.024 1.421 -4.229 297.418 -1.574 -4.01 301.813 -5.143 1.586 271.051 -3.648 -1.987 306.207 -2.837 4.392 275.446 0.631 5.035 279.84 3.608 3.347 284.235 4.762 0.238 288.629 3.678 -2.786 293.024 0.993 -4.349 297.418 -1.965 -3.833 301.813 -4.959 2.09 271.051 -3.828 -1.614 306.207 -2.385 4.652 275.446 1.129 4.947 279.84 3.923 2.971 284.235 4.762 -0.238 288.629 3.383 -3.139 293.024 0.555 -4.426 297.418 -2.337 -3.618 301.813 -4.726 2.574 271.051 -3.969 -1.224 306.207 -1.91 4.867 275.446 1.616 4.81 279.84 4.199 2.566 284.235 4.715 -0.711 288.629 3.053 -3.46 293.024 0.111 -4.459 297.418 -2.686 -3.368 301.813 -4.446 3.032 271.051 -4.072 -0.823 306.207 -1.416 5.033 275.446 2.087 4.626 279.84 4.434 2.135 284.235 4.62 -1.176 288.629 2.694 -3.747 293.024 -0.333 -4.448 297.418 -3.008 -3.084 301.813 -4.123 3.459 271.051 -4.133 -0.414 306.207 -0.908 5.149 275.446 2.537 4.395 279.84 4.624 1.683 284.235 4.48 -1.631 288.629 2.307 -3.996 293.024 -0.775 -4.393 297.418 -5.508 0.551 266.657 -5.541 -0 266.482 -3.3 -2.769 301.813 -3.758 3.853 271.051 -0.391 5.214 275.446 2.962 4.12 279.84 4.769 1.214 284.235 4.296 -2.069 288.629 1.898 -4.206 293.024 -1.208 -4.294 297.418 -5.425 1.097 266.657 -3.559 -2.426 301.813 -3.355 4.208 271.051 0.13 5.227 275.446 3.358 3.805 279.84 4.866 0.733 284.235 4.068 -2.486 288.629 1.47 -4.374 293.024 -1.63 -4.152 297.418 -5.289 1.631 266.657 -3.783 -2.06 301.813 -2.92 4.521 271.051 0.65 5.188 275.446 3.72 3.452 279.84 4.915 0.245 284.235 3.801 -2.879 288.629 1.027 -4.499 293.024 -2.035 -3.97 297.418 -5.1 2.15 266.657 -3.969 -1.673 301.813 -2.455 4.789 271.051 1.163 5.097 275.446 4.045 3.064 279.84 4.915 -0.245 284.235 3.495 -3.243 288.629 0.574 -4.578 293.024 -2.42 -3.747 297.418 -4.861 2.647 266.657 -4.116 -1.27 301.813 -1.966 5.01 271.051 1.665 4.956 275.446 4.33 2.646 279.84 4.866 -0.733 284.235 3.155 -3.575 288.629 0.115 -4.613 293.024 -2.781 -3.488 297.418 -4.573 3.118 266.657 -4.222 -0.853 301.813 -1.458 5.18 271.051 2.15 4.765 275.446 4.572 2.202 279.84 4.769 -1.214 284.235 2.783 -3.871 288.629 -0.345 -4.601 293.024 -3.115 -3.193 297.418 -4.24 3.558 266.657 -4.286 -0.429 301.813 -0.935 5.3 271.051 2.614 4.528 275.446 4.769 1.736 279.84 4.624 -1.683 284.235 2.384 -4.129 288.629 -0.801 -4.544 293.024 -5.66 0.566 262.262 -5.695 -0 262.087 -3.417 -2.867 297.418 -3.865 3.962 266.657 -0.402 5.367 271.051 3.052 4.245 275.446 4.918 1.252 279.84 4.434 -2.135 284.235 1.961 -4.346 288.629 -1.25 -4.442 293.024 -5.576 1.127 262.262 -3.686 -2.513 297.418 -3.451 4.327 266.657 0.134 5.38 271.051 3.459 3.92 275.446 5.018 0.756 279.84 4.199 -2.566 284.235 1.518 -4.519 288.629 -1.686 -4.295 293.024 -5.436 1.677 262.262 -3.918 -2.133 297.418 -3.003 4.65 266.657 0.669 5.34 271.051 3.833 3.556 275.446 5.068 0.253 279.84 3.923 -2.971 284.235 1.061 -4.648 288.629 -2.105 -4.106 293.024 -5.242 2.21 262.262 -4.111 -1.733 297.418 -2.525 4.925 266.657 1.198 5.247 271.051 4.168 3.157 275.446 5.068 -0.253 279.84 3.608 -3.347 284.235 0.593 -4.731 288.629 -2.503 -3.876 293.024 -4.996 2.721 262.262 -4.263 -1.315 297.418 -2.022 5.152 266.657 1.714 5.101 271.051 4.461 2.726 275.446 5.018 -0.756 279.84 3.256 -3.69 284.235 0.119 -4.766 288.629 -2.877 -3.608 293.024 -4.7 3.204 262.262 -4.372 -0.884 297.418 -1.499 5.328 266.657 2.213 4.905 271.051 4.71 2.268 275.446 4.918 -1.252 279.84 2.873 -3.996 284.235 -0.356 -4.754 288.629 -3.222 -3.303 293.024 -4.358 3.657 262.262 -4.439 -0.444 297.418 -0.961 5.451 266.657 2.691 4.661 271.051 4.913 1.788 275.446 4.769 -1.736 279.84 2.461 -4.262 284.235 -0.828 -4.695 288.629 -5.813 0.582 257.868 -5.848 -0 257.693 -3.535 -2.966 293.024 -3.972 4.072 262.262 -0.414 5.52 266.657 3.141 4.37 271.051 5.066 1.29 275.446 4.572 -2.202 279.84 2.024 -4.486 284.235 -1.291 -4.59 288.629 -5.726 1.158 257.868 -3.813 -2.599 293.024 -3.547 4.447 262.262 0.138 5.533 266.657 3.561 4.035 271.051 5.17 0.779 275.446 4.33 -2.646 279.84 1.567 -4.665 284.235 -1.742 -4.438 288.629 -5.582 1.722 257.868 -4.052 -2.207 293.024 -3.086 4.779 262.262 0.688 5.492 266.657 3.945 3.66 271.051 5.222 0.261 275.446 4.045 -3.064 279.84 1.095 -4.798 284.235 -2.175 -4.243 288.629 -5.383 2.269 257.868 -4.252 -1.792 293.024 -2.595 5.062 262.262 1.232 5.396 266.657 4.29 3.249 271.051 5.222 -0.261 275.446 3.72 -3.452 279.84 0.612 -4.883 284.235 -2.587 -4.005 288.629 -5.131 2.794 257.868 -4.409 -1.36 293.024 -2.078 5.295 262.262 1.763 5.247 266.657 4.592 2.806 271.051 5.17 -0.779 275.446 3.358 -3.805 279.84 0.123 -4.92 284.235 -2.973 -3.728 288.629 -4.827 3.291 257.868 -4.523 -0.914 293.024 -1.541 5.476 262.262 2.277 5.045 266.657 4.849 2.335 271.051 5.066 -1.29 275.446 2.962 -4.12 279.84 -0.368 -4.907 284.235 -3.329 -3.413 288.629 -4.475 3.755 257.868 -4.591 -0.459 293.024 -0.988 5.602 262.262 2.768 4.794 266.657 5.057 1.841 271.051 4.913 -1.788 275.446 2.537 -4.395 279.84 -0.855 -4.846 284.235 -5.966 0.597 253.473 -6.002 -0 253.298 -3.652 -3.065 288.629 -4.079 4.182 257.868 -0.425 5.673 262.262 3.231 4.494 266.657 5.215 1.328 271.051 4.71 -2.268 275.446 2.087 -4.626 279.84 -1.333 -4.737 284.235 -5.877 1.188 253.473 -3.939 -2.686 288.629 -3.642 4.567 257.868 0.142 5.687 262.262 3.662 4.15 266.657 5.321 0.802 271.051 4.461 -2.726 275.446 1.616 -4.81 279.84 -1.798 -4.581 284.235 -5.729 1.767 253.473 -4.187 -2.28 288.629 -3.17 4.907 257.868 0.707 5.644 262.262 4.057 3.765 266.657 5.375 0.268 271.051 4.168 -3.157 275.446 1.129 -4.947 279.84 -2.245 -4.379 284.235 -5.525 2.329 253.473 -4.393 -1.852 288.629 -2.665 5.199 257.868 1.266 5.546 262.262 4.412 3.342 266.657 5.375 -0.268 271.051 3.833 -3.556 275.446 0.631 -5.035 279.84 -2.67 -4.134 284.235 -5.265 2.867 253.473 -4.556 -1.405 288.629 -2.134 5.438 257.868 1.812 5.392 262.262 4.723 2.886 266.657 5.321 -0.802 271.051 3.459 -3.92 275.446 0.127 -5.073 279.84 -3.068 -3.848 284.235 -4.954 3.377 253.473 -4.673 -0.945 288.629 -1.582 5.624 257.868 2.34 5.185 262.262 4.987 2.402 266.657 5.215 -1.328 271.051 3.052 -4.245 275.446 -0.379 -5.06 279.84 -3.436 -3.523 284.235 -4.593 3.854 253.473 -4.744 -0.475 288.629 -1.014 5.753 257.868 2.844 4.926 262.262 5.201 1.893 266.657 5.057 -1.841 271.051 2.614 -4.528 275.446 -0.881 -4.998 279.84 -6.118 0.612 249.079 -6.155 -0 248.904 -3.77 -3.163 284.235 -4.186 4.292 253.473 -0.437 5.826 257.868 3.321 4.619 262.262 5.364 1.366 266.657 4.849 -2.335 271.051 2.15 -4.765 275.446 -1.374 -4.885 279.84 -6.027 1.218 249.079 -4.066 -2.772 284.235 -3.738 4.687 253.473 0.146 5.84 257.868 3.764 4.265 262.262 5.473 0.825 266.657 4.592 -2.806 271.051 1.665 -4.956 275.446 -1.854 -4.724 279.84 -5.876 1.812 249.079 -4.322 -2.354 284.235 -3.253 5.036 253.473 0.726 5.797 257.868 4.17 3.869 262.262 5.528 0.276 266.657 4.29 -3.249 271.051 1.163 -5.097 275.446 -2.315 -4.516 279.84 -5.666 2.388 249.079 -4.535 -1.912 284.235 -2.735 5.335 253.473 1.3 5.696 257.868 4.535 3.435 262.262 5.528 -0.276 266.657 3.945 -3.66 271.051 0.65 -5.188 275.446 -2.753 -4.263 279.84 -5.4 2.941 249.079 -4.703 -1.451 284.235 -2.19 5.581 253.473 1.861 5.538 257.868 4.854 2.966 262.262 5.473 -0.825 266.657 3.561 -4.035 271.051 0.13 -5.227 275.446 -3.164 -3.968 279.84 -5.08 3.464 249.079 -4.824 -0.975 284.235 -1.624 5.771 253.473 2.403 5.325 257.868 5.125 2.468 262.262 5.364 -1.366 266.657 3.141 -4.37 271.051 -0.391 -5.214 275.446 -3.543 -3.633 279.84 -4.71 3.952 249.079 -4.897 -0.49 284.235 -1.041 5.904 253.473 2.921 5.059 257.868 5.345 1.946 262.262 5.201 -1.893 266.657 2.691 -4.661 271.051 -0.908 -5.149 275.446 -6.271 0.628 244.684 -6.308 -0 244.509 -3.887 -3.262 279.84 -4.293 4.402 249.079 -0.448 5.979 253.473 3.41 4.743 257.868 5.513 1.404 262.262 4.987 -2.402 266.657 2.213 -4.905 271.051 -1.416 -5.033 275.446 -6.177 1.249 244.684 -4.193 -2.859 279.84 -3.834 4.807 249.079 0.149 5.994 253.473 3.866 4.38 257.868 5.625 0.848 262.262 4.723 -2.886 266.657 1.714 -5.101 271.051 -1.91 -4.867 275.446 -6.022 1.858 244.684 -4.457 -2.427 279.84 -3.336 5.165 249.079 0.745 5.949 253.473 4.282 3.974 257.868 5.681 0.284 262.262 4.412 -3.342 266.657 1.198 -5.247 271.051 -2.385 -4.652 275.446 -5.807 2.448 244.684 -4.676 -1.971 279.84 -2.805 5.472 249.079 1.334 5.845 253.473 4.657 3.527 257.868 5.681 -0.284 262.262 4.057 -3.765 266.657 0.669 -5.34 271.051 -2.837 -4.392 275.446 -5.535 3.014 244.684 -4.849 -1.496 279.84 -2.246 5.724 249.079 1.909 5.683 253.473 4.985 3.046 257.868 5.625 -0.848 262.262 3.662 -4.15 266.657 0.134 -5.38 271.051 -3.26 -4.088 275.446 -5.207 3.55 244.684 -4.974 -1.006 279.84 -1.665 5.919 249.079 2.466 5.465 253.473 5.263 2.535 257.868 5.513 -1.404 262.262 3.231 -4.494 266.657 -0.402 -5.367 271.051 -3.65 -3.743 275.446 -4.828 4.051 244.684 -5.049 -0.505 279.84 -1.068 6.055 249.079 2.998 5.192 253.473 5.49 1.998 257.868 5.345 -1.946 262.262 2.768 -4.794 266.657 -0.935 -5.3 271.051 -6.424 0.643 240.29 -6.462 -0 240.115 -4.005 -3.361 275.446 -4.401 4.512 244.684 -0.46 6.132 249.079 3.5 4.868 253.473 5.661 1.442 257.868 5.125 -2.468 262.262 2.277 -5.045 266.657 -1.458 -5.18 271.051 -6.328 1.279 240.29 -4.32 -2.945 275.446 -3.929 4.927 244.684 0.153 6.147 249.079 3.967 4.495 253.473 5.777 0.871 257.868 4.854 -2.966 262.262 1.763 -5.247 266.657 -1.966 -5.01 271.051 -6.169 1.903 240.29 -4.591 -2.5 275.446 -3.419 5.294 244.684 0.765 6.101 249.079 4.395 4.078 253.473 5.835 0.291 257.868 4.535 -3.435 262.262 1.232 -5.396 266.657 -2.455 -4.789 271.051 -5.949 2.508 240.29 -4.818 -2.031 275.446 -2.875 5.608 244.684 1.368 5.995 249.079 4.779 3.62 253.473 5.835 -0.291 257.868 4.17 -3.869 262.262 0.688 -5.492 266.657 -2.92 -4.521 271.051 -5.67 3.088 240.29 -4.996 -1.541 275.446 -2.303 5.867 244.684 1.958 5.829 249.079 5.116 3.126 253.473 5.777 -0.871 257.868 3.764 -4.265 262.262 0.138 -5.533 266.657 -3.355 -4.208 271.051 -5.334 3.637 240.29 -5.124 -1.036 275.446 -1.707 6.067 244.684 2.529 5.605 249.079 5.402 2.601 253.473 5.661 -1.442 257.868 3.321 -4.619 262.262 -0.414 -5.52 266.657 -3.758 -3.853 271.051 -4.945 4.15 240.29 -5.202 -0.521 275.446 -1.094 6.207 244.684 3.074 5.325 249.079 5.634 2.051 253.473 5.49 -1.998 257.868 2.844 -4.926 262.262 -0.961 -5.451 266.657 -6.576 0.658 235.895 -6.615 -0 235.72 -4.123 -3.459 271.051 -4.508 4.622 240.29 -0.471 6.285 244.684 3.589 4.993 249.079 5.81 1.479 253.473 5.263 -2.535 257.868 2.34 -5.185 262.262 -1.499 -5.328 266.657 -6.478 1.31 235.895 -4.446 -3.032 271.051 -4.025 5.047 240.29 0.157 6.3 244.684 4.069 4.61 249.079 5.928 0.894 253.473 4.985 -3.046 257.868 1.812 -5.392 262.262 -2.022 -5.152 266.657 -6.316 1.948 235.895 -4.726 -2.574 271.051 -3.503 5.423 240.29 0.784 6.253 244.684 4.507 4.182 249.079 5.988 0.299 253.473 4.657 -3.527 257.868 1.266 -5.546 262.262 -2.525 -4.925 266.657 -6.09 2.567 235.895 -4.959 -2.09 271.051 -2.945 5.745 240.29 1.402 6.144 244.684 4.901 3.713 249.079 5.988 -0.299 253.473 4.282 -3.974 257.868 0.707 -5.644 262.262 -3.003 -4.65 266.657 -5.804 3.161 235.895 -5.143 -1.586 271.051 -2.359 6.01 240.29 2.007 5.974 244.684 5.247 3.206 249.079 5.928 -0.894 253.473 3.866 -4.38 257.868 0.142 -5.687 262.262 -3.451 -4.327 266.657 -5.461 3.723 235.895 -5.275 -1.066 271.051 -1.748 6.215 240.29 2.592 5.745 244.684 5.54 2.668 249.079 5.81 -1.479 253.473 3.41 -4.743 257.868 -0.425 -5.673 262.262 -3.865 -3.962 266.657 -5.063 4.248 235.895 -5.355 -0.536 271.051 -1.121 6.358 240.29 3.151 5.458 244.684 5.778 2.103 249.079 5.634 -2.051 253.473 2.921 -5.059 257.868 -0.988 -5.602 262.262 -6.729 0.673 231.501 -6.769 -0 231.326 -4.24 -3.558 266.657 -4.615 4.731 235.895 -0.482 6.438 240.29 3.679 5.117 244.684 5.959 1.517 249.079 5.402 -2.601 253.473 2.403 -5.325 257.868 -1.541 -5.476 262.262 -6.629 1.34 231.501 -4.573 -3.118 266.657 -4.121 5.167 235.895 0.161 6.454 240.29 4.17 4.725 244.684 6.08 0.916 249.079 5.116 -3.126 253.473 1.861 -5.538 257.868 -2.078 -5.295 262.262 -6.462 1.993 231.501 -4.861 -2.647 266.657 -3.586 5.552 235.895 0.803 6.406 240.29 4.62 4.287 244.684 6.141 0.306 249.079 4.779 -3.62 253.473 1.3 -5.696 257.868 -2.595 -5.062 262.262 -6.232 2.627 231.501 -5.1 -2.15 266.657 -3.015 5.881 235.895 1.437 6.294 240.29 5.024 3.805 244.684 6.141 -0.306 249.079 4.395 -4.078 253.473 0.726 -5.797 257.868 -3.086 -4.779 262.262 -5.939 3.234 231.501 -5.289 -1.631 266.657 -2.415 6.152 235.895 2.056 6.12 240.29 5.378 3.286 244.684 6.08 -0.916 249.079 3.967 -4.495 253.473 0.146 -5.84 257.868 -3.547 -4.447 262.262 -5.588 3.81 231.501 -5.425 -1.097 266.657 -1.79 6.362 235.895 2.655 5.885 240.29 5.678 2.734 244.684 5.959 -1.517 249.079 3.5 -4.868 253.473 -0.437 -5.826 257.868 -3.972 -4.072 262.262 -5.181 4.347 231.501 -5.508 -0.551 266.657 -1.148 6.509 235.895 3.228 5.591 240.29 5.922 2.156 244.684 5.778 -2.103 249.079 2.998 -5.192 253.473 -1.014 -5.753 257.868 -6.882 0.689 227.106 -6.922 -0 226.931 -4.358 -3.657 262.262 -4.722 4.841 231.501 -0.494 6.591 235.895 3.769 5.242 240.29 6.107 1.555 244.684 5.54 -2.668 249.079 2.466 -5.465 253.473 -1.582 -5.624 257.868 -6.779 1.37 227.106 -4.7 -3.204 262.262 -4.216 5.287 231.501 0.165 6.607 235.895 4.272 4.84 240.29 6.232 0.939 244.684 5.247 -3.206 249.079 1.909 -5.683 253.473 -2.134 -5.438 257.868 -6.609 2.039 227.106 -4.996 -2.721 262.262 -3.669 5.681 231.501 0.822 6.558 235.895 4.732 4.391 240.29 6.295 0.314 244.684 4.901 -3.713 249.079 1.334 -5.845 253.473 -2.665 -5.199 257.868 -6.373 2.686 227.106 -5.242 -2.21 262.262 -3.085 6.018 231.501 1.471 6.444 235.895 5.146 3.898 240.29 6.295 -0.314 244.684 4.507 -4.182 249.079 0.745 -5.949 253.473 -3.17 -4.907 257.868 -6.074 3.308 227.106 -5.436 -1.677 262.262 -2.471 6.295 231.501 2.105 6.265 235.895 5.509 3.366 240.29 6.232 -0.939 244.684 4.069 -4.61 249.079 0.149 -5.994 253.473 -3.642 -4.567 257.868 -5.714 3.896 227.106 -5.576 -1.127 262.262 -1.832 6.51 231.501 2.718 6.024 235.895 5.816 2.801 240.29 6.107 -1.555 244.684 3.589 -4.993 249.079 -0.448 -5.979 253.473 -4.079 -4.182 257.868 -5.298 4.446 227.106 -5.66 -0.566 262.262 -1.174 6.66 231.501 3.305 5.724 235.895 6.066 2.208 240.29 5.922 -2.156 244.684 3.074 -5.325 249.079 -1.041 -5.904 253.473 -7.035 0.704 222.712 -7.076 -0 222.537 -4.475 -3.755 257.868 -4.829 4.951 227.106 -0.505 6.744 231.501 3.858 5.366 235.895 6.256 1.593 240.29 5.678 -2.734 244.684 2.529 -5.605 249.079 -1.624 -5.771 253.473 -6.929 1.401 222.712 -4.827 -3.291 257.868 -4.312 5.407 227.106 0.169 6.761 231.501 4.373 4.956 235.895 6.384 0.962 240.29 5.378 -3.286 244.684 1.958 -5.829 249.079 -2.19 -5.581 253.473 -6.756 2.084 222.712 -5.131 -2.794 257.868 -3.752 5.81 227.106 0.841 6.71 231.501 4.845 4.495 235.895 6.448 0.322 240.29 5.024 -3.805 244.684 1.368 -5.995 249.079 -2.735 -5.335 253.473 -6.515 2.746 222.712 -5.383 -2.269 257.868 -3.155 6.155 227.106 1.505 6.593 231.501 5.268 3.991 235.895 6.448 -0.322 240.29 4.62 -4.287 244.684 0.765 -6.101 249.079 -3.253 -5.036 253.473 -6.209 3.381 222.712 -5.582 -1.722 257.868 -2.527 6.438 227.106 2.154 6.411 231.501 5.64 3.446 235.895 6.384 -0.962 240.29 4.17 -4.725 244.684 0.153 -6.147 249.079 -3.738 -4.687 253.473 -5.841 3.982 222.712 -5.726 -1.158 257.868 -1.873 6.658 227.106 2.781 6.164 231.501 5.955 2.868 235.895 6.256 -1.593 240.29 3.679 -5.117 244.684 -0.46 -6.132 249.079 -4.186 -4.292 253.473 -5.416 4.544 222.712 -5.813 -0.582 257.868 -1.201 6.811 227.106 3.381 5.857 231.501 6.211 2.261 235.895 6.066 -2.208 240.29 3.151 -5.458 244.684 -1.068 -6.055 249.079 -7.187 0.719 218.317 -7.229 -0 218.142 -4.593 -3.854 253.473 -4.936 5.061 222.712 -0.517 6.897 227.106 3.948 5.491 231.501 6.405 1.631 235.895 5.816 -2.801 240.29 2.592 -5.745 244.684 -1.665 -5.919 249.079 -7.08 1.431 218.317 -4.954 -3.377 253.473 -4.408 5.527 222.712 0.172 6.914 227.106 4.475 5.071 231.501 6.535 0.985 235.895 5.509 -3.366 240.29 2.007 -5.974 244.684 -2.246 -5.724 249.079 -6.902 2.129 218.317 -5.265 -2.867 253.473 -3.836 5.939 222.712 0.86 6.863 227.106 4.957 4.6 231.501 6.601 0.329 235.895 5.146 -3.898 240.29 1.402 -6.144 244.684 -2.805 -5.472 249.079 -6.656 2.806 218.317 -5.525 -2.329 253.473 -3.225 6.291 222.712 1.539 6.743 227.106 5.391 4.083 231.501 6.601 -0.329 235.895 4.732 -4.391 240.29 0.784 -6.253 244.684 -3.336 -5.165 249.079 -6.343 3.454 218.317 -5.729 -1.767 253.473 -2.583 6.581 222.712 2.203 6.556 227.106 5.771 3.526 231.501 6.535 -0.985 235.895 4.272 -4.84 240.29 0.157 -6.3 244.684 -3.834 -4.807 249.079 -5.968 4.069 218.317 -5.877 -1.188 253.473 -1.915 6.805 222.712 2.845 6.304 227.106 6.093 2.934 231.501 6.405 -1.631 235.895 3.769 -5.242 240.29 -0.471 -6.285 244.684 -4.293 -4.402 249.079 -5.533 4.643 218.317 -5.966 -0.597 253.473 -1.228 6.962 222.712 3.458 5.99 227.106 6.355 2.313 231.501 6.211 -2.261 235.895 3.228 -5.591 240.29 -1.094 -6.207 244.684 -7.34 0.734 213.923 -7.383 -0 213.748 -4.71 -3.952 249.079 -5.043 5.171 218.317 -0.528 7.05 222.712 4.037 5.616 227.106 6.554 1.669 231.501 5.955 -2.868 235.895 2.655 -5.885 240.29 -1.707 -6.067 244.684 -7.23 1.462 213.923 -5.08 -3.464 249.079 -4.504 5.647 218.317 0.176 7.067 222.712 4.576 5.186 227.106 6.687 1.008 231.501 5.64 -3.446 235.895 2.056 -6.12 240.29 -2.303 -5.867 244.684 -7.049 2.174 213.923 -5.4 -2.941 249.079 -3.919 6.068 218.317 0.879 7.015 222.712 5.07 4.704 227.106 6.754 0.337 231.501 5.268 -3.991 235.895 1.437 -6.294 240.29 -2.875 -5.608 244.684 -6.797 2.865 213.923 -5.666 -2.388 249.079 -3.295 6.428 218.317 1.573 6.892 222.712 5.513 4.176 227.106 6.754 -0.337 231.501 4.845 -4.495 235.895 0.803 -6.406 240.29 -3.419 -5.294 244.684 -6.478 3.528 213.923 -5.876 -1.812 249.079 -2.639 6.724 218.317 2.252 6.702 222.712 5.902 3.606 227.106 6.687 -1.008 231.501 4.373 -4.956 235.895 0.161 -6.454 240.29 -3.929 -4.927 244.684 -6.095 4.155 213.923 -6.027 -1.218 249.079 -1.956 6.953 218.317 2.908 6.444 222.712 6.231 3.001 227.106 6.554 -1.669 231.501 3.858 -5.366 235.895 -0.482 -6.438 240.29 -4.401 -4.512 244.684 -5.651 4.742 213.923 -6.118 -0.612 249.079 -1.254 7.113 218.317 3.535 6.123 222.712 6.499 2.365 227.106 6.355 -2.313 231.501 3.305 -5.724 235.895 -1.121 -6.358 240.29 -7.493 0.75 209.528 -7.536 -0 209.353 -4.828 -4.051 244.684 -5.151 5.281 213.923 -0.54 7.203 218.317 4.127 5.74 222.712 6.702 1.707 227.106 6.093 -2.934 231.501 2.718 -6.024 235.895 -1.748 -6.215 240.29 -7.381 1.492 209.528 -5.207 -3.55 244.684 -4.599 5.767 213.923 0.18 7.221 218.317 4.678 5.301 222.712 6.839 1.031 227.106 5.771 -3.526 231.501 2.105 -6.265 235.895 -2.359 -6.01 240.29 -7.195 2.22 209.528 -5.535 -3.014 244.684 -4.002 6.197 213.923 0.898 7.167 218.317 5.182 4.809 222.712 6.908 0.345 227.106 5.391 -4.083 231.501 1.471 -6.444 235.895 -2.945 -5.745 240.29 -6.939 2.925 209.528 -5.807 -2.448 244.684 -3.365 6.564 213.923 1.607 7.042 218.317 5.635 4.269 222.712 6.908 -0.345 227.106 4.957 -4.6 231.501 0.822 -6.558 235.895 -3.503 -5.423 240.29 -6.613 3.601 209.528 -6.022 -1.858 244.684 -2.695 6.867 213.923 2.3 6.847 218.317 6.032 3.686 222.712 6.839 -1.031 227.106 4.475 -5.071 231.501 0.165 -6.607 235.895 -4.025 -5.047 240.29 -6.222 4.242 209.528 -6.177 -1.249 244.684 -1.998 7.101 213.923 2.971 6.584 218.317 6.37 3.067 222.712 6.702 -1.707 227.106 3.948 -5.491 231.501 -0.494 -6.591 235.895 -4.508 -4.622 240.29 -5.768 4.84 209.528 -6.271 -0.628 244.684 -1.281 7.265 213.923 3.612 6.255 218.317 6.643 2.418 222.712 6.499 -2.365 227.106 3.381 -5.857 231.501 -1.148 -6.509 235.895 -7.645 0.765 205.134 -7.69 -0 204.959 -4.945 -4.15 240.29 -5.258 5.391 209.528 -0.551 7.356 213.923 4.216 5.865 218.317 6.851 1.744 222.712 6.231 -3.001 227.106 2.781 -6.164 231.501 -1.79 -6.362 235.895 -7.531 1.522 205.134 -5.334 -3.637 240.29 -4.695 5.887 209.528 0.184 7.374 213.923 4.779 5.416 218.317 6.991 1.054 222.712 5.902 -3.606 227.106 2.154 -6.411 231.501 -2.415 -6.152 235.895 -7.342 2.265 205.134 -5.67 -3.088 240.29 -4.085 6.325 209.528 0.917 7.319 213.923 5.295 4.913 218.317 7.061 0.352 222.712 5.513 -4.176 227.106 1.505 -6.593 231.501 -3.015 -5.881 235.895 -7.08 2.985 205.134 -5.949 -2.508 240.29 -3.435 6.701 209.528 1.641 7.192 213.923 5.758 4.361 218.317 7.061 -0.352 222.712 5.07 -4.704 227.106 0.841 -6.71 231.501 -3.586 -5.552 235.895 -6.748 3.675 205.134 -6.169 -1.903 240.29 -2.751 7.01 209.528 2.349 6.992 213.923 6.163 3.766 218.317 6.991 -1.054 222.712 4.576 -5.186 227.106 0.169 -6.761 231.501 -4.121 -5.167 235.895 -6.348 4.328 205.134 -6.328 -1.279 240.29 -2.039 7.249 209.528 3.034 6.724 213.923 6.508 3.134 218.317 6.851 -1.744 222.712 4.037 -5.616 227.106 -0.505 -6.744 231.501 -4.615 -4.731 235.895 -5.886 4.939 205.134 -6.424 -0.643 240.29 -1.308 7.416 209.528 3.688 6.388 213.923 6.788 2.47 218.317 6.643 -2.418 222.712 3.458 -5.99 227.106 -1.174 -6.66 231.501 -7.798 0.78 200.739 -7.843 -0 200.564 -5.063 -4.248 235.895 -5.365 5.5 205.134 -0.563 7.509 209.528 4.306 5.989 213.923 7 1.782 218.317 6.37 -3.067 222.712 2.845 -6.304 227.106 -1.832 -6.51 231.501 -7.682 1.553 200.739 -5.461 -3.723 235.895 -4.791 6.007 205.134 0.188 7.528 209.528 4.881 5.531 213.923 7.142 1.077 218.317 6.032 -3.686 222.712 2.203 -6.556 227.106 -2.471 -6.295 231.501 -7.489 2.31 200.739 -5.804 -3.161 235.895 -4.169 6.454 205.134 0.936 7.472 209.528 5.407 5.017 213.923 7.214 0.36 218.317 5.635 -4.269 222.712 1.539 -6.743 227.106 -3.085 -6.018 231.501 -7.222 3.044 200.739 -6.09 -2.567 235.895 -3.505 6.837 205.134 1.676 7.341 209.528 5.88 4.454 213.923 7.214 -0.36 218.317 5.182 -4.809 222.712 0.86 -6.863 227.106 -3.669 -5.681 231.501 -6.883 3.748 200.739 -6.316 -1.948 235.895 -2.807 7.152 205.134 2.398 7.138 209.528 6.294 3.846 213.923 7.142 -1.077 218.317 4.678 -5.301 222.712 0.172 -6.914 227.106 -4.216 -5.287 231.501 -6.475 4.415 200.739 -6.478 -1.31 235.895 -2.081 7.396 205.134 3.097 6.864 209.528 6.646 3.201 213.923 7 -1.782 218.317 4.127 -5.74 222.712 -0.517 -6.897 227.106 -4.722 -4.841 231.501 -6.003 5.037 200.739 -6.576 -0.658 235.895 -1.334 7.567 205.134 3.765 6.521 209.528 6.932 2.523 213.923 6.788 -2.47 218.317 3.535 -6.123 222.712 -1.201 -6.811 227.106 -7.951 0.796 196.345 -7.997 -0 196.17 -5.181 -4.347 231.501 -5.472 5.61 200.739 -0.574 7.662 205.134 4.396 6.114 209.528 7.148 1.82 213.923 6.508 -3.134 218.317 2.908 -6.444 222.712 -1.873 -6.658 227.106 -7.832 1.583 196.345 -5.588 -3.81 231.501 -4.886 6.127 200.739 0.192 7.681 205.134 4.983 5.646 209.528 7.294 1.099 213.923 6.163 -3.766 218.317 2.252 -6.702 222.712 -2.527 -6.438 227.106 -7.635 2.355 196.345 -5.939 -3.234 231.501 -4.252 6.583 200.739 0.955 7.624 205.134 5.52 5.122 209.528 7.367 0.368 213.923 5.758 -4.361 218.317 1.573 -6.892 222.712 -3.155 -6.155 227.106 -7.363 3.104 196.345 -6.232 -2.627 231.501 -3.575 6.974 200.739 1.71 7.491 205.134 6.002 4.547 209.528 7.367 -0.368 213.923 5.295 -4.913 218.317 0.879 -7.015 222.712 -3.752 -5.81 227.106 -7.017 3.821 196.345 -6.462 -1.993 231.501 -2.863 7.295 200.739 2.447 7.283 205.134 6.425 3.926 209.528 7.294 -1.099 213.923 4.779 -5.416 218.317 0.176 -7.067 222.712 -4.312 -5.407 227.106 -6.602 4.501 196.345 -6.629 -1.34 231.501 -2.123 7.544 200.739 3.16 7.004 205.134 6.784 3.267 209.528 7.148 -1.82 213.923 4.216 -5.865 218.317 -0.528 -7.05 222.712 -4.829 -4.951 227.106 -6.121 5.136 196.345 -6.729 -0.673 231.501 -1.361 7.718 200.739 3.842 6.654 205.134 7.076 2.575 209.528 6.932 -2.523 213.923 3.612 -6.255 218.317 -1.228 -6.962 222.712 -8.103 0.811 191.95 -8.15 -0 191.775 -5.298 -4.446 227.106 -5.579 5.72 196.345 -0.586 7.815 200.739 4.485 6.239 205.134 7.297 1.858 209.528 6.646 -3.201 213.923 2.971 -6.584 218.317 -1.915 -6.805 222.712 -7.982 1.614 191.95 -5.714 -3.896 227.106 -4.982 6.247 196.345 0.195 7.835 200.739 5.084 5.761 205.134 7.446 1.122 209.528 6.294 -3.846 213.923 2.3 -6.847 218.317 -2.583 -6.581 222.712 -7.782 2.4 191.95 -6.074 -3.308 227.106 -4.335 6.712 196.345 0.974 7.776 200.739 5.632 5.226 205.134 7.521 0.375 209.528 5.88 -4.454 213.923 1.607 -7.042 218.317 -3.225 -6.291 222.712 -7.504 3.163 191.95 -6.373 -2.686 227.106 -3.645 7.11 196.345 1.744 7.64 200.739 6.125 4.639 205.134 7.521 -0.375 209.528 5.407 -5.017 213.923 0.898 -7.167 218.317 -3.836 -5.939 222.712 -7.152 3.895 191.95 -6.609 -2.039 227.106 -2.919 7.438 196.345 2.496 7.429 200.739 6.556 4.006 205.134 7.446 -1.122 209.528 4.881 -5.531 213.923 0.18 -7.221 218.317 -4.408 -5.527 222.712 -6.729 4.588 191.95 -6.779 -1.37 227.106 -2.164 7.692 196.345 3.223 7.143 200.739 6.923 3.334 205.134 7.297 -1.858 209.528 4.306 -5.989 213.923 -0.54 -7.203 218.317 -4.936 -5.061 222.712 -6.239 5.235 191.95 -6.882 -0.689 227.106 -1.388 7.869 196.345 3.918 6.787 200.739 7.22 2.628 205.134 7.076 -2.575 209.528 3.688 -6.388 213.923 -1.254 -7.113 218.317 -8.256 0.826 187.556 -8.303 -0 187.381 -5.416 -4.544 222.712 -5.686 5.83 191.95 -0.597 7.968 196.345 4.575 6.363 200.739 7.446 1.896 205.134 6.784 -3.267 209.528 3.034 -6.724 213.923 -1.956 -6.953 218.317 -8.133 1.644 187.556 -5.841 -3.982 222.712 -5.078 6.367 191.95 0.199 7.988 196.345 5.186 5.876 200.739 7.598 1.145 205.134 6.425 -3.926 209.528 2.349 -6.992 213.923 -2.639 -6.724 218.317 -7.929 2.446 187.556 -6.209 -3.381 222.712 -4.418 6.841 191.95 0.994 7.928 196.345 5.745 5.33 200.739 7.674 0.383 205.134 6.002 -4.547 209.528 1.641 -7.192 213.923 -3.295 -6.428 218.317 -7.646 3.223 187.556 -6.515 -2.746 222.712 -3.715 7.247 191.95 1.778 7.79 196.345 6.247 4.732 200.739 7.674 -0.383 205.134 5.52 -5.122 209.528 0.917 -7.319 213.923 -3.919 -6.068 218.317 -7.287 3.968 187.556 -6.756 -2.084 222.712 -2.975 7.581 191.95 2.545 7.574 196.345 6.687 4.086 200.739 7.598 -1.145 205.134 4.983 -5.646 209.528 0.184 -7.374 213.923 -4.504 -5.647 218.317 -6.856 4.674 187.556 -6.929 -1.401 222.712 -2.206 7.839 191.95 3.286 7.283 196.345 7.061 3.4 200.739 7.446 -1.896 205.134 4.396 -6.114 209.528 -0.551 -7.356 213.923 -5.043 -5.171 218.317 -6.356 5.333 187.556 -7.035 -0.704 222.712 -1.414 8.02 191.95 3.995 6.92 196.345 7.364 2.68 200.739 7.22 -2.628 205.134 3.765 -6.521 209.528 -1.281 -7.265 213.923 -8.409 0.841 183.161 -8.457 -0 182.986 -5.533 -4.643 218.317 -5.793 5.94 187.556 -0.609 8.121 191.95 4.664 6.488 196.345 7.595 1.934 200.739 6.923 -3.334 205.134 3.097 -6.864 209.528 -1.998 -7.101 213.923 -8.283 1.674 183.161 -5.968 -4.069 218.317 -5.173 6.487 187.556 0.203 8.141 191.95 5.287 5.991 196.345 7.749 1.168 200.739 6.556 -4.006 205.134 2.398 -7.138 209.528 -2.695 -6.867 213.923 -8.075 2.491 183.161 -6.343 -3.454 218.317 -4.502 6.97 187.556 1.013 8.081 191.95 5.857 5.435 196.345 7.827 0.391 200.739 6.125 -4.639 205.134 1.676 -7.341 209.528 -3.365 -6.564 213.923 -7.787 3.283 183.161 -6.656 -2.806 218.317 -3.785 7.384 187.556 1.812 7.94 191.95 6.369 4.825 196.345 7.827 -0.391 200.739 5.632 -5.226 205.134 0.936 -7.472 209.528 -4.002 -6.197 213.923 -7.422 4.042 183.161 -6.902 -2.129 218.317 -3.031 7.724 187.556 2.594 7.72 191.95 6.818 4.166 196.345 7.749 -1.168 200.739 5.084 -5.761 205.134 0.188 -7.528 209.528 -4.599 -5.767 213.923 -6.982 4.76 183.161 -7.08 -1.431 218.317 -2.247 7.987 187.556 3.349 7.423 191.95 7.199 3.467 196.345 7.595 -1.934 200.739 4.485 -6.239 205.134 -0.563 -7.509 209.528 -5.151 -5.281 213.923 -6.474 5.432 183.161 -7.187 -0.719 218.317 -1.441 8.171 187.556 4.072 7.053 191.95 7.509 2.733 196.345 7.364 -2.68 200.739 3.842 -6.654 205.134 -1.308 -7.416 209.528 -8.561 0.857 178.767 -8.61 -0 178.592 -5.651 -4.742 213.923 -5.901 6.05 183.161 -0.62 8.274 187.556 4.754 6.612 191.95 7.743 1.972 196.345 7.061 -3.4 200.739 3.16 -7.004 205.134 -2.039 -7.249 209.528 -8.434 1.705 178.767 -6.095 -4.155 213.923 -5.269 6.607 183.161 0.207 8.295 187.556 5.389 6.106 191.95 7.901 1.191 196.345 6.687 -4.086 200.739 2.447 -7.283 205.134 -2.751 -7.01 209.528 -8.222 2.536 178.767 -6.478 -3.528 213.923 -4.585 7.099 183.161 1.032 8.233 187.556 5.97 5.539 191.95 7.98 0.398 196.345 6.247 -4.732 200.739 1.71 -7.491 205.134 -3.435 -6.701 209.528 -7.929 3.342 178.767 -6.797 -2.865 213.923 -3.855 7.52 183.161 1.846 8.089 187.556 6.492 4.917 191.95 7.98 -0.398 196.345 5.745 -5.33 200.739 0.955 -7.624 205.134 -4.085 -6.325 209.528 -7.556 4.115 178.767 -7.049 -2.174 213.923 -3.087 7.867 183.161 2.643 7.865 187.556 6.949 4.246 191.95 7.901 -1.191 196.345 5.186 -5.876 200.739 0.192 -7.681 205.134 -4.695 -5.887 209.528 -7.109 4.847 178.767 -7.23 -1.462 213.923 -2.289 8.135 183.161 3.413 7.563 187.556 7.337 3.533 191.95 7.743 -1.972 196.345 4.575 -6.363 200.739 -0.574 -7.662 205.134 -5.258 -5.391 209.528 -6.591 5.531 178.767 -7.34 -0.734 213.923 -1.467 8.322 183.161 4.149 7.186 187.556 7.653 2.785 191.95 7.509 -2.733 196.345 3.918 -6.787 200.739 -1.334 -7.567 205.134 -8.714 0.872 174.372 -8.764 -0 174.197 -5.768 -4.84 209.528 -6.008 6.159 178.767 -0.632 8.427 183.161 4.844 6.737 187.556 7.892 2.01 191.95 7.199 -3.467 196.345 3.223 -7.143 200.739 -2.081 -7.396 205.134 -8.584 1.735 174.372 -6.222 -4.242 209.528 -5.365 6.727 178.767 0.211 8.448 183.161 5.49 6.221 187.556 8.053 1.214 191.95 6.818 -4.166 196.345 2.496 -7.429 200.739 -2.807 -7.152 205.134 -8.369 2.581 174.372 -6.613 -3.601 209.528 -4.668 7.228 178.767 1.051 8.385 183.161 6.082 5.644 187.556 8.134 0.406 191.95 6.369 -4.825 196.345 1.744 -7.64 200.739 -3.505 -6.837 205.134 -8.07 3.402 174.372 -6.939 -2.925 209.528 -3.925 7.657 178.767 1.88 8.239 183.161 6.614 5.01 187.556 8.134 -0.406 191.95 5.857 -5.435 196.345 0.974 -7.776 200.739 -4.169 -6.454 205.134 -7.691 4.188 174.372 -7.195 -2.22 209.528 -3.143 8.009 178.767 2.691 8.011 183.161 7.08 4.327 187.556 8.053 -1.214 191.95 5.287 -5.991 196.345 0.195 -7.835 200.739 -4.791 -6.007 205.134 -7.236 4.933 174.372 -7.381 -1.492 209.528 -2.33 8.283 178.767 3.476 7.703 183.161 7.476 3.6 187.556 7.892 -2.01 191.95 4.664 -6.488 196.345 -0.586 -7.815 200.739 -5.365 -5.5 205.134 -6.709 5.629 174.372 -7.493 -0.75 209.528 -1.494 8.474 178.767 4.225 7.319 183.161 7.797 2.838 187.556 7.653 -2.785 191.95 3.995 -6.92 196.345 -1.361 -7.718 200.739 -8.867 0.887 169.978 -8.917 -0 169.803 -5.886 -4.939 205.134 -6.115 6.269 174.372 -0.643 8.58 178.767 4.933 6.862 183.161 8.041 2.047 187.556 7.337 -3.533 191.95 3.286 -7.283 196.345 -2.123 -7.544 200.739 -8.734 1.766 169.978 -6.348 -4.328 205.134 -5.46 6.847 174.372 0.215 8.602 178.767 5.592 6.336 183.161 8.205 1.237 187.556 6.949 -4.246 191.95 2.545 -7.574 196.345 -2.863 -7.295 200.739 -8.515 2.627 169.978 -6.748 -3.675 205.134 -4.751 7.357 174.372 1.07 8.537 178.767 6.195 5.748 183.161 8.287 0.414 187.556 6.492 -4.917 191.95 1.778 -7.79 196.345 -3.575 -6.974 200.739 -8.211 3.461 169.978 -7.08 -2.985 205.134 -3.995 7.793 174.372 1.915 8.389 178.767 6.736 5.103 183.161 8.287 -0.414 187.556 5.97 -5.539 191.95 0.994 -7.928 196.345 -4.252 -6.583 200.739 -7.826 4.262 169.978 -7.342 -2.265 205.134 -3.2 8.152 174.372 2.74 8.156 178.767 7.211 4.407 183.161 8.205 -1.237 187.556 5.389 -6.106 191.95 0.199 -7.988 196.345 -4.886 -6.127 200.739 -7.363 5.02 169.978 -7.531 -1.522 205.134 -2.372 8.43 174.372 3.539 7.843 178.767 7.614 3.667 183.161 8.041 -2.047 187.556 4.754 -6.612 191.95 -0.597 -7.968 196.345 -5.472 -5.61 200.739 -6.826 5.728 169.978 -7.645 -0.765 205.134 -1.521 8.625 174.372 4.302 7.451 178.767 7.941 2.89 183.161 7.797 -2.838 187.556 4.072 -7.053 191.95 -1.388 -7.869 196.345 -9.02 0.903 165.583 -9.071 -0 165.408 -6.003 -5.037 200.739 -6.222 6.379 169.978 -0.654 8.733 174.372 5.023 6.986 178.767 8.189 2.085 183.161 7.476 -3.6 187.556 3.349 -7.423 191.95 -2.164 -7.692 196.345 -8.885 1.796 165.583 -6.475 -4.415 200.739 -5.556 6.967 169.978 0.218 8.755 174.372 5.693 6.451 178.767 8.356 1.26 183.161 7.08 -4.327 187.556 2.594 -7.72 191.95 -2.919 -7.438 196.345 -8.662 2.672 165.583 -6.883 -3.748 200.739 -4.835 7.486 169.978 1.089 8.69 174.372 6.307 5.852 178.767 8.44 0.421 183.161 6.614 -5.01 187.556 1.812 -7.94 191.95 -3.645 -7.11 196.345 -8.353 3.521 165.583 -7.222 -3.044 200.739 -4.065 7.93 169.978 1.949 8.538 174.372 6.859 5.195 178.767 8.44 -0.421 183.161 6.082 -5.644 187.556 1.013 -8.081 191.95 -4.335 -6.712 196.345 -7.961 4.335 165.583 -7.489 -2.31 200.739 -3.256 8.295 169.978 2.789 8.302 174.372 7.342 4.487 178.767 8.356 -1.26 183.161 5.49 -6.221 187.556 0.203 -8.141 191.95 -4.982 -6.247 196.345 -7.49 5.106 165.583 -7.682 -1.553 200.739 -2.414 8.578 169.978 3.602 7.983 174.372 7.752 3.733 178.767 8.189 -2.085 183.161 4.844 -6.737 187.556 -0.609 -8.121 191.95 -5.579 -5.72 196.345 -6.944 5.827 165.583 -7.798 -0.78 200.739 -1.547 8.776 169.978 4.379 7.584 174.372 8.085 2.943 178.767 7.941 -2.89 183.161 4.149 -7.186 187.556 -1.414 -8.02 191.95 -9.172 0.918 161.189 -9.224 -0 161.014 -6.121 -5.136 196.345 -6.329 6.489 165.583 -0.666 8.886 169.978 5.112 7.111 174.372 8.338 2.123 178.767 7.614 -3.667 183.161 3.413 -7.563 187.556 -2.206 -7.839 191.95 -9.035 1.827 161.189 -6.602 -4.501 196.345 -5.652 7.087 165.583 0.222 8.908 169.978 5.795 6.566 174.372 8.508 1.282 178.767 7.211 -4.407 183.161 2.643 -7.865 187.556 -2.975 -7.581 191.95 -8.809 2.717 161.189 -7.017 -3.821 196.345 -4.918 7.615 165.583 1.108 8.842 169.978 6.42 5.957 174.372 8.594 0.429 178.767 6.736 -5.103 183.161 1.846 -8.089 187.556 -3.715 -7.247 191.95 -8.494 3.581 161.189 -7.363 -3.104 196.345 -4.135 8.066 165.583 1.983 8.688 169.978 6.981 5.288 174.372 8.594 -0.429 178.767 6.195 -5.748 183.161 1.032 -8.233 187.556 -4.418 -6.841 191.95 -8.096 4.409 161.189 -7.635 -2.355 196.345 -3.312 8.438 165.583 2.838 8.447 169.978 7.473 4.567 174.372 8.508 -1.282 178.767 5.592 -6.336 183.161 0.207 -8.295 187.556 -5.078 -6.367 191.95 -7.616 5.193 161.189 -7.832 -1.583 196.345 -2.455 8.726 165.583 3.665 8.123 169.978 7.89 3.8 174.372 8.338 -2.123 178.767 4.933 -6.862 183.161 -0.62 -8.274 187.556 -5.686 -5.83 191.95 -7.061 5.925 161.189 -7.951 -0.796 196.345 -1.574 8.927 165.583 4.456 7.717 169.978 8.23 2.995 174.372 8.085 -2.943 178.767 4.225 -7.319 183.161 -1.441 -8.171 187.556 -9.325 0.933 156.794 -6.239 -5.235 191.95 -6.436 6.599 161.189 -0.677 9.039 165.583 5.202 7.235 169.978 8.487 2.161 174.372 7.752 -3.733 178.767 3.476 -7.703 183.161 -2.247 -7.987 187.556 -9.186 1.857 156.794 -9.336 1.887 152.4 -9.23 2.35 152.4 -6.729 -4.588 191.95 -5.747 7.207 161.189 0.226 9.062 165.583 5.896 6.681 169.978 8.66 1.305 174.372 7.342 -4.487 178.767 2.691 -8.011 183.161 -3.031 -7.724 187.556 -8.955 2.762 156.794 -9.102 2.808 152.4 -8.951 3.258 152.4 -7.152 -3.895 191.95 -5.001 7.743 161.189 1.127 8.994 165.583 6.532 6.061 169.978 8.747 0.437 174.372 6.859 -5.195 178.767 1.88 -8.239 183.161 -3.785 -7.384 187.556 -8.636 3.64 156.794 -8.777 3.7 152.4 -8.582 4.133 152.4 -7.504 -3.163 191.95 -4.205 8.203 161.189 2.017 8.837 165.583 7.103 5.381 169.978 8.747 -0.437 174.372 6.307 -5.852 178.767 1.051 -8.385 183.161 -4.502 -6.97 187.556 -8.23 4.482 156.794 -8.365 4.555 152.4 -8.128 4.967 152.4 -7.782 -2.4 191.95 -3.368 8.581 161.189 2.887 8.593 165.583 7.604 4.647 169.978 8.66 -1.305 174.372 5.693 -6.451 178.767 0.211 -8.448 183.161 -5.173 -6.487 187.556 -7.743 5.279 156.794 -7.87 5.366 152.4 -7.593 5.751 152.4 -7.982 -1.614 191.95 -2.497 8.874 161.189 3.728 8.262 165.583 8.029 3.866 169.978 8.487 -2.161 174.372 5.023 -6.986 178.767 -0.632 -8.427 183.161 -5.793 -5.94 187.556 -7.179 6.024 156.794 -7.297 6.123 152.4 -6.982 6.479 152.4 -8.103 -0.811 191.95 -1.601 9.078 161.189 4.532 7.85 165.583 8.374 3.048 169.978 8.23 -2.995 174.372 4.302 -7.451 178.767 -1.467 -8.322 183.161 -6.356 -5.333 187.556 -6.544 6.709 156.794 -6.651 6.819 152.4 -6.303 7.142 152.4 -0.689 9.192 161.189 5.291 7.36 165.583 8.636 2.199 169.978 7.89 -3.8 174.372 3.539 -7.843 178.767 -2.289 -8.135 183.161 -6.856 -4.674 187.556 -5.843 7.327 156.794 -5.939 7.447 152.4 -5.56 7.734 152.4 0.23 9.215 161.189 5.998 6.796 165.583 8.812 1.328 169.978 7.473 -4.567 174.372 2.74 -8.156 178.767 -3.087 -7.867 183.161 -7.287 -3.968 187.556 -5.084 7.872 156.794 -5.168 8.001 152.4 -4.762 8.249 152.4 1.146 9.147 161.189 6.645 6.166 165.583 8.9 0.444 169.978 6.981 -5.288 174.372 1.915 -8.389 178.767 -3.855 -7.52 183.161 -7.646 -3.223 187.556 -4.275 8.339 156.794 -4.345 8.476 152.4 -3.918 8.682 152.4 2.051 8.987 161.189 7.226 5.473 165.583 8.9 -0.444 169.978 6.42 -5.957 174.372 1.07 -8.537 178.767 -4.585 -7.099 183.161 -7.929 -2.446 187.556 -3.424 8.724 156.794 -3.48 8.867 152.4 -3.034 9.029 152.4 2.936 8.738 161.189 7.735 4.727 165.583 8.812 -1.328 169.978 5.795 -6.566 174.372 0.215 -8.602 178.767 -5.269 -6.607 183.161 -8.133 -1.644 187.556 -2.538 9.021 156.794 -2.58 9.169 152.4 -2.12 9.286 152.4 3.791 8.402 161.189 8.167 3.933 165.583 8.636 -2.199 169.978 5.112 -7.111 174.372 -0.643 -8.58 178.767 -5.901 -6.05 183.161 -8.256 -0.826 187.556 -1.627 9.229 156.794 -1.654 9.38 152.4 -1.184 9.451 152.4 4.609 7.983 161.189 8.518 3.1 165.583 8.374 -3.048 169.978 4.379 -7.584 174.372 -1.494 -8.474 178.767 -6.474 -5.432 183.161 -0.7 9.345 156.794 -0.712 9.498 152.4 -0.237 9.522 152.4 5.381 7.485 161.189 8.784 2.237 165.583 8.029 -3.866 169.978 3.602 -7.983 174.372 -2.33 -8.283 178.767 -6.982 -4.76 183.161 0.234 9.369 156.794 0.237 9.522 152.4 0.712 9.498 152.4 6.099 6.912 161.189 8.963 1.351 165.583 7.604 -4.647 169.978 2.789 -8.302 174.372 -3.143 -8.009 178.767 -7.422 -4.042 183.161 1.165 9.299 156.794 1.184 9.451 152.4 1.654 9.38 152.4 6.757 6.27 161.189 9.053 0.452 165.583 7.103 -5.381 169.978 1.949 -8.538 174.372 -3.925 -7.657 178.767 -7.787 -3.283 183.161 2.085 9.137 156.794 2.12 9.286 152.4 2.58 9.169 152.4 7.348 5.566 161.189 9.053 -0.452 165.583 6.532 -6.061 169.978 1.089 -8.69 174.372 -4.668 -7.228 178.767 -8.075 -2.491 183.161 2.985 8.884 156.794 3.034 9.029 152.4 3.48 8.867 152.4 7.866 4.807 161.189 8.963 -1.351 165.583 5.896 -6.681 169.978 0.218 -8.755 174.372 -5.365 -6.727 178.767 -8.283 -1.674 183.161 3.854 8.542 156.794 3.918 8.682 152.4 4.345 8.476 152.4 8.305 4 161.189 8.784 -2.237 165.583 5.202 -7.235 169.978 -0.654 -8.733 174.372 -6.008 -6.159 178.767 -8.409 -0.841 183.161 4.686 8.116 156.794 4.762 8.249 152.4 5.168 8.001 152.4 8.662 3.153 161.189 8.518 -3.1 165.583 4.456 -7.717 169.978 -1.521 -8.625 174.372 -6.591 -5.531 178.767 5.471 7.609 156.794 5.56 7.734 152.4 5.939 7.447 152.4 8.933 2.275 161.189 8.167 -3.933 165.583 3.665 -8.123 169.978 -2.372 -8.43 174.372 -7.109 -4.847 178.767 6.201 7.027 156.794 6.303 7.142 152.4 6.651 6.819 152.4 9.115 1.374 161.189 7.735 -4.727 165.583 2.838 -8.447 169.978 -3.2 -8.152 174.372 -7.556 -4.115 178.767 6.87 6.374 156.794 6.982 6.479 152.4 7.297 6.123 152.4 9.207 0.459 161.189 7.226 -5.473 165.583 1.983 -8.688 169.978 -3.995 -7.793 174.372 -7.929 -3.342 178.767 7.47 5.659 156.794 7.593 5.751 152.4 7.87 5.366 152.4 9.207 -0.459 161.189 6.645 -6.166 165.583 1.108 -8.842 169.978 -4.751 -7.357 174.372 -8.222 -2.536 178.767 7.997 4.887 156.794 8.128 4.967 152.4 8.365 4.555 152.4 9.115 -1.374 161.189 5.998 -6.796 165.583 0.222 -8.908 169.978 -5.46 -6.847 174.372 -8.434 -1.705 178.767 8.443 4.066 156.794 8.582 4.133 152.4 8.777 3.7 152.4 8.933 -2.275 161.189 5.291 -7.36 165.583 -0.666 -8.886 169.978 -6.115 -6.269 174.372 -8.561 -0.857 178.767 8.806 3.205 156.794 8.951 3.258 152.4 9.102 2.808 152.4 8.662 -3.153 161.189 4.532 -7.85 165.583 -1.547 -8.776 169.978 -6.709 -5.629 174.372 9.082 2.312 156.794 9.23 2.35 152.4 9.336 1.887 152.4 8.305 -4 161.189 3.728 -8.262 165.583 -2.414 -8.578 169.978 -7.236 -4.933 174.372 9.267 1.397 156.794 9.419 1.42 152.4 9.478 0.948 152.4 7.866 -4.807 161.189 2.887 -8.593 165.583 -3.256 -8.295 169.978 -7.691 -4.188 174.372 9.36 0.467 156.794 9.513 0.475 152.4 9.525 -0 152.4 7.348 -5.566 161.189 2.017 -8.837 165.583 -4.065 -7.93 169.978 -8.07 -3.402 174.372 9.36 -0.467 156.794 9.513 -0.475 152.4 9.478 -0.948 152.4 6.757 -6.27 161.189 1.127 -8.994 165.583 -4.835 -7.486 169.978 -8.369 -2.581 174.372 9.267 -1.397 156.794 9.419 -1.42 152.4 9.336 -1.887 152.4 6.099 -6.912 161.189 0.226 -9.062 165.583 -5.556 -6.967 169.978 -8.584 -1.735 174.372 9.082 -2.312 156.794 9.23 -2.35 152.4 9.102 -2.808 152.4 5.381 -7.485 161.189 -0.677 -9.039 165.583 -6.222 -6.379 169.978 -8.714 -0.872 174.372 8.806 -3.205 156.794 8.951 -3.258 152.4 8.777 -3.7 152.4 4.609 -7.983 161.189 -1.574 -8.927 165.583 -6.826 -5.728 169.978 8.443 -4.066 156.794 8.582 -4.133 152.4 8.365 -4.555 152.4 3.791 -8.402 161.189 -2.455 -8.726 165.583 -7.363 -5.02 169.978 7.997 -4.887 156.794 8.128 -4.967 152.4 7.87 -5.366 152.4 2.936 -8.738 161.189 -3.312 -8.438 165.583 -7.826 -4.262 169.978 7.47 -5.659 156.794 7.593 -5.751 152.4 7.297 -6.123 152.4 2.051 -8.987 161.189 -4.135 -8.066 165.583 -8.211 -3.461 169.978 6.87 -6.374 156.794 6.982 -6.479 152.4 6.651 -6.819 152.4 1.146 -9.147 161.189 -4.918 -7.615 165.583 -8.515 -2.627 169.978 6.201 -7.027 156.794 6.303 -7.142 152.4 5.939 -7.447 152.4 0.23 -9.215 161.189 -5.652 -7.087 165.583 -8.734 -1.766 169.978 5.471 -7.609 156.794 5.56 -7.734 152.4 5.168 -8.001 152.4 -0.689 -9.192 161.189 -6.329 -6.489 165.583 -8.867 -0.887 169.978 4.686 -8.116 156.794 4.762 -8.249 152.4 4.345 -8.476 152.4 -1.601 -9.078 161.189 -6.944 -5.827 165.583 3.854 -8.542 156.794 3.918 -8.682 152.4 3.48 -8.867 152.4 -2.497 -8.874 161.189 -7.49 -5.106 165.583 2.985 -8.884 156.794 3.034 -9.029 152.4 2.58 -9.169 152.4 -3.368 -8.581 161.189 -7.961 -4.335 165.583 2.085 -9.137 156.794 2.12 -9.286 152.4 1.654 -9.38 152.4 -4.205 -8.203 161.189 -8.353 -3.521 165.583 1.165 -9.299 156.794 1.184 -9.451 152.4 0.712 -9.498 152.4 -5.001 -7.743 161.189 -8.662 -2.672 165.583 0.234 -9.369 156.794 0.237 -9.522 152.4 -0.237 -9.522 152.4 -5.747 -7.207 161.189 -8.885 -1.796 165.583 -0.7 -9.345 156.794 -0.712 -9.498 152.4 -1.184 -9.451 152.4 -6.436 -6.599 161.189 -9.02 -0.903 165.583 -1.627 -9.229 156.794 -1.654 -9.38 152.4 -2.12 -9.286 152.4 -7.061 -5.925 161.189 -2.538 -9.021 156.794 -3.034 -9.029 152.4 -2.58 -9.169 152.4 -7.616 -5.193 161.189 -3.424 -8.724 156.794 -3.48 -8.867 152.4 -3.918 -8.682 152.4 -8.096 -4.409 161.189 -4.275 -8.339 156.794 -4.345 -8.476 152.4 -4.762 -8.249 152.4 -8.494 -3.581 161.189 -5.084 -7.872 156.794 -5.168 -8.001 152.4 -5.56 -7.734 152.4 -8.809 -2.717 161.189 -5.843 -7.327 156.794 -5.939 -7.447 152.4 -6.303 -7.142 152.4 -9.035 -1.827 161.189 -6.544 -6.709 156.794 -6.651 -6.819 152.4 -6.982 -6.479 152.4 -9.172 -0.918 161.189 -7.179 -6.024 156.794 -7.297 -6.123 152.4 -7.593 -5.751 152.4 -7.743 -5.279 156.794 -7.87 -5.366 152.4 -8.128 -4.967 152.4 -8.23 -4.482 156.794 -8.365 -4.555 152.4 -8.582 -4.133 152.4 -8.636 -3.64 156.794 -8.777 -3.7 152.4 -8.951 -3.258 152.4 -8.955 -2.762 156.794 -9.102 -2.808 152.4 -9.23 -2.35 152.4 -9.186 -1.857 156.794 -9.336 -1.887 152.4 -9.325 -0.933 156.794 8.284 -3.431 324.625 8.284 3.431 324.625 13.301 -5.509 320.878 13.301 5.509 320.878 18.159 -7.522 316.955 18.159 7.522 316.955 22.858 -9.468 312.856 22.858 9.468 312.856 25.724 -10.655 310.197 25.724 10.655 310.197 28.527 -11.816 307.471 28.527 11.816 307.471 31.114 12.415 304.836 33.376 -12.96 302.432 33.642 13.026 302.143 38.007 -14.15 297.192 37.813 14.098 297.421 41.803 15.207 292.54 42.417 -15.385 291.755 45.606 16.349 287.509 46.595 -16.662 286.132 49.215 17.524 282.334 50.532 -17.978 280.335 52.625 18.73 277.022 54.221 -19.332 274.372 55.831 19.966 271.581 57.656 -20.721 268.255 58.827 21.229 266.02 60.828 -22.142 261.996 61.61 22.517 260.346 63.734 -23.594 255.604 64.175 23.83 254.566 65.164 -24.375 252.163 66.517 25.164 248.691 66.517 -25.164 248.691 66.651 -25.238 248.333 66.688 25.256 248.235 66.786 -25.298 247.972 66.858 25.325 247.776 66.956 -25.355 247.512 67.029 25.372 247.314 67.126 -25.389 247.048 67.162 25.393 246.949 67.295 -25.4 246.582 67.295 25.4 246.582 69.109 25.4 241.28 69.109 -25.4 241.28 70.742 25.4 235.918 70.742 -25.4 235.918 72.192 25.4 230.505 72.192 -25.4 230.505 72.262 -25.396 230.222 72.306 25.389 230.046 72.332 -25.384 229.941 72.417 25.357 229.591 72.443 -25.347 229.487 72.527 25.303 229.14 72.551 -25.288 229.036 72.634 25.228 228.692 72.658 -25.207 228.59 72.738 25.131 228.249 72.762 -25.105 228.147 72.841 25.012 227.809 72.865 -24.981 227.708 72.942 24.871 227.373 72.965 -24.835 227.273 73.002 24.773 227.106 73.062 -24.667 226.842 73.062 24.667 226.842 74.256 22.264 221.074 74.463 -21.799 219.958 75.244 19.845 215.267 75.569 -18.909 213.021 76.073 17.23 208.991 76.379 -15.998 206.035 76.662 14.602 202.685 76.765 -13.985 201.203 77.008 11.967 196.362 77.008 -11.967 196.362 77.018 -11.836 196.061 77.021 11.796 195.974 77.028 -11.694 195.765 77.033 11.608 195.596 77.039 -11.496 195.391 77.044 11.404 195.227 77.05 -11.281 195.026 77.054 11.185 194.869 77.059 -11.051 194.671 77.063 10.95 194.522 77.067 -10.805 194.327 77.071 10.7 194.185 77.075 -10.545 193.995 77.078 10.435 193.859 77.081 -10.271 193.674 77.084 10.156 193.545 77.087 -9.983 193.366 77.089 9.862 193.243 77.092 -9.682 193.071 77.112 -4.021 190.537 77.112 -3.175 190.5 77.112 -3.599 190.509 77.112 -4.44 190.584 77.112 -4.855 190.649 77.112 -5.266 190.732 77.111 -5.674 190.833 77.111 -6.076 190.953 77.111 -6.474 191.09 77.11 -6.866 191.245 77.093 9.556 192.954 77.096 -9.368 192.789 77.097 9.237 192.678 77.099 -9.042 192.522 77.101 8.906 192.417 77.102 -8.705 192.27 77.103 8.563 192.171 77.105 -8.356 192.032 77.106 8.211 191.94 77.107 -7.997 191.811 77.107 7.848 191.726 77.108 -7.628 191.606 77.109 7.476 191.527 77.109 -7.251 191.417 77.11 7.096 191.346 77.111 6.708 191.181 77.112 3.175 190.5 77.111 6.313 191.034 77.112 3.836 190.523 77.112 3.506 190.506 77.112 5.912 190.904 77.112 4.258 190.563 77.112 5.505 190.791 77.112 4.678 190.62 77.112 5.093 190.697 28.542 11.313 309.687 25.955 10.751 312.162 31.075 11.888 307.156 35.417 12.933 302.553 39.584 14.016 297.785 43.568 15.134 292.861 47.364 16.286 287.786 50.965 17.471 282.568 54.368 18.686 277.215 57.565 19.931 271.734 60.552 21.203 266.133 63.325 22.5 260.421 65.881 23.821 254.603 68.212 25.164 248.691 14.113 2.151 322.258 9.368 0 325.802 14.113 -2.151 322.258 18.164 5.161 319.016 18.164 -5.161 319.016 22.113 -8.029 315.65 22.113 8.029 315.65 25.955 -10.751 312.162 30.98 -11.866 307.253 35.793 -13.027 302.137 40.391 -14.235 296.817 44.764 -15.487 291.305 48.901 -16.78 285.611 52.796 -18.112 279.743 56.442 -19.482 273.714 59.831 -20.885 267.533 62.958 -22.321 261.211 65.712 -23.73 255.005 68.212 -25.164 248.691 68.345 25.238 248.333 68.381 -25.256 248.235 68.478 25.298 247.972 68.55 -25.325 247.776 68.646 25.355 247.512 68.718 -25.372 247.314 68.814 25.389 247.048 68.85 -25.393 246.949 68.982 25.4 246.582 68.982 -25.4 246.582 70.777 -25.4 241.278 70.777 25.4 241.278 72.393 25.4 235.917 72.393 -25.4 235.917 73.828 25.4 230.505 73.828 -25.4 230.505 73.897 25.396 230.222 73.94 -25.389 230.046 73.966 25.384 229.941 74.051 -25.357 229.591 74.076 25.347 229.487 74.159 -25.303 229.14 74.184 25.288 229.036 74.265 -25.228 228.692 74.289 25.207 228.59 74.369 -25.131 228.248 74.392 25.105 228.147 74.47 -25.012 227.809 74.494 24.981 227.708 74.57 -24.871 227.373 74.593 24.835 227.273 74.63 -24.773 227.106 74.689 24.667 226.842 74.689 -24.667 226.842 75.863 22.283 221.119 76.082 -21.784 219.922 76.835 19.883 215.359 77.181 -18.879 212.949 77.664 17.255 209.052 77.984 -15.954 205.929 78.251 14.615 202.716 78.359 -13.962 201.15 78.596 11.967 196.362 78.596 -11.967 196.362 78.607 11.836 196.061 78.609 -11.796 195.974 78.616 11.694 195.765 78.621 -11.608 195.596 78.627 11.496 195.391 78.632 -11.404 195.227 78.638 11.281 195.026 78.642 -11.185 194.869 78.647 11.051 194.671 78.651 -10.95 194.522 78.655 10.805 194.327 78.659 -10.7 194.185 78.662 10.545 193.995 78.665 -10.435 193.859 78.669 10.271 193.674 78.671 -10.156 193.545 78.675 9.983 193.366 78.677 -9.862 193.243 78.679 9.682 193.071 78.681 -9.556 192.954 78.699 -3.175 190.5 78.698 -6.708 191.181 78.699 -6.313 191.034 78.699 -5.912 190.904 78.7 -5.505 190.791 78.7 -5.093 190.697 78.7 -4.677 190.62 78.7 -4.258 190.563 78.699 -3.836 190.523 78.699 -3.506 190.506 78.683 9.368 192.789 78.685 -9.237 192.678 78.687 9.042 192.522 78.688 -8.906 192.417 78.69 8.705 192.27 78.691 -8.563 192.171 78.692 8.356 192.032 78.693 -8.211 191.94 78.694 7.997 191.811 78.695 -7.848 191.726 78.696 7.628 191.606 78.696 -7.476 191.527 78.697 7.251 191.417 78.698 -7.096 191.346 78.698 6.866 191.245 78.699 3.175 190.5 78.698 6.474 191.09 78.699 6.076 190.953 78.699 4.021 190.537 78.699 3.599 190.509 78.699 5.674 190.833 78.699 4.44 190.584 78.699 5.266 190.732 78.699 4.855 190.649 10.071 4.172 325.293 7.325 4.521 327.248 4.915 2.036 328.897 7.325 7.325 327.248 11.924 8.08 323.925 15.087 6.249 321.497 16.407 8.87 320.447 19.943 8.261 317.526 21.26 9.79 316.395 22.981 9.519 314.88 8.77 8 324.276 7.85 7.85 324.936 9.684 8.152 323.609 10.594 8.304 322.937 11.5 8.458 322.258 16.494 9.195 319.016 21.314 9.959 315.65 7.545 7.545 325.153 7.238 7.238 325.37 6.931 6.931 325.586 6.624 6.624 325.802 4.332 4.332 329.287 3.379 4.015 329.916 3.324 3.324 329.952 4.028 5.612 329.488 5.334 5.334 328.615 4.557 6.897 329.136 3.626 6.756 329.753 3.552 5.987 329.802 3.671 5.893 329.724 6.332 6.332 327.935 3.909 5.706 329.567 3.79 5.799 329.645 5.484 7.038 328.513 6.407 7.181 327.884 2.935 7.085 328.308 3.418 6.754 329.766 3.21 6.751 329.778 3.002 6.748 329.79 2.794 6.745 329.802 3.332 7.144 328.045 3.729 7.204 327.78 4.126 7.265 327.515 4.521 7.325 327.248 2.71 6.543 328.456 2.486 6.001 328.603 2.036 4.915 328.897 2.261 5.459 328.75 0.629 6.745 329.802 0.752 6.763 329.724 0.45 5.229 329.916 0.875 6.781 329.645 0.997 6.799 329.567 1.12 6.817 329.488 1.27 6.799 329.567 1.421 6.781 329.645 1.571 6.763 329.724 1.722 6.745 329.802 3.552 -5.987 329.802 3.626 -6.756 329.753 4.557 -6.897 329.136 3.671 -5.893 329.724 6.332 -6.332 327.935 3.79 -5.799 329.645 3.909 -5.706 329.567 4.028 -5.612 329.488 5.484 -7.038 328.513 6.407 -7.181 327.884 7.325 -7.325 327.248 5.334 -5.334 328.615 4.332 -4.332 329.287 3.379 -4.015 329.916 3.324 -3.324 329.952 2.935 -7.085 328.308 3.002 -6.748 329.79 2.794 -6.745 329.802 3.21 -6.751 329.778 3.418 -6.754 329.766 3.332 -7.144 328.045 3.729 -7.204 327.78 4.126 -7.265 327.515 4.521 -7.325 327.248 2.71 -6.543 328.456 2.486 -6.001 328.603 2.036 -4.915 328.897 2.261 -5.459 328.75 0.629 -6.745 329.802 0.45 -5.229 329.916 0.752 -6.763 329.724 0.875 -6.781 329.645 0.997 -6.799 329.567 1.12 -6.817 329.488 1.27 -6.799 329.567 1.421 -6.781 329.645 1.571 -6.763 329.724 1.722 -6.745 329.802 10.071 -4.172 325.293 4.915 -2.036 328.897 7.325 -4.521 327.248 12.992 -8.263 323.119 15.087 -6.249 321.497 18.48 -9.254 318.754 19.943 -8.261 317.526 22.267 -9.99 315.514 22.981 -9.519 314.88 8.77 -8 324.276 7.85 -7.85 324.936 16.494 -9.195 319.016 11.5 -8.458 322.258 9.684 -8.152 323.609 10.594 -8.304 322.937 21.314 -9.959 315.65 7.545 -7.545 325.153 7.238 -7.238 325.37 6.931 -6.931 325.586 6.624 -6.624 325.802 -84.873 0 152.4 -85.684 0 160.867 -84.768 -4.231 152.4 -87.305 0 177.8 -87.197 -4.352 177.8 -86.495 0 169.333 -84.768 4.231 152.4 -87.197 4.352 177.8 -85.391 -7.076 160.867 -84.452 -8.451 152.4 -84.515 -14.103 160.867 -83.925 -12.65 152.4 -83.19 -16.817 152.4 -86.871 -8.693 177.8 -86.199 -7.143 169.333 -83.062 -21.034 160.867 -82.249 -20.943 152.4 -81.103 -25.017 152.4 -86.33 -13.012 177.8 -85.315 -14.237 169.333 -85.574 -17.299 177.8 -81.041 -27.822 160.867 -79.755 -29.028 152.4 -83.848 -21.233 169.333 -84.606 -21.543 177.8 -83.427 -25.734 177.8 -78.467 -34.419 160.867 -78.209 -32.968 152.4 -76.468 -36.825 152.4 -81.808 -28.085 169.333 -82.04 -29.86 177.8 -75.357 -40.781 160.867 -74.538 -40.591 152.4 -72.422 -44.256 152.4 -80.45 -33.912 177.8 -79.209 -34.744 169.333 -78.659 -37.88 177.8 -71.732 -46.865 160.867 -70.126 -47.811 152.4 -76.07 -41.167 169.333 -76.673 -41.754 177.8 -74.497 -45.524 177.8 -67.617 -52.628 160.867 -67.655 -51.247 152.4 -65.017 -54.556 152.4 -72.41 -47.308 169.333 -72.135 -49.181 177.8 -63.04 -58.032 160.867 -62.217 -57.729 152.4 -59.262 -60.758 152.4 -68.256 -53.126 169.333 -69.594 -52.715 177.8 -66.88 -56.119 177.8 -58.032 -63.04 160.867 -56.159 -63.636 152.4 -63.636 -58.581 169.333 -63.999 -59.383 177.8 -60.96 -62.499 177.8 -52.628 -67.617 160.867 -52.918 -66.357 152.4 -49.544 -68.912 152.4 -58.581 -63.636 169.333 -57.769 -65.46 177.8 -46.865 -71.732 160.867 -46.048 -71.296 152.4 -42.437 -73.502 152.4 -53.126 -68.256 169.333 -54.434 -68.258 177.8 -50.964 -70.886 177.8 -40.781 -75.357 160.867 -38.72 -75.526 152.4 -47.308 -72.41 169.333 -47.367 -73.339 177.8 -43.653 -75.609 177.8 -34.419 -78.467 160.867 -34.907 -77.363 152.4 -31.008 -79.006 152.4 -41.167 -76.07 169.333 -39.83 -77.69 177.8 -27.822 -81.041 160.867 -27.031 -80.454 152.4 -22.987 -81.701 152.4 -34.744 -79.209 169.333 -35.908 -79.579 177.8 -31.896 -81.27 177.8 -21.034 -83.062 160.867 -18.886 -82.745 152.4 -27.806 -82.759 177.8 -28.085 -81.808 169.333 -23.646 -84.042 177.8 -14.103 -84.515 160.867 -14.738 -83.584 152.4 -10.553 -84.215 152.4 -19.427 -85.116 177.8 -21.233 -83.848 169.333 -7.076 -85.391 160.867 -6.343 -84.636 152.4 -2.116 -84.847 152.4 -14.237 -85.315 169.333 -15.16 -85.979 177.8 -10.856 -86.628 177.8 -0 -85.684 160.867 2.116 -84.847 152.4 -7.143 -86.199 169.333 -6.524 -87.061 177.8 -2.177 -87.278 177.8 7.076 -85.391 160.867 6.343 -84.636 152.4 10.553 -84.215 152.4 -0 -86.495 169.333 2.177 -87.278 177.8 14.103 -84.515 160.867 14.738 -83.584 152.4 18.886 -82.745 152.4 7.143 -86.199 169.333 6.524 -87.061 177.8 10.856 -86.628 177.8 21.034 -83.062 160.867 22.987 -81.701 152.4 14.237 -85.315 169.333 15.16 -85.979 177.8 19.427 -85.116 177.8 27.822 -81.041 160.867 27.031 -80.454 152.4 31.008 -79.006 152.4 21.233 -83.848 169.333 23.646 -84.042 177.8 34.419 -78.467 160.867 34.907 -77.363 152.4 38.72 -75.526 152.4 28.085 -81.808 169.333 27.806 -82.759 177.8 31.896 -81.27 177.8 40.781 -75.357 160.867 42.437 -73.502 152.4 34.744 -79.209 169.333 35.908 -79.579 177.8 39.83 -77.69 177.8 46.865 -71.732 160.867 46.048 -71.296 152.4 49.544 -68.912 152.4 41.167 -76.07 169.333 43.653 -75.609 177.8 52.628 -67.617 160.867 52.918 -66.357 152.4 56.159 -63.636 152.4 47.367 -73.339 177.8 47.308 -72.41 169.333 50.964 -70.886 177.8 58.032 -63.04 160.867 59.262 -60.758 152.4 53.126 -68.256 169.333 54.434 -68.258 177.8 57.769 -65.46 177.8 63.04 -58.032 160.867 62.217 -57.729 152.4 65.017 -54.556 152.4 58.581 -63.636 169.333 60.96 -62.499 177.8 67.617 -52.628 160.867 67.655 -51.247 152.4 70.126 -47.811 152.4 63.636 -58.581 169.333 63.999 -59.383 177.8 66.88 -56.119 177.8 71.732 -46.865 160.867 72.422 -44.256 152.4 68.256 -53.126 169.333 69.594 -52.715 177.8 72.135 -49.181 177.8 75.357 -40.781 160.867 74.538 -40.591 152.4 76.468 -36.825 152.4 72.41 -47.308 169.333 74.497 -45.524 177.8 78.467 -34.419 160.867 78.209 -32.968 152.4 79.755 -29.028 152.4 76.07 -41.167 169.333 76.673 -41.754 177.8 78.659 -37.88 177.8 81.041 -27.822 160.867 81.103 -25.017 152.4 79.209 -34.744 169.333 80.45 -33.912 177.8 82.04 -29.86 177.8 83.062 -21.034 160.867 82.249 -20.943 152.4 83.19 -16.817 152.4 81.808 -28.085 169.333 83.427 -25.734 177.8 84.515 -14.103 160.867 83.925 -12.65 152.4 84.452 -8.451 152.4 83.848 -21.233 169.333 84.606 -21.543 177.8 85.574 -17.299 177.8 85.391 -7.076 160.867 84.768 -4.231 152.4 85.315 -14.237 169.333 86.33 -13.012 177.8 86.871 -8.693 177.8 85.684 -0 160.867 84.873 0 152.4 84.768 4.231 152.4 86.199 -7.143 169.333 87.197 -4.352 177.8 85.391 7.076 160.867 84.452 8.451 152.4 86.495 -0 169.333 87.305 0 177.8 87.197 4.352 177.8 84.515 14.103 160.867 83.925 12.65 152.4 83.19 16.817 152.4 86.199 7.143 169.333 86.871 8.693 177.8 83.062 21.034 160.867 82.249 20.943 152.4 81.103 25.017 152.4 85.315 14.237 169.333 86.33 13.012 177.8 85.574 17.299 177.8 81.041 27.822 160.867 79.755 29.028 152.4 83.848 21.233 169.333 84.606 21.543 177.8 83.427 25.734 177.8 78.467 34.419 160.867 78.209 32.968 152.4 76.468 36.825 152.4 81.808 28.085 169.333 82.04 29.86 177.8 75.357 40.781 160.867 74.538 40.591 152.4 72.422 44.256 152.4 79.209 34.744 169.333 80.45 33.912 177.8 78.659 37.88 177.8 71.732 46.865 160.867 70.126 47.811 152.4 76.673 41.754 177.8 76.07 41.167 169.333 74.497 45.524 177.8 67.617 52.628 160.867 67.655 51.247 152.4 65.017 54.556 152.4 72.135 49.181 177.8 72.41 47.308 169.333 63.04 58.032 160.867 62.217 57.729 152.4 59.262 60.758 152.4 69.594 52.715 177.8 68.256 53.126 169.333 66.88 56.119 177.8 58.032 63.04 160.867 56.159 63.636 152.4 63.999 59.383 177.8 63.636 58.581 169.333 60.96 62.499 177.8 52.628 67.617 160.867 52.918 66.357 152.4 49.544 68.912 152.4 57.769 65.46 177.8 58.581 63.636 169.333 46.865 71.732 160.867 46.048 71.296 152.4 42.437 73.502 152.4 54.434 68.258 177.8 53.126 68.256 169.333 50.964 70.886 177.8 40.781 75.357 160.867 38.72 75.526 152.4 47.308 72.41 169.333 47.367 73.339 177.8 43.653 75.609 177.8 34.419 78.467 160.867 34.907 77.363 152.4 31.008 79.006 152.4 41.167 76.07 169.333 39.83 77.69 177.8 27.822 81.041 160.867 27.031 80.454 152.4 22.987 81.701 152.4 34.744 79.209 169.333 35.908 79.579 177.8 31.896 81.27 177.8 21.034 83.062 160.867 18.886 82.745 152.4 28.085 81.808 169.333 27.806 82.759 177.8 23.646 84.042 177.8 14.103 84.515 160.867 14.738 83.584 152.4 10.553 84.215 152.4 21.233 83.848 169.333 19.427 85.116 177.8 7.076 85.391 160.867 6.343 84.636 152.4 2.116 84.847 152.4 15.16 85.979 177.8 14.237 85.315 169.333 10.856 86.628 177.8 0 85.684 160.867 -2.116 84.847 152.4 6.524 87.061 177.8 7.143 86.199 169.333 2.177 87.278 177.8 -7.076 85.391 160.867 -6.343 84.636 152.4 -10.553 84.215 152.4 -2.177 87.278 177.8 0 86.495 169.333 -14.103 84.515 160.867 -14.738 83.584 152.4 -18.886 82.745 152.4 -6.524 87.061 177.8 -7.143 86.199 169.333 -10.856 86.628 177.8 -21.034 83.062 160.867 -22.987 81.701 152.4 -15.16 85.979 177.8 -14.237 85.315 169.333 -19.427 85.116 177.8 -27.822 81.041 160.867 -27.031 80.454 152.4 -31.008 79.006 152.4 -23.646 84.042 177.8 -21.233 83.848 169.333 -34.419 78.467 160.867 -34.907 77.363 152.4 -38.72 75.526 152.4 -27.806 82.759 177.8 -28.085 81.808 169.333 -31.896 81.27 177.8 -40.781 75.357 160.867 -42.437 73.502 152.4 -35.908 79.579 177.8 -34.744 79.209 169.333 -39.83 77.69 177.8 -46.865 71.732 160.867 -46.048 71.296 152.4 -49.544 68.912 152.4 -43.653 75.609 177.8 -41.167 76.07 169.333 -52.628 67.617 160.867 -52.918 66.357 152.4 -56.159 63.636 152.4 -47.367 73.339 177.8 -47.308 72.41 169.333 -50.964 70.886 177.8 -58.032 63.04 160.867 -59.262 60.758 152.4 -54.434 68.258 177.8 -53.126 68.256 169.333 -57.769 65.46 177.8 -63.04 58.032 160.867 -62.217 57.729 152.4 -65.017 54.556 152.4 -60.96 62.499 177.8 -58.581 63.636 169.333 -67.617 52.628 160.867 -67.655 51.247 152.4 -70.126 47.811 152.4 -63.636 58.581 169.333 -63.999 59.383 177.8 -66.88 56.119 177.8 -71.732 46.865 160.867 -72.422 44.256 152.4 -68.256 53.126 169.333 -69.594 52.715 177.8 -72.135 49.181 177.8 -75.357 40.781 160.867 -74.538 40.591 152.4 -76.468 36.825 152.4 -72.41 47.308 169.333 -74.497 45.524 177.8 -78.467 34.419 160.867 -78.209 32.968 152.4 -79.755 29.028 152.4 -76.07 41.167 169.333 -76.673 41.754 177.8 -78.659 37.88 177.8 -81.041 27.822 160.867 -81.103 25.017 152.4 -79.209 34.744 169.333 -80.45 33.912 177.8 -82.04 29.86 177.8 -83.062 21.034 160.867 -82.249 20.943 152.4 -83.19 16.817 152.4 -81.808 28.085 169.333 -83.427 25.734 177.8 -84.515 14.103 160.867 -83.925 12.65 152.4 -84.452 8.451 152.4 -83.848 21.233 169.333 -84.606 21.543 177.8 -85.574 17.299 177.8 -85.391 7.076 160.867 -85.315 14.237 169.333 -86.33 13.012 177.8 -86.871 8.693 177.8 -86.199 7.143 169.333 -65.168 60.467 177.8 -62.073 63.641 177.8 -68.101 57.144 177.8 -58.824 66.656 177.8 -70.865 53.678 177.8 -55.428 69.505 177.8 -73.453 50.079 177.8 -51.895 72.181 177.8 -75.858 46.356 177.8 -48.232 74.678 177.8 -44.45 76.99 177.8 -78.074 42.517 177.8 -80.096 38.572 177.8 -40.557 79.11 177.8 -36.563 81.033 177.8 -81.919 34.532 177.8 -32.479 82.755 177.8 -28.313 84.271 177.8 -83.539 30.406 177.8 -24.078 85.577 177.8 -84.95 26.204 177.8 -86.151 21.937 177.8 -19.782 86.671 177.8 -87.137 17.615 177.8 -15.437 87.549 177.8 -87.907 13.25 177.8 -11.054 88.21 177.8 -88.458 8.852 177.8 -6.644 88.651 177.8 -88.789 4.431 177.8 -2.216 88.872 177.8 -88.9 0 177.8 2.216 88.872 177.8 -88.789 -4.431 177.8 6.644 88.651 177.8 -88.458 -8.852 177.8 11.054 88.21 177.8 -87.907 -13.25 177.8 15.437 87.549 177.8 -87.137 -17.615 177.8 19.782 86.671 177.8 -86.151 -21.937 177.8 24.078 85.577 177.8 -84.95 -26.204 177.8 28.313 84.271 177.8 -83.539 -30.406 177.8 32.479 82.755 177.8 -81.919 -34.532 177.8 36.563 81.033 177.8 -80.096 -38.572 177.8 40.557 79.11 177.8 -78.074 -42.517 177.8 44.45 76.99 177.8 -75.858 -46.356 177.8 48.232 74.678 177.8 -73.453 -50.079 177.8 51.895 72.181 177.8 -70.865 -53.678 177.8 55.428 69.505 177.8 -68.101 -57.144 177.8 58.824 66.656 177.8 -65.168 -60.467 177.8 62.073 63.641 177.8 -62.073 -63.641 177.8 65.168 60.467 177.8 -58.824 -66.656 177.8 68.101 57.144 177.8 -55.428 -69.505 177.8 70.865 53.678 177.8 -51.895 -72.181 177.8 73.453 50.079 177.8 -48.232 -74.678 177.8 75.858 46.356 177.8 -44.45 -76.99 177.8 78.074 42.517 177.8 -40.557 -79.11 177.8 80.096 38.572 177.8 -36.563 -81.033 177.8 81.919 34.532 177.8 -32.479 -82.755 177.8 83.539 30.406 177.8 -28.313 -84.271 177.8 84.95 26.204 177.8 -24.078 -85.577 177.8 86.151 21.937 177.8 -19.782 -86.671 177.8 87.137 17.615 177.8 -15.437 -87.549 177.8 87.907 13.25 177.8 -11.054 -88.21 177.8 88.458 8.852 177.8 -6.644 -88.651 177.8 88.789 4.431 177.8 -2.216 -88.872 177.8 88.9 0 177.8 2.216 -88.872 177.8 88.789 -4.431 177.8 6.644 -88.651 177.8 88.458 -8.852 177.8 11.054 -88.21 177.8 87.907 -13.25 177.8 15.437 -87.549 177.8 87.137 -17.615 177.8 19.782 -86.671 177.8 86.151 -21.937 177.8 24.078 -85.577 177.8 84.95 -26.204 177.8 28.313 -84.271 177.8 83.539 -30.406 177.8 32.479 -82.755 177.8 81.919 -34.532 177.8 36.563 -81.033 177.8 80.096 -38.572 177.8 40.557 -79.11 177.8 78.074 -42.517 177.8 44.45 -76.99 177.8 75.858 -46.356 177.8 48.232 -74.678 177.8 73.453 -50.079 177.8 51.895 -72.181 177.8 70.865 -53.678 177.8 55.428 -69.505 177.8 68.101 -57.144 177.8 58.824 -66.656 177.8 65.168 -60.467 177.8 62.073 -63.641 177.8 54.695 50.749 28.575 48.772 50.003 28.575 52.097 53.413 28.575 49.37 55.943 28.575 51.204 47.51 28.575 46.219 52.372 28.575 53.508 44.899 28.575 57.156 47.96 28.575 43.551 54.611 28.575 46.52 58.334 28.575 59.476 45.051 28.575 55.68 42.176 28.575 40.774 56.714 28.575 43.555 60.581 28.575 40.481 62.676 28.575 63.666 38.906 28.575 57.713 39.348 28.575 61.648 42.031 28.575 37.897 58.676 28.575 37.306 64.616 28.575 65.526 35.684 28.575 59.602 36.422 28.575 34.925 60.492 28.575 34.039 66.396 28.575 61.344 33.406 28.575 31.866 62.158 28.575 68.754 28.982 28.575 62.933 30.307 28.575 67.224 32.373 28.575 28.728 63.669 28.575 30.687 68.01 28.575 64.365 27.132 28.575 25.519 65.022 28.575 27.259 69.455 28.575 70.113 25.519 28.575 65.638 23.89 28.575 22.246 66.213 28.575 23.763 70.727 28.575 66.747 20.589 28.575 71.298 21.992 28.575 18.918 67.239 28.575 20.208 71.824 28.575 16.603 72.742 28.575 67.69 17.236 28.575 72.305 18.411 28.575 15.543 68.099 28.575 12.956 73.479 28.575 68.465 13.841 28.575 73.779 11.12 28.575 73.133 14.784 28.575 12.129 68.789 28.575 69.07 10.411 28.575 8.685 69.308 28.575 9.278 74.033 28.575 69.503 6.955 28.575 74.52 3.719 28.575 74.242 7.429 28.575 5.22 69.655 28.575 5.576 74.404 28.575 69.763 3.482 28.575 1.741 69.828 28.575 1.86 74.589 28.575 74.52 -3.719 28.575 69.85 0 28.575 74.613 0 28.575 -1.741 69.828 28.575 -1.86 74.589 28.575 69.763 -3.482 28.575 -5.22 69.655 28.575 -5.576 74.404 28.575 73.779 -11.12 28.575 69.503 -6.955 28.575 74.242 -7.429 28.575 -8.685 69.308 28.575 -9.278 74.033 28.575 69.07 -10.411 28.575 -12.129 68.789 28.575 -12.956 73.479 28.575 73.133 -14.784 28.575 68.465 -13.841 28.575 -15.543 68.099 28.575 -16.603 72.742 28.575 67.69 -17.236 28.575 72.305 -18.411 28.575 -18.918 67.239 28.575 -20.208 71.824 28.575 66.747 -20.589 28.575 71.298 -21.992 28.575 -22.246 66.213 28.575 -23.763 70.727 28.575 65.638 -23.89 28.575 70.113 -25.519 28.575 -25.519 65.022 28.575 -27.259 69.455 28.575 64.365 -27.132 28.575 68.754 -28.982 28.575 -28.728 63.669 28.575 -30.687 68.01 28.575 67.224 -32.373 28.575 62.933 -30.307 28.575 -31.866 62.158 28.575 -34.039 66.396 28.575 61.344 -33.406 28.575 65.526 -35.684 28.575 -34.925 60.492 28.575 -37.306 64.616 28.575 63.666 -38.906 28.575 59.602 -36.422 28.575 -37.897 58.676 28.575 -40.481 62.676 28.575 61.648 -42.031 28.575 57.713 -39.348 28.575 -43.555 60.581 28.575 -40.774 56.714 28.575 59.476 -45.051 28.575 55.68 -42.176 28.575 -43.551 54.611 28.575 -46.52 58.334 28.575 57.156 -47.96 28.575 53.508 -44.899 28.575 -46.219 52.372 28.575 -49.37 55.943 28.575 54.695 -50.749 28.575 51.204 -47.51 28.575 -48.772 50.003 28.575 -52.097 53.413 28.575 52.097 -53.413 28.575 48.772 -50.003 28.575 -51.204 47.51 28.575 -54.695 50.749 28.575 49.37 -55.943 28.575 46.219 -52.372 28.575 -53.508 44.899 28.575 -57.156 47.96 28.575 43.551 -54.611 28.575 46.52 -58.334 28.575 -59.476 45.051 28.575 -55.68 42.176 28.575 43.555 -60.581 28.575 40.774 -56.714 28.575 -57.713 39.348 28.575 -61.648 42.031 28.575 40.481 -62.676 28.575 37.897 -58.676 28.575 -59.602 36.422 28.575 -63.666 38.906 28.575 34.925 -60.492 28.575 37.306 -64.616 28.575 -61.344 33.406 28.575 -65.526 35.684 28.575 34.039 -66.396 28.575 31.866 -62.158 28.575 -62.933 30.307 28.575 -67.224 32.373 28.575 30.687 -68.01 28.575 28.728 -63.669 28.575 25.519 -65.022 28.575 -64.365 27.132 28.575 -68.754 28.982 28.575 -65.638 23.89 28.575 27.259 -69.455 28.575 -70.113 25.519 28.575 23.763 -70.727 28.575 22.246 -66.213 28.575 -66.747 20.589 28.575 -71.298 21.992 28.575 -67.69 17.236 28.575 20.208 -71.824 28.575 18.918 -67.239 28.575 -72.305 18.411 28.575 -68.465 13.841 28.575 16.603 -72.742 28.575 15.543 -68.099 28.575 12.129 -68.789 28.575 -73.133 14.784 28.575 -69.07 10.411 28.575 12.956 -73.479 28.575 -73.779 11.12 28.575 9.278 -74.033 28.575 8.685 -69.308 28.575 -74.242 7.429 28.575 -69.503 6.955 28.575 -69.763 3.482 28.575 5.576 -74.404 28.575 5.22 -69.655 28.575 -74.52 3.719 28.575 1.86 -74.589 28.575 1.741 -69.828 28.575 -1.741 -69.828 28.575 -74.613 0 28.575 -69.85 0 28.575 -1.86 -74.589 28.575 -74.52 -3.719 28.575 -69.763 -3.482 28.575 -5.576 -74.404 28.575 -5.22 -69.655 28.575 -69.503 -6.955 28.575 -74.242 -7.429 28.575 -9.278 -74.033 28.575 -8.685 -69.308 28.575 -69.07 -10.411 28.575 -73.779 -11.12 28.575 -12.956 -73.479 28.575 -12.129 -68.789 28.575 -68.465 -13.841 28.575 -73.133 -14.784 28.575 -16.603 -72.742 28.575 -15.543 -68.099 28.575 -67.69 -17.236 28.575 -72.305 -18.411 28.575 -20.208 -71.824 28.575 -18.918 -67.239 28.575 -66.747 -20.589 28.575 -71.298 -21.992 28.575 -23.763 -70.727 28.575 -22.246 -66.213 28.575 -65.638 -23.89 28.575 -70.113 -25.519 28.575 -25.519 -65.022 28.575 -27.259 -69.455 28.575 -28.728 -63.669 28.575 -64.365 -27.132 28.575 -68.754 -28.982 28.575 -30.687 -68.01 28.575 -67.224 -32.373 28.575 -62.933 -30.307 28.575 -34.039 -66.396 28.575 -31.866 -62.158 28.575 -61.344 -33.406 28.575 -65.526 -35.684 28.575 -59.602 -36.422 28.575 -37.306 -64.616 28.575 -34.925 -60.492 28.575 -63.666 -38.906 28.575 -40.481 -62.676 28.575 -37.897 -58.676 28.575 -61.648 -42.031 28.575 -57.713 -39.348 28.575 -43.555 -60.581 28.575 -40.774 -56.714 28.575 -55.68 -42.176 28.575 -59.476 -45.051 28.575 -46.52 -58.334 28.575 -43.551 -54.611 28.575 -46.219 -52.372 28.575 -57.156 -47.96 28.575 -53.508 -44.899 28.575 -49.37 -55.943 28.575 -51.204 -47.51 28.575 -54.695 -50.749 28.575 -48.772 -50.003 28.575 -52.097 -53.413 28.575 -69.85 0 25.4 -69.763 -3.482 25.4 -69.503 -6.955 25.4 -69.07 -10.411 25.4 -68.465 -13.841 25.4 -67.69 -17.236 25.4 -66.747 -20.589 25.4 -65.638 -23.89 25.4 -64.365 -27.132 25.4 -62.933 -30.307 25.4 -61.344 -33.406 25.4 -59.602 -36.422 25.4 -57.713 -39.348 25.4 -55.68 -42.176 25.4 -53.508 -44.899 25.4 -51.204 -47.51 25.4 -48.772 -50.003 25.4 -46.219 -52.372 25.4 -43.551 -54.611 25.4 -40.774 -56.714 25.4 -37.897 -58.676 25.4 -34.925 -60.492 25.4 -31.866 -62.158 25.4 -28.728 -63.669 25.4 -25.519 -65.022 25.4 -22.246 -66.213 25.4 -18.918 -67.239 25.4 -15.543 -68.099 25.4 -12.129 -68.789 25.4 -8.685 -69.308 25.4 -5.22 -69.655 25.4 -1.741 -69.828 25.4 1.741 -69.828 25.4 5.22 -69.655 25.4 8.685 -69.308 25.4 12.129 -68.789 25.4 15.543 -68.099 25.4 18.918 -67.239 25.4 22.246 -66.213 25.4 25.519 -65.022 25.4 28.728 -63.669 25.4 31.866 -62.158 25.4 34.925 -60.492 25.4 37.897 -58.676 25.4 40.774 -56.714 25.4 43.551 -54.611 25.4 46.219 -52.372 25.4 48.772 -50.003 25.4 51.204 -47.51 25.4 53.508 -44.899 25.4 55.68 -42.176 25.4 57.713 -39.348 25.4 59.602 -36.422 25.4 61.344 -33.406 25.4 62.933 -30.307 25.4 64.365 -27.132 25.4 65.638 -23.89 25.4 66.747 -20.589 25.4 67.69 -17.236 25.4 68.465 -13.841 25.4 69.07 -10.411 25.4 69.503 -6.955 25.4 69.763 -3.482 25.4 69.85 0 25.4 69.763 3.482 25.4 69.503 6.955 25.4 69.07 10.411 25.4 68.465 13.841 25.4 67.69 17.236 25.4 66.747 20.589 25.4 65.638 23.89 25.4 64.365 27.132 25.4 62.933 30.307 25.4 61.344 33.406 25.4 59.602 36.422 25.4 57.713 39.348 25.4 55.68 42.176 25.4 53.508 44.899 25.4 51.204 47.51 25.4 48.772 50.003 25.4 46.219 52.372 25.4 43.551 54.611 25.4 40.774 56.714 25.4 37.897 58.676 25.4 34.925 60.492 25.4 31.866 62.158 25.4 28.728 63.669 25.4 25.519 65.022 25.4 22.246 66.213 25.4 18.918 67.239 25.4 15.543 68.099 25.4 12.129 68.789 25.4 8.685 69.308 25.4 5.22 69.655 25.4 1.741 69.828 25.4 -1.741 69.828 25.4 -5.22 69.655 25.4 -8.685 69.308 25.4 -12.129 68.789 25.4 -15.543 68.099 25.4 -18.918 67.239 25.4 -22.246 66.213 25.4 -25.519 65.022 25.4 -28.728 63.669 25.4 -31.866 62.158 25.4 -34.925 60.492 25.4 -37.897 58.676 25.4 -40.774 56.714 25.4 -43.551 54.611 25.4 -46.219 52.372 25.4 -48.772 50.003 25.4 -51.204 47.51 25.4 -53.508 44.899 25.4 -55.68 42.176 25.4 -57.713 39.348 25.4 -59.602 36.422 25.4 -61.344 33.406 25.4 -62.933 30.307 25.4 -64.365 27.132 25.4 -65.638 23.89 25.4 -66.747 20.589 25.4 -67.69 17.236 25.4 -68.465 13.841 25.4 -69.07 10.411 25.4 -69.503 6.955 25.4 -69.763 3.482 25.4 55.859 51.829 0 47.51 59.576 0 53.206 54.549 0 50.42 57.133 0 60.741 46.01 0 62.959 42.925 0 58.373 48.98 0 41.342 64.01 0 44.481 61.87 0 65.021 39.733 0 38.1 65.991 0 66.92 36.443 0 68.654 33.062 0 31.34 69.457 0 34.763 67.808 0 71.605 26.062 0 70.216 29.599 0 13.232 75.042 0 27.839 70.933 0 24.269 72.232 0 20.638 73.352 0 16.956 74.29 0 75.349 11.357 0 75.821 7.587 0 74.689 15.099 0 73.844 18.803 0 76.105 3.798 0 76.2 0 0 5.694 75.987 0 -1.9 76.176 0 1.9 76.176 0 75.349 -11.357 0 75.821 -7.587 0 76.105 -3.798 0 72.815 22.46 0 9.475 75.609 0 -13.232 75.042 0 -5.694 75.987 0 -9.475 75.609 0 -16.956 74.29 0 -24.269 72.232 0 -20.638 73.352 0 -27.839 70.933 0 71.605 -26.062 0 70.216 -29.599 0 72.815 -22.46 0 73.844 -18.803 0 74.689 -15.099 0 66.92 -36.443 0 68.654 -33.062 0 -31.34 69.457 0 -38.1 65.991 0 -34.763 67.808 0 65.021 -39.733 0 -41.342 64.01 0 -44.481 61.87 0 62.959 -42.925 0 60.741 -46.01 0 55.859 -51.829 0 58.373 -48.98 0 -55.859 51.829 0 -47.51 59.576 0 -50.42 57.133 0 -53.206 54.549 0 50.42 -57.133 0 53.206 -54.549 0 -58.373 48.98 0 -65.021 39.733 0 -60.741 46.01 0 -62.959 42.925 0 41.342 -64.01 0 38.1 -65.991 0 44.481 -61.87 0 47.51 -59.576 0 34.763 -67.808 0 -68.654 33.062 0 -66.92 36.443 0 31.34 -69.457 0 27.839 -70.933 0 -71.605 26.062 0 -70.216 29.599 0 24.269 -72.232 0 20.638 -73.352 0 -75.349 11.357 0 -72.815 22.46 0 -73.844 18.803 0 -74.689 15.099 0 13.232 -75.042 0 9.475 -75.609 0 16.956 -74.29 0 1.9 -76.176 0 5.694 -75.987 0 -76.105 3.798 0 -76.105 -3.798 0 -76.2 0 0 -1.9 -76.176 0 -5.694 -75.987 0 -75.821 -7.587 0 -75.821 7.587 0 -75.349 -11.357 0 -73.844 -18.803 0 -74.689 -15.099 0 -16.956 -74.29 0 -20.638 -73.352 0 -13.232 -75.042 0 -9.475 -75.609 0 -72.815 -22.46 0 -71.605 -26.062 0 -24.269 -72.232 0 -27.839 -70.933 0 -68.654 -33.062 0 -70.216 -29.599 0 -34.763 -67.808 0 -38.1 -65.991 0 -31.34 -69.457 0 -65.021 -39.733 0 -66.92 -36.443 0 -62.959 -42.925 0 -41.342 -64.01 0 -44.481 -61.87 0 -47.51 -59.576 0 -50.42 -57.133 0 -55.859 -51.829 0 -60.741 -46.01 0 -58.373 -48.98 0 -53.206 -54.549 0</float_array>
          <technique_common>
            <accessor source="#pos_1-array" count="12567" stride="3">
              <param name="X" type="float"/>
              <param name="Y" type="float"/>
              <param name="Z" type="float"/>
            </accessor>
          </technique_common>
        </source>
        <vertices id="vert_1">
          <input semantic="POSITION" source="#pos_1"/>
        </vertices>
        <triangles count="7336" material="mat_1">
          <input semantic="VERTEX" source="#vert_1" offset="0"/>
          <p>0 1 2 3 4 5 6 7 8 9 10 11 12 13 14 15 16 17 18 19 20 21 22 23 24 25 26 27 24 26 28 27 26 29 30 26 31 29 26 25 31 26 32 33 34 32 34 35 32 35 36 32 36 37 32 37 38 39 32 38 39 38 40 39 40 41 39 41 42 43 39 42 43 42 44 43 44 45 43 45 46 47 43 46 47 1 0 47 46 1 47 0 48 47 48 49 50 47 49 50 49 51 50 51 52 50 52 53 54 50 53 54 53 55 54 55 56 57 54 56 57 56 58 57 58 59 57 59 60 61 33 32 61 62 33 63 57 60 63 60 64 63 64 65 63 65 66 67 32 39 67 61 32 68 66 69 68 69 70 68 63 66 71 67 39 71 43 47 71 39 43 72 68 70 72 70 73 72 73 74 72 74 75 76 71 47 77 72 75 77 75 78 77 78 79 77 79 80 81 47 50 81 76 47 82 3 83 82 83 84 82 4 3 82 77 80 82 80 4 85 81 50 85 50 54 86 84 87 86 87 88 86 88 89 86 82 84 90 54 57 90 85 54 90 57 63 91 89 92 91 92 93 91 93 94 91 86 89 95 62 61 95 96 62 97 90 63 98 91 94 98 94 99 98 99 100 101 61 67 101 95 61 102 63 68 102 68 72 102 97 63 103 100 104 103 104 105 103 105 106 103 98 100 107 71 76 107 67 71 107 101 67 108 102 72 109 106 110 109 110 111 109 111 112 109 103 106 113 107 76 114 72 77 114 108 72 115 112 116 115 116 117 115 109 112 118 113 76 118 76 81 119 114 77 119 82 86 119 77 82 120 117 121 120 121 122 120 122 123 120 115 117 124 81 85 124 118 81 124 85 90 125 119 86 126 7 6 126 123 7 126 6 127 126 127 128 126 128 129 126 120 123 130 124 90 131 86 91 131 125 86 132 129 133 132 133 134 132 126 129 135 136 96 135 96 95 137 90 97 137 130 90 138 131 91 138 91 98 139 134 140 139 140 141 139 141 142 139 132 134 143 135 95 143 95 101 144 137 97 144 97 102 144 102 108 145 138 98 145 103 109 145 98 103 146 142 147 146 147 148 146 148 149 146 139 142 150 101 107 150 143 101 151 144 108 152 145 109 153 149 154 153 154 155 153 146 149 156 107 113 156 113 118 156 150 107 157 151 108 157 108 114 157 114 119 158 109 115 158 152 109 159 155 160 159 160 161 159 161 162 159 153 155 163 156 118 164 157 119 164 119 125 165 115 120 165 158 115 166 162 167 166 167 168 166 168 169 166 159 162 170 163 118 170 118 124 171 164 125 172 120 126 172 165 120 172 126 132 173 169 174 173 174 175 173 175 10 173 166 169 176 170 124 176 130 137 176 124 130 177 171 125 177 125 131 178 172 132 179 173 10 179 10 9 179 9 180 179 180 181 179 181 182 183 184 136 183 136 135 185 176 137 186 177 131 186 131 138 187 178 132 187 132 139 188 179 182 188 182 189 188 189 190 188 190 191 192 135 143 192 183 135 193 137 144 193 144 151 193 185 137 194 138 145 194 186 138 194 145 152 195 187 139 195 146 153 195 139 146 196 188 191 196 191 197 196 197 198 199 143 150 199 192 143 200 193 151 201 194 152 202 195 153 203 198 204 203 204 205 203 205 206 203 196 198 207 150 156 207 199 150 208 200 151 208 151 157 209 201 152 209 152 158 210 159 166 210 202 153 210 153 159 211 206 212 211 212 213 211 213 214 211 203 206 215 156 163 215 207 156 216 157 164 216 208 157 216 164 171 217 209 158 217 158 165 218 210 166 219 211 214 219 214 220 219 220 221 222 170 176 222 163 170 222 215 163 223 216 171 223 171 177 224 165 172 224 217 165 224 172 178 225 166 173 225 218 166 225 173 179 226 219 221 226 221 227 226 227 228 226 228 229 230 222 176 231 223 177 232 224 178 233 225 179 234 226 229 234 13 12 234 229 235 234 235 236 234 236 13 237 238 184 237 184 183 239 176 185 239 230 176 240 177 186 240 231 177 241 178 187 241 232 178 242 233 179 242 179 188 243 234 12 243 12 244 243 244 245 243 245 246 247 183 192 247 237 183 248 239 185 248 185 193 249 240 186 249 186 194 250 195 202 250 241 187 250 187 195 251 196 203 251 242 188 251 188 196 252 243 246 252 246 253 252 253 254 252 254 255 256 247 192 256 192 199 257 193 200 257 248 193 258 194 201 258 249 194 259 250 202 260 251 203 261 252 255 261 255 262 261 262 263 261 263 264 265 256 199 265 199 207 266 208 216 266 200 208 266 257 200 267 258 201 267 201 209 268 202 210 268 210 218 268 259 202 269 260 203 269 211 219 269 203 211 270 264 271 270 271 272 270 261 264 273 207 215 273 265 207 274 266 216 275 209 217 275 217 224 275 267 209 276 268 218 277 269 219 278 270 272 278 272 279 278 279 280 278 280 281 282 273 215 282 215 222 283 216 223 283 274 216 284 275 224 285 276 218 285 218 225 286 277 219 286 226 234 286 219 226 287 278 281 287 281 288 287 288 289 287 289 290 291 222 230 291 282 222 292 223 231 292 283 223 293 224 232 293 284 224 294 225 233 294 285 225 294 233 242 295 286 234 296 287 290 296 290 297 296 297 298 299 300 238 299 238 237 301 291 230 301 230 239 302 231 240 302 292 231 303 232 241 303 293 232 304 294 242 305 243 252 305 234 243 305 295 234 306 16 15 306 296 298 306 298 307 306 307 308 306 308 16 306 15 309 310 247 256 310 237 247 310 299 237 311 239 248 311 301 239 312 240 249 312 302 240 313 303 241 313 241 250 313 250 259 314 304 242 314 242 251 314 251 260 315 305 252 316 317 318 316 306 309 316 309 319 316 319 317 320 310 256 321 311 248 321 257 266 321 248 257 322 249 258 322 312 249 322 258 267 323 313 259 324 314 260 325 252 261 325 315 252 326 318 327 326 327 328 326 316 318 329 320 256 329 256 265 329 265 273 330 321 266 331 322 267 332 268 276 332 323 259 332 259 268 333 260 269 333 324 260 334 270 278 334 325 261 334 261 270 335 328 336 335 336 337 335 337 338 335 326 328 339 329 273 340 274 283 340 266 274 340 330 266 341 267 275 341 331 267 342 332 276 343 269 277 343 277 286 343 333 269 344 334 278 345 338 346 345 346 347 345 347 348 345 335 338 349 273 282 349 339 273 350 340 283 351 341 275 351 275 284 352 276 285 352 285 294 352 342 276 353 343 286 354 344 278 354 278 287 354 287 296 355 345 348 355 348 356 355 356 357 358 282 291 358 349 282 359 350 283 359 292 302 359 283 292 360 293 303 360 351 284 360 284 293 361 352 294 362 286 295 362 295 305 362 353 286 363 354 296 364 357 365 364 365 366 364 366 367 364 355 357 368 300 299 368 369 300 370 358 291 370 291 301 371 359 302 372 360 303 373 304 314 373 294 304 373 361 294 374 362 305 375 363 296 375 296 306 375 306 316 376 364 367 376 367 377 376 377 378 376 378 379 380 368 299 380 299 310 381 301 311 381 370 301 382 302 312 382 371 302 383 303 313 383 313 323 383 372 303 384 373 314 385 305 315 385 315 325 385 374 305 386 375 316 387 376 379 387 379 388 387 388 19 387 18 389 387 19 18 390 320 329 390 310 320 390 380 310 391 311 321 391 381 311 392 312 322 392 382 312 393 383 323 394 314 324 394 324 333 394 384 314 395 385 325 396 386 316 396 326 335 396 316 326 397 389 398 397 398 399 397 399 400 397 387 389 401 390 329 402 391 321 402 330 340 402 321 330 403 392 322 403 322 331 404 323 332 404 332 342 404 393 323 405 394 333 406 325 334 406 395 325 407 396 335 408 397 400 408 400 409 408 409 410 408 410 411 412 329 339 412 401 329 413 340 350 413 402 340 414 403 331 414 331 341 415 404 342 416 405 333 416 333 343 416 343 353 417 344 354 417 406 334 417 334 344 418 335 345 418 345 355 418 407 335 419 408 411 419 411 420 419 420 421 422 339 349 422 412 339 423 413 350 424 341 351 424 414 341 424 351 360 425 342 352 425 415 342 425 352 361 426 416 353 427 417 354 428 418 355 429 421 430 429 430 431 429 431 432 429 419 421 433 422 349 433 349 358 434 350 359 434 359 371 434 423 350 435 424 360 436 425 361 437 426 353 437 362 374 437 353 362 438 427 354 438 363 375 438 354 363 439 355 364 439 428 355 439 364 376 440 369 368 440 441 369 440 368 380 442 432 443 442 443 444 442 444 445 442 429 432 446 358 370 446 433 358 447 434 371 448 372 383 448 360 372 448 435 360 449 436 361 449 373 384 449 361 373 450 437 374 451 438 375 452 439 376 453 440 380 454 442 445 454 445 455 454 455 456 457 381 391 457 446 370 457 370 381 458 447 371 458 371 382 459 448 383 460 449 384 461 450 374 461 374 385 461 385 395 462 451 375 462 386 396 462 375 386 463 376 387 463 452 376 464 380 390 464 453 380 465 456 466 465 466 467 465 467 468 465 454 456 469 457 391 470 458 382 470 392 403 470 382 392 471 383 393 471 459 383 472 460 384 472 384 394 472 394 405 473 461 395 474 462 396 474 396 407 475 463 387 475 387 397 476 464 390 476 401 412 476 390 401 477 468 478 477 478 22 477 21 479 477 22 21 477 465 468 480 469 391 480 391 402 481 470 403 482 393 404 482 471 393 483 472 405 484 406 417 484 395 406 484 473 395 485 474 407 486 475 397 486 408 419 486 397 408 487 476 412 488 479 489 488 489 490 488 490 491 488 477 479 492 402 413 492 480 402 492 413 423 493 403 414 493 481 403 493 414 424 494 482 404 494 404 415 494 415 425 495 405 416 495 416 426 495 483 405 496 484 417 497 485 407 497 407 418 497 418 428 498 486 419 499 487 412 499 412 422 500 488 491 500 491 501 500 501 502 500 502 503 504 492 423 505 493 424 506 494 425 507 495 426 508 427 438 508 496 417 508 417 427 509 497 428 510 419 429 510 498 419 511 499 422 511 422 433 512 503 513 512 513 514 512 514 515 512 515 34 512 34 33 512 500 503 516 504 423 516 423 434 517 505 424 517 424 435 518 425 436 518 506 425 519 437 450 519 507 426 519 426 437 520 508 438 521 428 439 521 509 428 521 439 452 522 441 440 522 523 441 524 510 429 524 429 442 525 433 446 525 511 433 526 516 434 526 447 458 526 434 447 527 517 435 527 435 448 528 436 449 528 518 436 529 519 450 530 438 451 530 520 438 530 451 462 531 521 452 532 440 453 532 522 440 533 524 442 533 442 454 533 454 465 534 525 446 534 446 457 535 526 458 536 448 459 536 527 448 537 449 460 537 528 449 538 529 450 538 450 461 539 530 462 540 452 463 540 531 452 541 453 464 541 532 453 541 464 476 542 533 465 543 457 469 543 534 457 544 458 470 544 535 458 545 536 459 545 459 471 546 537 460 546 460 472 547 538 461 547 461 473 548 539 462 548 462 474 549 463 475 549 540 463 550 541 476 551 542 465 551 465 477 552 543 469 552 469 480 553 544 470 553 481 493 553 470 481 554 545 471 554 482 494 554 471 482 555 483 495 555 546 472 555 472 483 556 473 484 556 547 473 557 485 497 557 474 485 557 548 474 558 475 486 558 486 498 558 549 475 559 476 487 559 550 476 560 551 477 560 477 488 561 480 492 561 552 480 562 553 493 563 554 494 564 555 495 565 484 496 565 556 484 566 557 497 567 558 498 568 559 487 568 499 511 568 487 499 569 488 500 569 560 488 569 500 512 570 504 516 570 492 504 570 561 492 571 562 493 571 493 505 572 494 506 572 563 494 573 495 507 573 564 495 574 508 520 574 496 508 574 565 496 575 566 497 575 509 521 575 497 509 576 567 498 576 498 510 577 568 511 578 569 512 578 33 62 578 512 33 579 570 516 580 505 517 580 571 505 581 572 506 581 506 518 582 507 519 582 519 529 582 573 507 583 574 520 584 575 521 584 521 531 585 586 523 585 523 522 587 510 524 587 576 510 588 511 525 588 577 511 589 579 516 589 516 526 590 580 517 590 517 527 591 528 537 591 518 528 591 581 518 592 582 529 593 530 539 593 520 530 593 583 520 594 584 531 595 522 532 595 585 522 596 587 524 596 524 533 597 525 534 597 588 525 598 526 535 598 535 544 598 589 526 599 590 527 599 527 536 599 536 545 600 591 537 601 529 538 601 592 529 602 593 539 603 594 531 603 531 540 604 532 541 604 541 550 604 595 532 605 596 533 605 542 551 605 533 542 606 597 534 606 534 543 607 598 544 608 599 545 609 546 555 609 600 537 609 537 546 610 601 538 610 538 547 611 602 539 611 539 548 612 603 540 612 540 549 613 604 550 614 605 551 615 606 543 615 543 552 616 607 544 616 544 553 617 554 563 617 608 545 617 545 554 618 609 555 619 547 556 619 610 547 620 611 548 620 548 557 621 558 567 621 612 549 621 549 558 622 550 559 622 613 550 623 614 551 623 551 560 624 552 561 624 615 552 625 562 571 625 616 553 625 553 562 626 617 563 627 555 564 627 564 573 627 618 555 628 556 565 628 619 556 629 620 557 629 557 566 630 621 567 631 559 568 631 622 559 632 623 560 632 560 569 633 561 570 633 570 579 633 624 561 634 625 571 635 563 572 635 572 581 635 626 563 636 627 573 637 565 574 637 628 565 637 574 583 638 629 566 638 566 575 639 567 576 639 630 567 640 577 588 640 568 577 640 631 568 641 632 569 641 569 578 641 62 96 641 578 62 642 633 579 643 634 571 643 571 580 644 635 581 645 636 573 645 573 582 645 582 592 646 637 583 647 584 594 647 638 575 647 575 584 648 586 585 648 649 586 650 639 576 650 576 587 651 640 588 652 579 589 652 642 579 653 580 590 653 643 580 654 581 591 654 591 600 654 644 581 655 645 592 656 646 583 656 583 593 657 647 594 658 585 595 658 648 585 658 595 604 659 587 596 659 596 605 659 650 587 660 588 597 660 651 588 661 652 589 661 589 598 662 653 590 662 599 608 662 590 599 663 654 600 664 655 592 664 592 601 665 656 593 665 593 602 666 657 594 666 594 603 667 658 604 668 659 605 669 660 597 669 597 606 670 661 598 670 598 607 671 662 608 672 609 618 672 663 600 672 600 609 673 664 601 673 601 610 674 602 611 674 611 620 674 665 602 675 666 603 675 603 612 676 613 622 676 667 604 676 604 613 677 668 605 677 605 614 678 615 624 678 669 606 678 606 615 679 607 616 679 670 607 680 617 626 680 671 608 680 608 617 681 672 618 682 610 619 682 673 610 683 674 620 684 675 612 684 612 621 684 621 630 685 622 631 685 676 622 686 677 614 686 614 623 686 623 632 687 624 633 687 678 624 688 625 634 688 679 616 688 616 625 689 680 626 690 618 627 690 681 618 690 627 636 691 619 628 691 682 619 692 629 638 692 683 620 692 620 629 693 684 630 694 685 631 694 631 640 695 686 632 696 687 633 697 688 634 698 689 626 698 626 635 699 690 636 700 628 637 700 691 628 700 637 646 701 692 638 702 630 639 702 693 630 703 694 640 704 632 641 704 96 136 704 641 96 704 695 632 705 633 642 705 696 633 706 634 643 706 697 634 706 643 653 707 698 635 707 635 644 708 645 655 708 636 645 708 699 636 709 700 646 710 638 647 710 701 638 710 647 657 711 712 649 711 649 648 713 639 650 713 702 639 714 640 651 714 651 660 714 703 640 715 705 642 715 642 652 716 706 653 717 644 654 717 654 663 717 707 644 718 708 655 719 646 656 719 709 646 720 710 657 721 711 648 721 648 658 722 650 659 722 659 668 722 713 650 723 714 660 724 715 652 724 652 661 725 653 662 725 716 653 725 662 671 726 717 663 727 718 655 727 655 664 728 656 665 728 719 656 729 657 666 729 720 657 730 721 658 730 658 667 731 722 668 732 723 660 732 660 669 733 724 661 733 661 670 734 725 671 735 663 672 735 726 663 735 672 681 736 664 673 736 727 664 737 665 674 737 728 665 738 729 666 738 666 675 739 730 667 739 667 676 740 731 668 740 668 677 741 669 678 741 732 669 742 733 670 742 670 679 743 680 689 743 734 671 743 671 680 744 735 681 745 673 682 745 736 673 746 737 674 746 683 692 746 674 683 747 738 675 747 675 684 748 739 676 748 676 685 748 685 694 749 677 686 749 740 677 749 686 695 750 678 687 750 741 678 751 679 688 751 742 679 752 743 689 753 681 690 753 744 681 753 690 699 754 745 682 754 682 691 755 746 692 756 693 702 756 684 693 756 747 684 757 748 694 758 749 695 759 687 696 759 696 705 759 750 687 760 688 697 760 751 688 761 689 698 761 752 689 762 753 699 763 700 709 763 691 700 763 754 691 764 755 692 764 692 701 764 701 710 765 756 702 766 757 694 766 694 703 767 695 704 767 704 136 767 136 184 767 758 695 768 759 705 769 760 697 769 697 706 770 761 698 770 698 707 771 699 708 771 708 718 771 762 699 772 763 709 773 764 710 773 710 720 774 712 711 774 775 712 776 765 702 776 702 713 777 766 703 777 703 714 777 714 723 778 768 705 778 705 715 778 715 724 779 769 706 779 706 716 780 707 717 780 770 707 781 771 718 782 719 728 782 772 709 782 709 719 783 773 720 784 711 721 784 774 711 785 713 722 785 776 713 786 777 723 787 724 733 787 778 724 788 725 734 788 716 725 788 779 716 789 780 717 789 717 726 790 718 727 790 781 718 790 727 736 791 782 728 792 783 720 792 720 729 793 784 721 793 721 730 794 722 731 794 785 722 795 723 732 795 786 723 796 787 733 797 788 734 798 726 735 798 789 726 798 735 744 799 790 736 800 728 737 800 791 728 801 792 729 801 729 738 802 730 739 802 793 730 803 794 731 803 740 749 803 731 740 804 732 741 804 795 732 805 733 742 805 796 733 806 797 734 806 743 752 806 734 743 807 798 744 808 745 754 808 799 736 808 736 745 809 800 737 809 737 746 809 746 755 810 747 756 810 801 738 810 738 747 811 739 748 811 802 739 812 803 749 813 804 741 813 741 750 814 742 751 814 751 760 814 805 742 815 806 752 816 744 753 816 753 762 816 807 744 817 808 754 818 809 755 819 810 756 820 811 748 820 748 757 821 749 758 821 812 749 822 759 768 822 750 759 822 813 750 823 760 769 823 814 760 824 752 761 824 815 752 824 761 770 825 816 762 826 754 763 826 817 754 826 763 772 827 818 755 827 755 764 828 756 765 828 819 756 829 757 766 829 766 777 829 820 757 830 821 758 830 758 767 830 767 184 830 184 238 831 822 768 832 823 769 833 824 770 834 825 762 834 762 771 834 771 781 835 826 772 836 764 773 836 773 783 836 827 764 837 838 775 837 775 774 839 828 765 839 765 776 840 829 777 841 831 768 841 778 787 841 768 778 842 769 779 842 832 769 843 833 770 843 770 780 844 834 781 845 835 772 845 772 782 846 836 783 847 784 793 847 837 774 847 774 784 848 839 776 848 785 794 848 776 785 849 840 777 849 777 786 850 841 787 850 787 796 851 842 779 851 779 788 851 788 797 852 843 780 852 780 789 853 781 790 853 790 799 853 844 781 854 782 791 854 845 782 855 846 783 855 783 792 856 847 793 857 848 794 858 849 786 858 786 795 859 850 796 860 851 797 861 852 789 861 798 807 861 789 798 862 853 799 863 791 800 863 854 791 864 792 801 864 855 792 865 802 811 865 793 802 865 856 793 866 794 803 866 857 794 867 858 795 867 795 804 868 796 805 868 859 796 869 860 797 869 797 806 869 806 815 870 861 807 871 799 808 871 862 799 872 800 809 872 863 800 872 809 818 873 801 810 873 864 801 874 865 811 875 803 812 875 812 821 875 866 803 876 804 813 876 867 804 876 813 822 877 868 805 877 805 814 877 814 823 878 869 815 879 870 807 879 807 816 880 871 808 880 808 817 881 872 818 882 873 810 882 810 819 883 874 811 883 811 820 883 820 829 884 875 821 885 876 822 886 877 823 886 823 832 887 824 833 887 878 815 887 815 824 888 816 825 888 879 816 889 826 835 889 817 826 889 880 817 890 881 818 890 818 827 891 819 828 891 882 819 892 883 829 893 830 238 893 238 300 893 884 821 893 821 830 894 885 822 894 822 831 895 886 832 896 887 833 897 888 825 897 825 834 898 889 835 899 890 827 899 827 836 899 836 846 900 838 837 900 901 838 902 828 839 902 891 828 903 892 829 903 829 840 904 831 841 904 894 831 905 895 832 905 832 842 906 833 843 906 896 833 907 834 844 907 897 834 908 898 835 908 835 845 909 899 846 910 837 847 910 900 837 911 839 848 911 848 857 911 902 839 912 903 840 912 840 849 913 841 850 913 904 841 913 850 859 914 851 860 914 905 842 914 842 851 915 906 843 915 843 852 916 844 853 916 853 862 916 907 844 917 908 845 917 845 854 918 909 846 918 846 855 919 910 847 919 847 856 920 911 857 921 912 849 921 849 858 922 913 859 923 914 860 924 861 870 924 915 852 924 852 861 925 916 862 926 917 854 926 854 863 927 855 864 927 918 855 928 856 865 928 919 856 929 857 866 929 920 857 930 867 876 930 858 867 930 921 858 931 859 868 931 922 859 932 860 869 932 923 860 933 924 870 934 871 880 934 862 871 934 925 862 935 926 863 935 863 872 935 872 881 936 927 864 936 873 882 936 864 873 937 865 874 937 928 865 938 866 875 938 875 884 938 929 866 939 930 876 940 931 868 940 877 886 940 868 877 941 869 878 941 932 869 941 878 887 942 933 870 942 879 888 942 870 879 943 934 880 944 935 881 945 936 882 946 874 883 946 937 874 947 938 884 948 876 885 948 939 876 949 940 886 950 887 896 950 941 887 951 942 888 952 880 889 952 943 880 953 944 881 953 881 890 954 945 882 954 882 891 955 946 883 955 883 892 956 884 893 956 947 884 956 300 369 956 893 300 957 948 885 957 885 894 958 949 886 958 886 895 959 950 896 960 888 897 960 951 888 961 952 889 961 889 898 962 899 909 962 953 890 962 890 899 963 901 900 963 964 901 965 891 902 965 954 891 966 955 892 966 892 903 967 957 894 967 894 904 968 895 905 968 958 895 969 896 906 969 959 896 970 960 897 970 897 907 971 961 898 971 898 908 972 962 909 973 963 900 973 900 910 973 910 919 974 902 911 974 965 902 974 911 920 975 903 912 975 966 903 976 904 913 976 967 904 976 913 922 977 968 905 977 905 914 978 906 915 978 915 924 978 969 906 979 970 907 979 916 925 979 907 916 980 917 926 980 908 917 980 971 908 981 909 918 981 972 909 982 973 919 983 974 920 984 912 921 984 975 912 985 976 922 986 977 914 986 914 923 987 924 933 987 978 924 988 979 925 989 980 926 990 981 918 990 918 927 991 928 937 991 982 919 991 919 928 992 920 929 992 983 920 993 984 921 993 921 930 994 985 922 994 922 931 995 932 941 995 986 923 995 923 932 996 987 933 997 925 934 997 988 925 998 989 926 998 926 935 999 927 936 999 936 945 999 990 927 1000 991 937 1001 938 947 1001 992 929 1001 929 938 1002 930 939 1002 993 930 1003 931 940 1003 994 931 1004 995 941 1005 933 942 1005 942 951 1005 996 933 1006 997 934 1006 934 943 1007 935 944 1007 998 935 1008 999 945 1009 1000 937 1009 937 946 1010 1001 947 1011 939 948 1011 1002 939 1012 940 949 1012 1003 940 1013 941 950 1013 1004 941 1014 1005 951 1015 1006 943 1015 943 952 1016 1007 944 1016 944 953 1017 1008 945 1017 945 954 1018 1009 946 1018 946 955 1018 955 966 1019 947 956 1019 369 441 1019 956 369 1019 1010 947 1020 948 957 1020 1011 948 1021 1012 949 1021 949 958 1022 950 959 1022 1013 950 1023 1014 951 1023 951 960 1024 961 971 1024 1015 952 1024 952 961 1025 962 972 1025 1016 953 1025 953 962 1026 963 973 1026 964 963 1026 1027 964 1028 954 965 1028 1017 954 1029 1018 966 1030 1020 957 1030 957 967 1031 1021 958 1031 958 968 1032 1022 959 1032 959 969 1033 1023 960 1033 960 970 1034 1024 971 1035 1025 972 1036 1026 973 1037 974 983 1037 965 974 1037 1028 965 1038 966 975 1038 1029 966 1038 975 984 1039 967 976 1039 1030 967 1040 1031 968 1040 968 977 1041 969 978 1041 1032 969 1042 1033 970 1042 979 988 1042 970 979 1043 971 980 1043 980 989 1043 1034 971 1044 972 981 1044 1035 972 1045 973 982 1045 1036 973 1046 1037 983 1047 1038 984 1047 984 993 1048 1039 976 1048 976 985 1049 977 986 1049 1040 977 1050 1041 978 1050 987 996 1050 978 987 1051 1042 988 1052 1043 989 1053 981 990 1053 1044 981 1054 982 991 1054 991 1000 1054 1045 982 1055 1046 983 1055 983 992 1056 1047 993 1057 985 994 1057 1048 985 1058 986 995 1058 1049 986 1059 1050 996 1060 988 997 1060 1051 988 1061 989 998 1061 1052 989 1062 990 999 1062 999 1008 1062 1053 990 1063 1054 1000 1064 1001 1010 1064 992 1001 1064 1055 992 1065 1056 993 1065 1002 1011 1065 993 1002 1066 994 1003 1066 1057 994 1067 995 1004 1067 1058 995 1068 1059 996 1068 996 1005 1069 997 1006 1069 1060 997 1069 1006 1015 1070 1061 998 1070 998 1007 1071 1062 1008 1072 1000 1009 1072 1063 1000 1073 1064 1010 1074 1065 1011 1075 1003 1012 1075 1066 1003 1076 1004 1013 1076 1013 1022 1076 1067 1004 1077 1005 1014 1077 1068 1005 1078 1069 1015 1079 1016 1025 1079 1007 1016 1079 1070 1007 1080 1008 1017 1080 1071 1008 1081 1009 1018 1081 1072 1009 1082 1073 1010 1082 1010 1019 1082 441 523 1082 1019 441 1083 1011 1020 1083 1074 1011 1084 1075 1012 1084 1012 1021 1085 1076 1022 1086 1077 1014 1086 1014 1023 1087 1015 1024 1087 1078 1015 1088 1079 1025 1089 1090 1027 1089 1027 1026 1091 1080 1017 1091 1017 1028 1092 1081 1018 1092 1018 1029 1093 1030 1039 1093 1020 1030 1093 1083 1020 1094 1021 1031 1094 1084 1021 1095 1085 1022 1095 1022 1032 1096 1086 1023 1096 1023 1033 1097 1087 1024 1097 1024 1034 1098 1025 1035 1098 1088 1025 1099 1089 1026 1099 1026 1036 1100 1037 1046 1100 1091 1028 1100 1028 1037 1101 1092 1029 1101 1029 1038 1102 1093 1039 1103 1094 1031 1103 1040 1049 1103 1031 1040 1104 1032 1041 1104 1095 1032 1104 1041 1050 1105 1033 1042 1105 1096 1033 1106 1034 1043 1106 1097 1034 1106 1043 1052 1107 1035 1044 1107 1098 1035 1108 1036 1045 1108 1099 1036 1109 1100 1046 1109 1046 1055 1110 1038 1047 1110 1101 1038 1111 1102 1039 1111 1039 1048 1112 1049 1058 1112 1103 1049 1113 1104 1050 1114 1042 1051 1114 1051 1060 1114 1105 1042 1115 1106 1052 1116 1044 1053 1116 1107 1044 1117 1045 1054 1117 1108 1045 1118 1055 1064 1118 1109 1055 1119 1047 1056 1119 1110 1047 1120 1048 1057 1120 1111 1048 1121 1112 1058 1122 1059 1068 1122 1050 1059 1122 1113 1050 1123 1114 1060 1124 1115 1052 1124 1052 1061 1125 1116 1053 1125 1053 1062 1126 1117 1054 1126 1063 1072 1126 1054 1063 1127 1118 1064 1128 1065 1074 1128 1119 1056 1128 1056 1065 1129 1066 1075 1129 1120 1057 1129 1057 1066 1130 1121 1058 1130 1058 1067 1131 1122 1068 1132 1060 1069 1132 1123 1060 1133 1061 1070 1133 1124 1061 1134 1071 1080 1134 1125 1062 1134 1062 1071 1135 1126 1072 1136 1064 1073 1136 1073 1082 1136 1127 1064 1137 1128 1074 1138 1129 1075 1139 1067 1076 1139 1130 1067 1140 1131 1068 1140 1068 1077 1141 1132 1069 1141 1069 1078 1142 1070 1079 1142 1079 1088 1142 1133 1070 1143 1134 1080 1144 1135 1072 1144 1072 1081 1144 1081 1092 1145 1136 1082 1145 1082 523 1145 523 586 1146 1137 1074 1146 1074 1083 1147 1075 1084 1147 1138 1075 1148 1076 1085 1148 1139 1076 1149 1140 1077 1149 1077 1086 1150 1078 1087 1150 1141 1078 1151 1142 1088 1152 1153 1090 1152 1090 1089 1152 1089 1099 1154 1091 1100 1154 1080 1091 1154 1143 1080 1155 1144 1092 1156 1146 1083 1156 1093 1102 1156 1083 1093 1157 1084 1094 1157 1147 1084 1158 1148 1085 1158 1085 1095 1159 1149 1086 1159 1086 1096 1160 1150 1087 1160 1087 1097 1161 1098 1107 1161 1151 1088 1161 1088 1098 1162 1152 1099 1163 1100 1109 1163 1154 1100 1164 1092 1101 1164 1155 1092 1165 1156 1102 1166 1157 1094 1166 1094 1103 1167 1158 1095 1167 1095 1104 1168 1096 1105 1168 1159 1096 1169 1097 1106 1169 1160 1097 1170 1161 1107 1171 1099 1108 1171 1162 1099 1172 1163 1109 1173 1101 1110 1173 1110 1119 1173 1164 1101 1174 1102 1111 1174 1165 1102 1175 1112 1121 1175 1103 1112 1175 1166 1103 1176 1104 1113 1176 1167 1104 1177 1105 1114 1177 1114 1123 1177 1168 1105 1178 1169 1106 1178 1115 1124 1178 1106 1115 1179 1107 1116 1179 1170 1107 1180 1171 1108 1180 1108 1117 1181 1172 1109 1181 1109 1118 1182 1173 1119 1183 1111 1120 1183 1174 1111 1184 1175 1121 1184 1121 1130 1185 1176 1113 1185 1113 1122 1186 1177 1123 1187 1178 1124 1188 1116 1125 1188 1179 1116 1189 1180 1117 1189 1117 1126 1189 1126 1135 1190 1127 1136 1190 1118 1127 1190 1181 1118 1191 1182 1119 1191 1119 1128 1191 1128 1137 1192 1129 1138 1192 1183 1120 1192 1120 1129 1193 1184 1130 1194 1131 1140 1194 1122 1131 1194 1185 1122 1195 1186 1123 1195 1123 1132 1196 1187 1124 1196 1124 1133 1197 1125 1134 1197 1188 1125 1198 1189 1135 1199 1190 1136 1200 1191 1137 1201 1192 1138 1202 1193 1130 1202 1130 1139 1203 1194 1140 1204 1195 1132 1204 1132 1141 1205 1133 1142 1205 1196 1133 1206 1134 1143 1206 1197 1134 1207 1198 1135 1207 1135 1144 1208 1136 1145 1208 1145 586 1208 586 649 1208 1199 1136 1209 1137 1146 1209 1200 1137 1210 1138 1147 1210 1201 1138 1211 1202 1139 1211 1139 1148 1212 1203 1140 1212 1140 1149 1213 1204 1141 1213 1141 1150 1214 1142 1151 1214 1205 1142 1215 1216 1153 1215 1153 1152 1217 1206 1143 1217 1143 1154 1218 1207 1144 1218 1144 1155 1219 1146 1156 1219 1209 1146 1220 1147 1157 1220 1210 1147 1221 1211 1148 1221 1148 1158 1222 1149 1159 1222 1212 1149 1223 1213 1150 1223 1150 1160 1224 1214 1151 1224 1151 1161 1225 1215 1152 1225 1152 1162 1226 1154 1163 1226 1217 1154 1227 1155 1164 1227 1218 1155 1228 1219 1156 1228 1156 1165 1229 1157 1166 1229 1220 1157 1230 1221 1158 1230 1158 1167 1230 1167 1176 1231 1159 1168 1231 1222 1159 1232 1223 1160 1232 1160 1169 1233 1224 1161 1233 1161 1170 1234 1162 1171 1234 1225 1162 1235 1163 1172 1235 1226 1163 1235 1172 1181 1236 1164 1173 1236 1227 1164 1237 1228 1165 1237 1165 1174 1238 1175 1184 1238 1229 1166 1238 1166 1175 1239 1230 1176 1240 1168 1177 1240 1231 1168 1240 1177 1186 1241 1169 1178 1241 1178 1187 1241 1232 1169 1242 1170 1179 1242 1179 1188 1242 1233 1170 1243 1171 1180 1243 1234 1171 1244 1235 1181 1245 1236 1173 1245 1173 1182 1246 1174 1183 1246 1237 1174 1247 1184 1193 1247 1238 1184 1248 1176 1185 1248 1185 1194 1248 1239 1176 1249 1240 1186 1250 1241 1187 1251 1242 1188 1252 1180 1189 1252 1243 1180 1253 1181 1190 1253 1244 1181 1254 1182 1191 1254 1245 1182 1254 1191 1200 1255 1246 1183 1255 1183 1192 1256 1247 1193 1257 1248 1194 1258 1186 1195 1258 1249 1186 1259 1196 1205 1259 1250 1187 1259 1187 1196 1260 1197 1206 1260 1188 1197 1260 1251 1188 1261 1252 1189 1261 1189 1198 1262 1253 1190 1262 1190 1199 1263 1254 1200 1264 1192 1201 1264 1255 1192 1265 1256 1193 1265 1193 1202 1266 1194 1203 1266 1257 1194 1267 1258 1195 1267 1195 1204 1268 1259 1205 1269 1260 1206 1270 1261 1198 1270 1198 1207 1271 1208 649 1271 1199 1208 1271 1262 1199 1271 649 712 1272 1263 1200 1272 1200 1209 1273 1201 1210 1273 1264 1201 1274 1202 1211 1274 1265 1202 1275 1203 1212 1275 1266 1203 1276 1267 1204 1276 1204 1213 1277 1205 1214 1277 1214 1224 1277 1268 1205 1278 1216 1215 1278 1279 1216 1280 1269 1206 1280 1206 1217 1281 1207 1218 1281 1270 1207 1282 1209 1219 1282 1272 1209 1283 1210 1220 1283 1273 1210 1284 1211 1221 1284 1274 1211 1285 1275 1212 1285 1212 1222 1286 1213 1223 1286 1276 1213 1287 1224 1233 1287 1277 1224 1288 1278 1215 1288 1215 1225 1289 1280 1217 1289 1217 1226 1290 1281 1218 1290 1218 1227 1291 1282 1219 1291 1219 1228 1292 1283 1220 1292 1220 1229 1293 1284 1221 1293 1230 1239 1293 1221 1230 1294 1285 1222 1294 1222 1231 1295 1223 1232 1295 1286 1223 1296 1287 1233 1297 1288 1225 1297 1225 1234 1298 1289 1226 1298 1226 1235 1299 1227 1236 1299 1290 1227 1300 1228 1237 1300 1237 1246 1300 1291 1228 1301 1229 1238 1301 1238 1247 1301 1292 1229 1302 1293 1239 1303 1294 1231 1303 1231 1240 1303 1240 1249 1304 1295 1232 1304 1232 1241 1304 1241 1250 1305 1233 1242 1305 1296 1233 1306 1234 1243 1306 1297 1234 1307 1235 1244 1307 1298 1235 1308 1236 1245 1308 1299 1236 1309 1300 1246 1310 1301 1247 1311 1239 1248 1311 1302 1239 1311 1248 1257 1312 1303 1249 1313 1304 1250 1314 1242 1251 1314 1305 1242 1315 1306 1243 1315 1243 1252 1316 1244 1253 1316 1253 1262 1316 1307 1244 1317 1245 1254 1317 1308 1245 1318 1246 1255 1318 1309 1246 1319 1247 1256 1319 1310 1247 1320 1311 1257 1321 1249 1258 1321 1312 1249 1322 1313 1250 1322 1250 1259 1323 1251 1260 1323 1314 1251 1324 1315 1252 1324 1252 1261 1325 1316 1262 1326 1254 1263 1326 1317 1254 1327 1318 1255 1327 1255 1264 1328 1265 1274 1328 1256 1265 1328 1319 1256 1329 1257 1266 1329 1320 1257 1330 1258 1267 1330 1321 1258 1331 1322 1259 1331 1268 1277 1331 1259 1268 1332 1260 1269 1332 1323 1260 1332 1269 1280 1333 1324 1261 1333 1261 1270 1333 1270 1281 1334 1262 1271 1334 1271 712 1334 1325 1262 1334 712 775 1335 1263 1272 1335 1326 1263 1336 1264 1273 1336 1327 1264 1337 1328 1274 1338 1266 1275 1338 1329 1266 1339 1276 1286 1339 1330 1267 1339 1267 1276 1340 1331 1277 1341 1279 1278 1341 1342 1279 1341 1278 1288 1343 1332 1280 1344 1333 1281 1345 1272 1282 1345 1335 1272 1346 1273 1283 1346 1336 1273 1347 1274 1284 1347 1337 1274 1348 1338 1275 1348 1275 1285 1349 1339 1286 1350 1277 1287 1350 1340 1277 1351 1341 1288 1352 1343 1280 1352 1280 1289 1353 1344 1281 1353 1281 1290 1354 1345 1282 1354 1282 1291 1355 1292 1301 1355 1346 1283 1355 1283 1292 1356 1284 1293 1356 1347 1284 1357 1348 1285 1357 1285 1294 1358 1286 1295 1358 1349 1286 1359 1350 1287 1359 1287 1296 1360 1351 1288 1360 1288 1297 1360 1297 1306 1361 1352 1289 1361 1289 1298 1362 1290 1299 1362 1353 1290 1363 1354 1291 1363 1291 1300 1364 1301 1310 1364 1355 1301 1365 1302 1311 1365 1356 1293 1365 1293 1302 1366 1303 1312 1366 1294 1303 1366 1357 1294 1367 1358 1295 1367 1304 1313 1367 1295 1304 1368 1296 1305 1368 1359 1296 1369 1360 1306 1370 1307 1316 1370 1361 1298 1370 1298 1307 1371 1299 1308 1371 1362 1299 1372 1363 1300 1372 1300 1309 1373 1364 1310 1374 1311 1320 1374 1365 1311 1375 1366 1312 1376 1367 1313 1377 1314 1323 1377 1368 1305 1377 1305 1314 1378 1306 1315 1378 1315 1324 1378 1369 1306 1379 1316 1325 1379 1370 1316 1380 1371 1308 1380 1308 1317 1381 1372 1309 1381 1309 1318 1382 1373 1310 1382 1310 1319 1383 1374 1320 1384 1375 1312 1384 1312 1321 1385 1313 1322 1385 1322 1331 1385 1376 1313 1386 1377 1323 1387 1378 1324 1388 1379 1325 1389 1317 1326 1389 1380 1317 1389 1326 1335 1390 1381 1318 1390 1318 1327 1391 1319 1328 1391 1382 1319 1392 1320 1329 1392 1383 1320 1393 1321 1330 1393 1384 1321 1394 1385 1331 1394 1331 1340 1395 1386 1323 1395 1323 1332 1396 1324 1333 1396 1387 1324 1397 1388 1325 1397 775 838 1397 1325 1334 1397 1334 775 1398 1389 1335 1399 1390 1327 1399 1327 1336 1400 1391 1328 1400 1328 1337 1401 1329 1338 1401 1392 1329 1402 1339 1349 1402 1393 1330 1402 1330 1339 1403 1340 1350 1403 1394 1340 1404 1341 1351 1404 1405 1342 1404 1342 1341 1406 1332 1343 1406 1395 1332 1407 1333 1344 1407 1396 1333 1408 1335 1345 1408 1398 1335 1409 1336 1346 1409 1399 1336 1410 1400 1337 1410 1337 1347 1411 1401 1338 1411 1338 1348 1412 1402 1349 1413 1403 1350 1414 1404 1351 1415 1352 1361 1415 1343 1352 1415 1406 1343 1416 1344 1353 1416 1407 1344 1417 1345 1354 1417 1408 1345 1418 1409 1346 1418 1346 1355 1419 1347 1356 1419 1410 1347 1420 1348 1357 1420 1411 1348 1421 1349 1358 1421 1412 1349 1422 1413 1350 1422 1350 1359 1423 1351 1360 1423 1360 1369 1423 1414 1351 1424 1415 1361 1425 1416 1353 1425 1353 1362 1426 1354 1363 1426 1417 1354 1427 1364 1373 1427 1418 1355 1427 1355 1364 1428 1419 1356 1428 1356 1365 1429 1420 1357 1429 1366 1375 1429 1357 1366 1430 1421 1358 1430 1367 1376 1430 1358 1367 1431 1422 1359 1431 1359 1368 1432 1423 1369 1433 1424 1361 1433 1361 1370 1434 1425 1362 1434 1362 1371 1435 1426 1363 1435 1363 1372 1436 1427 1373 1437 1365 1374 1437 1428 1365 1438 1429 1375 1439 1430 1376 1440 1368 1377 1440 1431 1368 1441 1369 1378 1441 1378 1387 1441 1432 1369 1442 1370 1379 1442 1433 1370 1443 1434 1371 1443 1371 1380 1443 1380 1389 1444 1372 1381 1444 1435 1372 1445 1436 1373 1445 1373 1382 1446 1374 1383 1446 1437 1374 1447 1438 1375 1447 1375 1384 1448 1376 1385 1448 1439 1376 1449 1377 1386 1449 1440 1377 1450 1441 1387 1451 1442 1379 1451 1379 1388 1452 1389 1398 1452 1443 1389 1453 1444 1381 1453 1390 1399 1453 1381 1390 1454 1382 1391 1454 1445 1382 1455 1446 1383 1455 1383 1392 1455 1392 1401 1456 1393 1402 1456 1384 1393 1456 1447 1384 1457 1385 1394 1457 1394 1403 1457 1448 1385 1458 1386 1395 1458 1449 1386 1459 1450 1387 1459 1396 1407 1459 1387 1396 1460 1451 1388 1460 1388 1397 1460 838 901 1460 1397 838 1461 1452 1398 1462 1453 1399 1463 1454 1391 1463 1391 1400 1463 1400 1410 1464 1455 1401 1465 1456 1402 1466 1403 1413 1466 1457 1403 1467 1468 1405 1467 1405 1404 1469 1458 1395 1469 1395 1406 1470 1459 1407 1471 1398 1408 1471 1461 1398 1472 1409 1418 1472 1462 1399 1472 1399 1409 1473 1463 1410 1474 1464 1401 1474 1401 1411 1475 1465 1402 1475 1402 1412 1476 1466 1413 1477 1404 1414 1477 1467 1404 1478 1406 1415 1478 1469 1406 1479 1470 1407 1479 1416 1425 1479 1407 1416 1480 1471 1408 1480 1408 1417 1481 1472 1418 1482 1473 1410 1482 1410 1419 1482 1419 1428 1483 1411 1420 1483 1474 1411 1484 1421 1430 1484 1412 1421 1484 1475 1412 1485 1413 1422 1485 1476 1413 1486 1414 1423 1486 1477 1414 1487 1478 1415 1487 1424 1433 1487 1415 1424 1488 1479 1425 1489 1417 1426 1489 1426 1435 1489 1480 1417 1490 1481 1418 1490 1418 1427 1491 1482 1428 1492 1420 1429 1492 1429 1438 1492 1483 1420 1493 1484 1430 1493 1430 1439 1494 1431 1440 1494 1422 1431 1494 1485 1422 1495 1423 1432 1495 1486 1423 1496 1487 1433 1497 1488 1425 1497 1425 1434 1498 1489 1435 1499 1427 1436 1499 1490 1427 1500 1491 1428 1500 1428 1437 1500 1437 1446 1501 1492 1438 1502 1493 1439 1503 1494 1440 1504 1495 1432 1504 1432 1441 1505 1496 1433 1505 1433 1442 1506 1443 1452 1506 1497 1434 1506 1434 1443 1507 1435 1444 1507 1498 1435 1508 1445 1454 1508 1436 1445 1508 1499 1436 1509 1500 1446 1510 1438 1447 1510 1501 1438 1511 1502 1439 1511 1439 1448 1511 1448 1457 1512 1440 1449 1512 1503 1440 1513 1504 1441 1513 1441 1450 1514 1442 1451 1514 1505 1442 1515 1452 1461 1515 1506 1452 1516 1507 1444 1516 1453 1462 1516 1444 1453 1517 1508 1454 1518 1446 1455 1518 1455 1464 1518 1509 1446 1519 1447 1456 1519 1510 1447 1520 1511 1457 1521 1458 1469 1521 1449 1458 1521 1512 1449 1522 1450 1459 1522 1513 1450 1523 1451 1460 1523 1460 901 1523 901 964 1523 1514 1451 1524 1515 1461 1525 1516 1462 1526 1454 1463 1526 1517 1454 1527 1518 1464 1528 1519 1456 1528 1456 1465 1529 1466 1476 1529 1520 1457 1529 1457 1466 1530 1467 1477 1530 1531 1468 1530 1468 1467 1532 1469 1478 1532 1521 1469 1533 1522 1459 1533 1459 1470 1534 1524 1461 1534 1461 1471 1535 1525 1462 1535 1462 1472 1536 1463 1473 1536 1526 1463 1537 1527 1464 1537 1464 1474 1538 1528 1465 1538 1465 1475 1539 1476 1485 1539 1529 1476 1540 1530 1477 1541 1532 1478 1542 1533 1470 1542 1470 1479 1543 1534 1471 1543 1471 1480 1544 1472 1481 1544 1535 1472 1545 1536 1473 1545 1473 1482 1546 1483 1492 1546 1537 1474 1546 1474 1483 1547 1538 1475 1547 1475 1484 1548 1539 1485 1549 1477 1486 1549 1540 1477 1550 1478 1487 1550 1541 1478 1551 1479 1488 1551 1542 1479 1552 1480 1489 1552 1489 1498 1552 1543 1480 1553 1481 1490 1553 1544 1481 1554 1482 1491 1554 1545 1482 1555 1546 1492 1556 1484 1493 1556 1547 1484 1556 1493 1502 1557 1485 1494 1557 1548 1485 1558 1495 1504 1558 1486 1495 1558 1549 1486 1559 1496 1505 1559 1487 1496 1559 1550 1487 1560 1551 1488 1560 1488 1497 1561 1498 1507 1561 1552 1498 1562 1553 1490 1562 1490 1499 1563 1554 1491 1563 1491 1500 1564 1555 1492 1564 1492 1501 1565 1556 1502 1566 1503 1512 1566 1494 1503 1566 1557 1494 1567 1504 1513 1567 1558 1504 1568 1559 1505 1569 1497 1506 1569 1560 1497 1570 1561 1507 1571 1508 1517 1571 1499 1508 1571 1562 1499 1572 1500 1509 1572 1563 1500 1573 1510 1519 1573 1564 1501 1573 1501 1510 1574 1511 1520 1574 1502 1511 1574 1565 1502 1575 1566 1512 1576 1567 1513 1577 1568 1505 1577 1505 1514 1578 1506 1515 1578 1569 1506 1579 1570 1507 1579 1516 1525 1579 1507 1516 1580 1571 1517 1581 1572 1509 1581 1509 1518 1582 1573 1519 1583 1574 1520 1584 1521 1532 1584 1512 1521 1584 1575 1512 1585 1513 1522 1585 1576 1513 1586 1514 1523 1586 1523 964 1586 964 1027 1586 1577 1514 1587 1515 1524 1587 1578 1515 1588 1579 1525 1589 1517 1526 1589 1580 1517 1590 1581 1518 1590 1518 1527 1591 1582 1519 1591 1519 1528 1592 1583 1520 1592 1520 1529 1592 1529 1539 1593 1531 1530 1593 1594 1531 1595 1584 1532 1596 1585 1522 1596 1522 1533 1597 1524 1534 1597 1587 1524 1598 1535 1544 1598 1525 1535 1598 1588 1525 1599 1589 1526 1599 1526 1536 1600 1527 1537 1600 1537 1546 1600 1590 1527 1601 1591 1528 1601 1528 1538 1602 1592 1539 1603 1593 1530 1603 1530 1540 1604 1541 1550 1604 1595 1532 1604 1532 1541 1605 1542 1551 1605 1596 1533 1605 1533 1542 1606 1597 1534 1606 1534 1543 1607 1598 1544 1608 1599 1536 1608 1536 1545 1609 1600 1546 1610 1538 1547 1610 1601 1538 1611 1539 1548 1611 1602 1539 1612 1540 1549 1612 1603 1540 1613 1604 1550 1614 1605 1551 1615 1543 1552 1615 1606 1543 1616 1607 1544 1616 1544 1553 1617 1545 1554 1617 1608 1545 1618 1546 1555 1618 1609 1546 1619 1610 1547 1619 1547 1556 1620 1557 1566 1620 1548 1557 1620 1611 1548 1621 1612 1549 1621 1549 1558 1622 1559 1568 1622 1550 1559 1622 1613 1550 1623 1551 1560 1623 1614 1551 1624 1615 1552 1624 1552 1561 1625 1553 1562 1625 1616 1553 1626 1554 1563 1626 1617 1554 1627 1555 1564 1627 1618 1555 1628 1556 1565 1628 1619 1556 1629 1620 1566 1630 1621 1558 1630 1558 1567 1631 1622 1568 1632 1623 1560 1632 1560 1569 1633 1624 1561 1633 1561 1570 1634 1562 1571 1634 1571 1580 1634 1625 1562 1635 1572 1581 1635 1563 1572 1635 1626 1563 1636 1564 1573 1636 1627 1564 1637 1565 1574 1637 1628 1565 1638 1566 1575 1638 1629 1566 1638 1575 1584 1639 1567 1576 1639 1630 1567 1640 1568 1577 1640 1577 1586 1640 1631 1568 1641 1569 1578 1641 1632 1569 1641 1578 1587 1642 1633 1570 1642 1570 1579 1643 1634 1580 1644 1635 1581 1644 1581 1590 1645 1573 1582 1645 1636 1573 1646 1583 1592 1646 1637 1574 1646 1574 1583 1647 1638 1584 1648 1639 1576 1648 1576 1585 1649 1586 1027 1649 1640 1586 1649 1027 1090 1650 1641 1587 1651 1642 1579 1651 1579 1588 1652 1589 1599 1652 1580 1589 1652 1643 1580 1653 1644 1590 1654 1582 1591 1654 1645 1582 1655 1646 1592 1656 1594 1593 1656 1657 1594 1658 1584 1595 1658 1595 1604 1658 1647 1584 1659 1585 1596 1659 1648 1585 1660 1587 1597 1660 1650 1587 1661 1588 1598 1661 1651 1588 1662 1652 1599 1663 1590 1600 1663 1653 1590 1664 1591 1601 1664 1654 1591 1665 1592 1602 1665 1655 1592 1666 1593 1603 1666 1656 1593 1667 1658 1604 1667 1604 1613 1668 1596 1605 1668 1659 1596 1669 1606 1615 1669 1660 1597 1669 1597 1606 1670 1598 1607 1670 1661 1598 1671 1599 1608 1671 1662 1599 1672 1600 1609 1672 1663 1600 1673 1664 1601 1673 1601 1610 1674 1665 1602 1674 1602 1611 1675 1666 1603 1675 1603 1612 1676 1667 1613 1676 1613 1622 1677 1605 1614 1677 1668 1605 1678 1669 1615 1679 1607 1616 1679 1670 1607 1680 1671 1608 1680 1608 1617 1681 1609 1618 1681 1618 1627 1681 1672 1609 1682 1610 1619 1682 1673 1610 1683 1611 1620 1683 1674 1611 1684 1612 1621 1684 1675 1612 1685 1676 1622 1686 1614 1623 1686 1677 1614 1687 1615 1624 1687 1678 1615 1688 1616 1625 1688 1679 1616 1689 1617 1626 1689 1626 1635 1689 1680 1617 1690 1681 1627 1691 1682 1619 1691 1619 1628 1692 1683 1620 1692 1620 1629 1693 1630 1639 1693 1621 1630 1693 1684 1621 1694 1622 1631 1694 1631 1640 1694 1685 1622 1695 1632 1641 1695 1686 1623 1695 1623 1632 1696 1624 1633 1696 1687 1624 1697 1688 1625 1697 1625 1634 1698 1689 1635 1699 1690 1627 1699 1627 1636 1700 1691 1628 1700 1637 1646 1700 1628 1637 1701 1692 1629 1701 1629 1638 1702 1693 1639 1703 1694 1640 1704 1695 1641 1705 1642 1651 1705 1633 1642 1705 1696 1633 1706 1697 1634 1706 1634 1643 1707 1635 1644 1707 1644 1653 1707 1698 1635 1708 1699 1636 1708 1636 1645 1709 1700 1646 1710 1638 1647 1710 1701 1638 1711 1639 1648 1711 1702 1639 1712 1640 1649 1712 1649 1090 1712 1703 1640 1712 1090 1153 1713 1704 1641 1713 1641 1650 1714 1705 1651 1715 1643 1652 1715 1706 1643 1716 1707 1653 1717 1708 1645 1717 1645 1654 1717 1654 1664 1718 1709 1646 1718 1646 1655 1719 1657 1656 1719 1720 1657 1719 1656 1666 1721 1647 1658 1721 1658 1667 1721 1710 1647 1722 1711 1648 1722 1648 1659 1722 1659 1668 1723 1660 1669 1723 1650 1660 1723 1713 1650 1724 1651 1661 1724 1714 1651 1725 1652 1662 1725 1715 1652 1726 1653 1663 1726 1663 1672 1726 1716 1653 1727 1717 1664 1728 1718 1655 1728 1665 1674 1728 1655 1665 1729 1719 1666 1730 1721 1667 1731 1722 1668 1732 1723 1669 1733 1661 1670 1733 1724 1661 1734 1725 1662 1734 1662 1671 1735 1726 1672 1736 1664 1673 1736 1727 1664 1737 1728 1674 1738 1666 1675 1738 1729 1666 1739 1730 1667 1739 1667 1676 1740 1731 1668 1740 1668 1677 1741 1669 1678 1741 1732 1669 1742 1733 1670 1742 1679 1688 1742 1670 1679 1743 1734 1671 1743 1671 1680 1744 1735 1672 1744 1672 1681 1744 1681 1690 1745 1673 1682 1745 1736 1673 1745 1682 1691 1746 1674 1683 1746 1737 1674 1747 1675 1684 1747 1738 1675 1748 1739 1676 1748 1676 1685 1749 1677 1686 1749 1740 1677 1749 1686 1695 1750 1678 1687 1750 1687 1696 1750 1741 1678 1751 1742 1688 1752 1680 1689 1752 1743 1680 1753 1744 1690 1754 1745 1691 1755 1683 1692 1755 1746 1683 1756 1684 1693 1756 1747 1684 1757 1748 1685 1757 1685 1694 1757 1694 1703 1758 1749 1695 1759 1750 1696 1760 1697 1706 1760 1751 1688 1760 1688 1697 1761 1689 1698 1761 1752 1689 1762 1699 1708 1762 1690 1699 1762 1753 1690 1763 1754 1691 1763 1700 1709 1763 1691 1700 1764 1692 1701 1764 1701 1710 1764 1755 1692 1765 1693 1702 1765 1756 1693 1766 1757 1703 1767 1758 1695 1767 1695 1704 1767 1704 1713 1768 1696 1705 1768 1759 1696 1769 1760 1706 1770 1707 1716 1770 1761 1698 1770 1698 1707 1771 1762 1708 1772 1763 1709 1773 1764 1710 1774 1765 1702 1774 1702 1711 1775 1766 1703 1775 1153 1216 1775 1703 1712 1775 1712 1153 1776 1767 1713 1777 1768 1705 1777 1705 1714 1778 1715 1725 1778 1769 1706 1778 1706 1715 1779 1770 1716 1780 1717 1727 1780 1771 1708 1780 1708 1717 1781 1772 1709 1781 1709 1718 1782 1720 1719 1782 1783 1720 1784 1773 1710 1784 1710 1721 1785 1774 1711 1785 1711 1722 1786 1713 1723 1786 1776 1713 1787 1777 1714 1787 1714 1724 1788 1778 1725 1789 1716 1726 1789 1726 1735 1789 1779 1716 1790 1780 1727 1791 1718 1728 1791 1728 1737 1791 1781 1718 1792 1782 1719 1792 1719 1729 1793 1730 1739 1793 1784 1721 1793 1721 1730 1794 1722 1731 1794 1785 1722 1795 1723 1732 1795 1786 1723 1796 1724 1733 1796 1787 1724 1797 1788 1725 1797 1725 1734 1798 1789 1735 1799 1727 1736 1799 1790 1727 1800 1791 1737 1801 1792 1729 1801 1729 1738 1801 1738 1747 1802 1793 1739 1803 1731 1740 1803 1794 1731 1804 1732 1741 1804 1795 1732 1805 1796 1733 1805 1733 1742 1806 1797 1734 1806 1734 1743 1807 1744 1753 1807 1735 1744 1807 1798 1735 1808 1799 1736 1808 1745 1754 1808 1736 1745 1809 1800 1737 1809 1737 1746 1810 1801 1747 1811 1802 1739 1811 1739 1748 1811 1748 1757 1812 1740 1749 1812 1803 1740 1813 1750 1759 1813 1804 1741 1813 1741 1750 1814 1805 1742 1814 1742 1751 1815 1806 1743 1815 1743 1752 1815 1752 1761 1816 1807 1753 1817 1808 1754 1818 1746 1755 1818 1755 1764 1818 1809 1746 1819 1747 1756 1819 1810 1747 1820 1811 1757 1821 1812 1749 1821 1749 1758 1822 1813 1759 1823 1814 1751 1823 1751 1760 1824 1761 1770 1824 1815 1761 1825 1753 1762 1825 1816 1753 1826 1754 1763 1826 1817 1754 1826 1763 1772 1827 1764 1773 1827 1818 1764 1828 1756 1765 1828 1819 1756 1829 1820 1757 1829 1766 1775 1829 1757 1766 1830 1758 1767 1830 1821 1758 1831 1822 1759 1831 1768 1777 1831 1759 1768 1832 1760 1769 1832 1823 1760 1833 1824 1770 1834 1762 1771 1834 1825 1762 1835 1826 1772 1836 1827 1773 1837 1774 1785 1837 1765 1774 1837 1828 1765 1838 1829 1775 1838 1216 1279 1838 1775 1216 1839 1767 1776 1839 1830 1767 1840 1831 1777 1841 1832 1769 1841 1769 1778 1842 1770 1779 1842 1833 1770 1843 1834 1771 1843 1771 1780 1844 1835 1772 1844 1772 1781 1845 1846 1783 1845 1783 1782 1847 1784 1793 1847 1836 1773 1847 1773 1784 1848 1837 1785 1849 1776 1786 1849 1839 1776 1850 1840 1777 1850 1777 1787 1851 1778 1788 1851 1841 1778 1852 1842 1779 1852 1779 1789 1853 1780 1790 1853 1843 1780 1854 1791 1800 1854 1844 1781 1854 1781 1791 1855 1845 1782 1855 1782 1792 1856 1847 1793 1857 1785 1794 1857 1848 1785 1858 1786 1795 1858 1849 1786 1859 1787 1796 1859 1850 1787 1860 1788 1797 1860 1851 1788 1861 1789 1798 1861 1852 1789 1862 1853 1790 1862 1790 1799 1863 1854 1800 1864 1792 1801 1864 1801 1810 1864 1855 1792 1865 1793 1802 1865 1856 1793 1865 1802 1811 1866 1794 1803 1866 1857 1794 1867 1795 1804 1867 1858 1795 1868 1796 1805 1868 1859 1796 1869 1797 1806 1869 1860 1797 1869 1806 1815 1870 1798 1807 1870 1861 1798 1871 1808 1817 1871 1862 1799 1871 1799 1808 1872 1863 1800 1872 1800 1809 1873 1864 1810 1874 1811 1820 1874 1865 1811 1875 1866 1803 1875 1803 1812 1876 1804 1813 1876 1867 1804 1877 1868 1805 1877 1805 1814 1878 1869 1815 1879 1870 1807 1879 1807 1816 1880 1871 1817 1881 1809 1818 1881 1872 1809 1881 1818 1827 1882 1873 1810 1882 1810 1819 1883 1874 1820 1884 1875 1812 1884 1812 1821 1884 1821 1830 1885 1876 1813 1885 1813 1822 1886 1877 1814 1886 1814 1823 1887 1824 1833 1887 1815 1824 1887 1878 1815 1888 1825 1834 1888 1879 1816 1888 1816 1825 1889 1817 1826 1889 1880 1817 1889 1826 1835 1890 1827 1836 1890 1881 1827 1891 1882 1819 1891 1819 1828 1891 1828 1837 1892 1820 1829 1892 1883 1820 1893 1884 1830 1894 1822 1831 1894 1831 1840 1894 1885 1822 1895 1886 1823 1895 1823 1832 1896 1887 1833 1897 1888 1834 1898 1889 1835 1899 1890 1836 1899 1836 1847 1900 1891 1837 1901 1829 1838 1901 1838 1279 1901 1279 1342 1901 1892 1829 1902 1830 1839 1902 1893 1830 1903 1894 1840 1904 1832 1841 1904 1895 1832 1905 1896 1833 1905 1833 1842 1905 1842 1852 1906 1834 1843 1906 1843 1853 1906 1897 1834 1907 1835 1844 1907 1898 1835 1908 1846 1845 1908 1909 1846 1910 1899 1847 1911 1900 1837 1911 1837 1848 1912 1902 1839 1912 1839 1849 1913 1840 1850 1913 1903 1840 1914 1851 1860 1914 1841 1851 1914 1904 1841 1915 1905 1852 1916 1906 1853 1917 1844 1854 1917 1907 1844 1918 1855 1864 1918 1908 1845 1918 1845 1855 1919 1847 1856 1919 1910 1847 1920 1848 1857 1920 1911 1848 1921 1849 1858 1921 1912 1849 1922 1913 1850 1922 1850 1859 1923 1914 1860 1924 1915 1852 1924 1852 1861 1924 1861 1870 1925 1862 1871 1925 1853 1862 1925 1916 1853 1926 1854 1863 1926 1917 1854 1927 1918 1864 1928 1856 1865 1928 1865 1874 1928 1919 1856 1929 1857 1866 1929 1920 1857 1930 1921 1858 1930 1858 1867 1930 1867 1876 1931 1859 1868 1931 1922 1859 1932 1869 1878 1932 1860 1869 1932 1923 1860 1933 1924 1870 1934 1925 1871 1935 1863 1872 1935 1926 1863 1936 1864 1873 1936 1927 1864 1936 1873 1882 1937 1928 1874 1937 1874 1883 1938 1929 1866 1938 1866 1875 1939 1930 1876 1940 1931 1868 1940 1868 1877 1941 1932 1878 1942 1879 1888 1942 1870 1879 1942 1933 1870 1943 1871 1880 1943 1934 1871 1944 1881 1890 1944 1872 1881 1944 1935 1872 1945 1936 1882 1946 1937 1883 1947 1875 1884 1947 1884 1893 1947 1938 1875 1948 1885 1894 1948 1939 1876 1948 1876 1885 1949 1940 1877 1949 1877 1886 1950 1878 1887 1950 1887 1896 1950 1941 1878 1951 1942 1888 1952 1943 1880 1952 1880 1889 1953 1944 1890 1954 1882 1891 1954 1945 1882 1954 1891 1900 1955 1883 1892 1955 1946 1883 1956 1947 1893 1957 1948 1894 1958 1886 1895 1958 1949 1886 1959 1896 1905 1959 1950 1896 1960 1897 1906 1960 1951 1888 1960 1888 1897 1961 1889 1898 1961 1952 1889 1962 1890 1899 1962 1953 1890 1963 1900 1911 1963 1954 1900 1964 1955 1892 1964 1901 1342 1964 1892 1901 1964 1342 1405 1965 1956 1893 1965 1893 1902 1965 1902 1912 1966 1894 1903 1966 1957 1894 1966 1903 1913 1967 1895 1904 1967 1958 1895 1968 1959 1905 1969 1960 1906 1970 1961 1898 1970 1898 1907 1970 1907 1917 1971 1972 1909 1971 1909 1908 1973 1899 1910 1973 1910 1919 1973 1962 1899 1974 1963 1911 1975 1965 1912 1976 1966 1913 1977 1967 1904 1977 1904 1914 1978 1905 1915 1978 1968 1905 1979 1906 1916 1979 1916 1925 1979 1969 1906 1980 1970 1917 1981 1908 1918 1981 1971 1908 1982 1973 1919 1983 1974 1911 1983 1911 1920 1984 1912 1921 1984 1975 1912 1985 1976 1913 1985 1913 1922 1986 1914 1923 1986 1977 1914 1987 1978 1915 1987 1924 1933 1987 1915 1924 1988 1979 1925 1989 1917 1926 1989 1980 1917 1990 1981 1918 1990 1918 1927 1991 1919 1928 1991 1928 1937 1991 1982 1919 1992 1983 1920 1992 1920 1929 1992 1929 1938 1993 1921 1930 1993 1984 1921 1994 1985 1922 1994 1922 1931 1995 1932 1941 1995 1923 1932 1995 1986 1923 1996 1987 1933 1997 1925 1934 1997 1988 1925 1998 1935 1944 1998 1926 1935 1998 1989 1926 1999 1990 1927 1999 1927 1936 2000 1991 1937 2000 1937 1946 2001 1992 1938 2002 1930 1939 2002 1939 1948 2002 1993 1930 2003 1931 1940 2003 1994 1931 2004 1995 1941 2005 1996 1933 2005 1942 1951 2005 1933 1942 2006 1943 1952 2006 1934 1943 2006 1997 1934 2007 1998 1944 2008 1999 1936 2008 1936 1945 2009 2000 1946 2010 2001 1938 2010 1938 1947 2011 2002 1948 2012 1949 1958 2012 1940 1949 2012 2003 1940 2013 2004 1941 2013 1941 1950 2014 2005 1951 2015 2006 1952 2016 2007 1944 2016 1953 1962 2016 1944 1953 2017 2008 1945 2017 1945 1954 2018 2009 1946 2018 1946 1955 2019 1947 1956 2019 2010 1947 2020 2011 1948 2020 1948 1957 2021 1958 1967 2021 2012 1958 2022 1950 1959 2022 2013 1950 2023 2014 1951 2023 1960 1969 2023 1951 1960 2024 1952 1961 2024 2015 1952 2025 1962 1973 2025 2016 1962 2026 1954 1963 2026 1963 1974 2026 2017 1954 2027 1955 1964 2027 1964 1405 2027 2018 1955 2027 1405 1468 2028 2019 1956 2028 1965 1975 2028 1956 1965 2029 1957 1966 2029 2020 1957 2030 2021 1967 2031 1959 1968 2031 2022 1959 2032 2023 1969 2033 1961 1970 2033 2024 1961 2034 1972 1971 2034 2035 1972 2036 2025 1973 2037 2026 1974 2038 2028 1975 2039 1966 1976 2039 2029 1966 2040 1967 1977 2040 2030 1967 2041 1968 1978 2041 2031 1968 2042 1979 1988 2042 2032 1969 2042 1969 1979 2043 1970 1980 2043 2033 1970 2044 1981 1990 2044 1971 1981 2044 2034 1971 2045 2036 1973 2045 1973 1982 2046 2037 1974 2046 1974 1983 2047 1984 1993 2047 1975 1984 2047 2038 1975 2048 2039 1976 2048 1976 1985 2049 2040 1977 2049 1977 1986 2049 1986 1995 2050 2041 1978 2050 1978 1987 2051 2042 1988 2052 2043 1980 2052 1980 1989 2053 2044 1990 2054 1982 1991 2054 2045 1982 2054 1991 2000 2055 1992 2001 2055 1983 1992 2055 2046 1983 2056 2047 1993 2057 2048 1985 2057 1985 1994 2058 2049 1995 2059 1987 1996 2059 2050 1987 2059 1996 2005 2060 2051 1988 2060 1988 1997 2061 1989 1998 2061 2052 1989 2062 1990 1999 2062 1999 2008 2062 2053 1990 2063 2054 2000 2064 2055 2001 2065 2056 1993 2065 1993 2002 2065 2002 2011 2066 2057 1994 2066 1994 2003 2066 2003 2012 2067 2058 1995 2067 1995 2004 2068 2059 2005 2069 2006 2015 2069 2060 1997 2069 1997 2006 2070 1998 2007 2070 2061 1998 2071 2062 2008 2072 2000 2009 2072 2063 2000 2073 2064 2001 2073 2001 2010 2074 2065 2011 2075 2066 2012 2076 2004 2013 2076 2067 2004 2077 2068 2005 2077 2005 2014 2078 2069 2015 2079 2070 2007 2079 2007 2016 2080 2071 2008 2080 2008 2017 2081 2018 2027 2081 2072 2009 2081 2009 2018 2082 2010 2019 2082 2073 2010 2083 2020 2029 2083 2011 2020 2083 2074 2011 2084 2012 2021 2084 2075 2012 2085 2013 2022 2085 2022 2031 2085 2076 2013 2086 2077 2014 2086 2014 2023 2087 2015 2024 2087 2078 2015 2088 2016 2025 2088 2079 2016 2089 2017 2026 2089 2080 2017 2090 2027 1468 2090 1468 1531 2090 2081 2027 2091 2082 2019 2091 2019 2028 2092 2083 2029 2093 2084 2021 2093 2021 2030 2094 2085 2031 2095 2023 2032 2095 2086 2023 2095 2032 2042 2096 2024 2033 2096 2033 2043 2096 2087 2024 2097 2035 2034 2097 2098 2035 2099 2025 2036 2099 2088 2025 2100 2089 2026 2100 2026 2037 2101 2028 2038 2101 2091 2028 2102 2092 2029 2102 2029 2039 2103 2093 2030 2103 2030 2040 2104 2031 2041 2104 2041 2050 2104 2094 2031 2105 2095 2042 2106 2096 2043 2107 2034 2044 2107 2044 2053 2107 2097 2034 2108 2036 2045 2108 2099 2036 2109 2037 2046 2109 2100 2037 2110 2101 2038 2110 2038 2047 2111 2039 2048 2111 2048 2057 2111 2102 2039 2112 2040 2049 2112 2103 2040 2113 2104 2050 2114 2042 2051 2114 2105 2042 2115 2106 2043 2115 2043 2052 2116 2107 2053 2117 2108 2045 2117 2045 2054 2118 2109 2046 2118 2046 2055 2119 2110 2047 2119 2047 2056 2120 2111 2057 2121 2112 2049 2121 2049 2058 2122 2113 2050 2122 2050 2059 2123 2114 2051 2123 2051 2060 2123 2060 2069 2124 2052 2061 2124 2115 2052 2125 2062 2071 2125 2053 2062 2125 2116 2053 2126 2117 2054 2126 2054 2063 2127 2118 2055 2127 2055 2064 2128 2056 2065 2128 2119 2056 2129 2066 2075 2129 2120 2057 2129 2057 2066 2130 2058 2067 2130 2121 2058 2131 2059 2068 2131 2122 2059 2132 2123 2069 2133 2061 2070 2133 2124 2061 2133 2070 2079 2134 2125 2071 2135 2063 2072 2135 2126 2063 2136 2064 2073 2136 2127 2064 2137 2128 2065 2137 2065 2074 2138 2129 2075 2139 2067 2076 2139 2130 2067 2140 2077 2086 2140 2068 2077 2140 2131 2068 2141 2132 2069 2141 2069 2078 2142 2133 2079 2143 2071 2080 2143 2134 2071 2143 2080 2089 2144 2072 2081 2144 2135 2072 2145 2136 2073 2145 2073 2082 2146 2074 2083 2146 2137 2074 2147 2138 2075 2147 2075 2084 2148 2139 2076 2148 2076 2085 2149 2140 2086 2150 2078 2087 2150 2141 2078 2151 2142 2079 2151 2079 2088 2152 2143 2089 2153 2081 2090 2153 2090 1531 2153 2144 2081 2153 1531 1594 2154 2145 2082 2154 2082 2091 2155 2083 2092 2155 2146 2083 2156 2147 2084 2156 2084 2093 2157 2085 2094 2157 2094 2104 2157 2148 2085 2158 2086 2095 2158 2149 2086 2159 2087 2096 2159 2150 2087 2160 2098 2097 2160 2161 2098 2162 2088 2099 2162 2151 2088 2163 2089 2100 2163 2100 2109 2163 2152 2089 2164 2101 2110 2164 2091 2101 2164 2154 2091 2165 2092 2102 2165 2155 2092 2166 2093 2103 2166 2156 2093 2167 2157 2104 2168 2095 2105 2168 2158 2095 2169 2106 2115 2169 2159 2096 2169 2096 2106 2170 2160 2097 2170 2097 2107 2171 2099 2108 2171 2162 2099 2171 2108 2117 2172 2163 2109 2173 2164 2110 2174 2111 2120 2174 2102 2111 2174 2165 2102 2175 2103 2112 2175 2166 2103 2176 2104 2113 2176 2113 2122 2176 2167 2104 2177 2105 2114 2177 2168 2105 2178 2169 2115 2179 2107 2116 2179 2170 2107 2180 2171 2117 2181 2109 2118 2181 2172 2109 2181 2118 2127 2182 2110 2119 2182 2173 2110 2183 2174 2120 2184 2121 2130 2184 2112 2121 2184 2175 2112 2185 2176 2122 2186 2123 2132 2186 2177 2114 2186 2114 2123 2187 2178 2115 2187 2115 2124 2188 2116 2125 2188 2179 2116 2189 2117 2126 2189 2180 2117 2190 2181 2127 2191 2119 2128 2191 2182 2119 2192 2183 2120 2192 2120 2129 2192 2129 2138 2193 2184 2130 2194 2185 2122 2194 2122 2131 2195 2186 2132 2196 2124 2133 2196 2187 2124 2197 2188 2125 2197 2125 2134 2198 2126 2135 2198 2189 2126 2199 2127 2136 2199 2190 2127 2199 2136 2145 2200 2128 2137 2200 2191 2128 2201 2192 2138 2202 2130 2139 2202 2139 2148 2202 2193 2130 2203 2131 2140 2203 2194 2131 2204 2195 2132 2204 2132 2141 2205 2133 2142 2205 2196 2133 2206 2134 2143 2206 2143 2152 2206 2197 2134 2207 2135 2144 2207 2198 2135 2208 2199 2145 2209 2137 2146 2209 2200 2137 2209 2146 2155 2210 2138 2147 2210 2201 2138 2211 2202 2148 2212 2140 2149 2212 2203 2140 2212 2149 2158 2213 2141 2150 2213 2150 2159 2213 2204 2141 2214 2205 2142 2214 2142 2151 2215 2152 2163 2215 2206 2152 2216 2207 2144 2216 1594 1657 2216 2144 2153 2216 2153 1594 2217 2208 2145 2217 2145 2154 2218 2209 2155 2219 2147 2156 2219 2210 2147 2220 2157 2167 2220 2211 2148 2220 2148 2157 2221 2212 2158 2222 2213 2159 2223 2161 2160 2223 2224 2161 2225 2214 2151 2225 2151 2162 2226 2215 2163 2227 2164 2173 2227 2217 2154 2227 2154 2164 2228 2155 2165 2228 2218 2155 2229 2156 2166 2229 2219 2156 2230 2220 2167 2231 2158 2168 2231 2221 2158 2232 2222 2159 2232 2159 2169 2233 2160 2170 2233 2170 2179 2233 2223 2160 2234 2225 2162 2234 2162 2171 2235 2163 2172 2235 2226 2163 2236 2227 2173 2237 2228 2165 2237 2165 2174 2238 2166 2175 2238 2229 2166 2239 2230 2167 2239 2176 2185 2239 2167 2176 2240 2168 2177 2240 2231 2168 2241 2169 2178 2241 2232 2169 2242 2233 2179 2243 2234 2171 2243 2171 2180 2244 2235 2172 2244 2172 2181 2244 2181 2190 2245 2236 2173 2245 2173 2182 2246 2174 2183 2246 2237 2174 2247 2175 2184 2247 2238 2175 2247 2184 2193 2248 2239 2185 2249 2240 2177 2249 2177 2186 2250 2178 2187 2250 2241 2178 2251 2242 2179 2251 2179 2188 2252 2243 2180 2252 2180 2189 2253 2244 2190 2254 2182 2191 2254 2245 2182 2254 2191 2200 2255 2246 2183 2255 2183 2192 2256 2247 2193 2257 2185 2194 2257 2194 2203 2257 2248 2185 2258 2186 2195 2258 2249 2186 2258 2195 2204 2259 2187 2196 2259 2196 2205 2259 2250 2187 2260 2251 2188 2260 2188 2197 2261 2189 2198 2261 2252 2189 2262 2253 2190 2262 2199 2208 2262 2190 2199 2263 2254 2200 2264 2201 2210 2264 2255 2192 2264 2192 2201 2265 2193 2202 2265 2202 2211 2265 2256 2193 2266 2257 2203 2267 2258 2204 2268 2259 2205 2269 2197 2206 2269 2260 2197 2270 2198 2207 2270 2261 2198 2271 2262 2208 2272 2200 2209 2272 2263 2200 2273 2264 2210 2274 2265 2211 2275 2203 2212 2275 2266 2203 2276 2204 2213 2276 2267 2204 2277 2205 2214 2277 2268 2205 2278 2206 2215 2278 2269 2206 2279 2207 2216 2279 2216 1657 2279 2270 2207 2279 1657 1720 2280 2271 2208 2280 2208 2217 2280 2217 2227 2281 2218 2228 2281 2209 2218 2281 2272 2209 2282 2210 2219 2282 2273 2210 2283 2220 2230 2283 2211 2220 2283 2274 2211 2284 2212 2221 2284 2275 2212 2285 2276 2213 2285 2213 2222 2286 2287 2224 2286 2224 2223 2288 2225 2234 2288 2277 2214 2288 2214 2225 2289 2278 2215 2289 2215 2226 2290 2280 2227 2291 2281 2228 2292 2219 2229 2292 2282 2219 2293 2283 2230 2294 2221 2231 2294 2284 2221 2295 2222 2232 2295 2285 2222 2296 2286 2223 2296 2223 2233 2297 2288 2234 2298 2226 2235 2298 2289 2226 2299 2227 2236 2299 2290 2227 2300 2228 2237 2300 2291 2228 2301 2229 2238 2301 2292 2229 2302 2230 2239 2302 2239 2248 2302 2293 2230 2303 2294 2231 2303 2231 2240 2304 2232 2241 2304 2295 2232 2305 2296 2233 2305 2242 2251 2305 2233 2242 2306 2234 2243 2306 2297 2234 2307 2235 2244 2307 2298 2235 2308 2299 2236 2308 2236 2245 2309 2237 2246 2309 2300 2237 2310 2301 2238 2310 2238 2247 2310 2247 2256 2311 2302 2248 2312 2240 2249 2312 2303 2240 2313 2304 2241 2313 2241 2250 2314 2305 2251 2315 2306 2243 2315 2243 2252 2316 2307 2244 2316 2244 2253 2317 2308 2245 2317 2245 2254 2318 2309 2246 2318 2255 2264 2318 2246 2255 2319 2310 2256 2320 2311 2248 2320 2248 2257 2321 2312 2249 2321 2249 2258 2321 2258 2267 2322 2313 2250 2322 2250 2259 2323 2314 2251 2323 2251 2260 2324 2315 2252 2324 2252 2261 2325 2253 2262 2325 2316 2253 2326 2317 2254 2326 2254 2263 2327 2318 2264 2328 2319 2256 2328 2256 2265 2329 2257 2266 2329 2320 2257 2330 2321 2267 2331 2322 2259 2331 2259 2268 2332 2323 2260 2332 2269 2278 2332 2260 2269 2333 2270 2279 2333 2261 2270 2333 2324 2261 2334 2262 2271 2334 2325 2262 2335 2326 2263 2335 2263 2272 2336 2327 2264 2336 2264 2273 2337 2265 2274 2337 2328 2265 2338 2275 2284 2338 2329 2266 2338 2266 2275 2339 2267 2276 2339 2330 2267 2340 2331 2268 2340 2268 2277 2341 2332 2278 2342 2279 1720 2342 2333 2279 2342 1720 1783 2343 2271 2280 2343 2334 2271 2344 2335 2272 2344 2272 2281 2345 2273 2282 2345 2336 2273 2346 2274 2283 2346 2337 2274 2347 2338 2284 2348 2276 2285 2348 2285 2295 2348 2339 2276 2349 28 26 2349 2287 2286 2349 26 2287 2350 2340 2277 2350 2277 2288 2351 2341 2278 2351 2278 2289 2352 2290 2299 2352 2280 2290 2352 2343 2280 2353 2281 2291 2353 2344 2281 2354 2282 2292 2354 2292 2301 2354 2345 2282 2355 2346 2283 2355 2283 2293 2356 2347 2284 2356 2284 2294 2357 2348 2295 2358 2359 28 2358 2360 2359 2358 28 2349 2358 2349 2286 2358 2286 2296 2361 2350 2288 2361 2288 2297 2362 2289 2298 2362 2351 2289 2363 2352 2299 2364 2291 2300 2364 2353 2291 2364 2300 2309 2365 2354 2301 2366 2293 2302 2366 2355 2293 2367 2356 2294 2367 2294 2303 2368 2357 2295 2368 2295 2304 2369 2370 2360 2369 2371 2370 2369 2360 2358 2369 2296 2305 2369 2358 2296 2372 2297 2306 2372 2361 2297 2373 2298 2307 2373 2362 2298 2374 2299 2308 2374 2363 2299 2375 2364 2309 2376 2301 2310 2376 2365 2301 2377 2366 2302 2377 2302 2311 2378 2367 2303 2378 2303 2312 2379 2304 2313 2379 2368 2304 2380 2381 2371 2380 2382 2381 2380 2369 2305 2380 2371 2369 2380 2305 2314 2383 2372 2306 2383 2306 2315 2384 2373 2307 2384 2307 2316 2385 2374 2308 2385 2308 2317 2386 2309 2318 2386 2318 2327 2386 2375 2309 2387 2376 2310 2387 2310 2319 2388 2377 2311 2388 2311 2320 2389 2378 2312 2389 2321 2330 2389 2312 2321 2390 2379 2313 2390 2313 2322 2391 2380 2314 2391 2392 2382 2391 2393 2392 2391 2314 2323 2391 2382 2380 2394 2315 2324 2394 2383 2315 2395 2384 2316 2395 2316 2325 2396 2317 2326 2396 2385 2317 2397 2386 2327 2398 2387 2319 2398 2319 2328 2398 2328 2337 2399 2388 2320 2399 2320 2329 2400 2389 2330 2401 2390 2322 2401 2322 2331 2402 2403 2393 2402 2404 2403 2402 2393 2391 2402 2391 2323 2402 2323 2332 2402 2332 2341 2405 2324 2333 2405 2394 2324 2406 2325 2334 2406 2395 2325 2407 2326 2335 2407 2396 2326 2408 2327 2336 2408 2397 2327 2409 2398 2337 2410 2399 2329 2410 2329 2338 2411 2400 2330 2411 2330 2339 2412 2331 2340 2412 2401 2331 2413 2414 2404 2413 2415 2414 2413 2404 2402 2413 2341 2351 2413 2402 2341 2416 2405 2333 2416 2333 2342 2416 2342 1783 2416 1783 1846 2417 2334 2343 2417 2343 2352 2417 2406 2334 2418 2407 2335 2418 2335 2344 2419 2336 2345 2419 2408 2336 2420 2409 2337 2420 2346 2355 2420 2337 2346 2421 2338 2347 2421 2410 2338 2422 2411 2339 2422 2348 2357 2422 2339 2348 2423 2412 2340 2423 2340 2350 2424 2425 2415 2424 2426 2425 2424 2413 2351 2424 2415 2413 2427 2417 2352 2427 2352 2363 2428 2344 2353 2428 2418 2344 2429 2419 2345 2429 2345 2354 2430 2420 2355 2431 2347 2356 2431 2421 2347 2432 2422 2357 2433 2361 2372 2433 2423 2350 2433 2350 2361 2434 2435 2426 2434 2436 2435 2434 2424 2351 2434 2351 2362 2434 2426 2424 2437 2427 2363 2438 2428 2353 2438 2353 2364 2439 2429 2354 2439 2354 2365 2440 2355 2366 2440 2430 2355 2440 2366 2377 2441 2367 2378 2441 2431 2356 2441 2356 2367 2442 2357 2368 2442 2432 2357 2443 2433 2372 2444 2373 2384 2444 2445 2436 2444 2446 2445 2444 2436 2434 2444 2434 2362 2444 2362 2373 2447 2437 2363 2447 2363 2374 2448 2438 2364 2448 2364 2375 2449 2376 2387 2449 2439 2365 2449 2365 2376 2450 2440 2377 2451 2441 2378 2452 2442 2368 2452 2368 2379 2453 2372 2383 2453 2443 2372 2454 2455 2446 2454 2456 2455 2454 2444 2384 2454 2446 2444 2457 2374 2385 2457 2385 2396 2457 2447 2374 2458 2448 2375 2458 2375 2386 2459 2449 2387 2460 2377 2388 2460 2388 2399 2460 2450 2377 2461 2378 2389 2461 2451 2378 2462 2379 2390 2462 2452 2379 2463 2383 2394 2463 2453 2383 2463 2394 2405 2464 2454 2384 2464 2465 2456 2464 2466 2465 2464 2395 2406 2464 2384 2395 2464 2456 2454 2467 2457 2396 2468 2397 2408 2468 2386 2397 2468 2458 2386 2469 2459 2387 2469 2398 2409 2469 2387 2398 2470 2460 2399 2471 2389 2400 2471 2400 2411 2471 2461 2389 2472 2390 2401 2472 2462 2390 2473 2463 2405 2474 2475 2466 2474 2476 2475 2474 2464 2406 2474 2466 2464 2477 2396 2407 2477 2467 2396 2478 2468 2408 2479 2469 2409 2480 2399 2410 2480 2410 2421 2480 2470 2399 2481 2471 2411 2482 2472 2401 2482 2401 2412 2483 2416 1846 2483 2473 2405 2483 1846 1909 2483 2405 2416 2484 2476 2474 2484 2406 2417 2484 2485 2476 2484 2486 2485 2484 2474 2406 2487 2477 2407 2487 2407 2418 2488 2408 2419 2488 2478 2408 2489 2420 2430 2489 2479 2409 2489 2409 2420 2490 2480 2421 2491 2411 2422 2491 2481 2411 2492 2412 2423 2492 2482 2412 2493 2494 2486 2493 2495 2494 2493 2486 2484 2493 2427 2437 2493 2484 2417 2493 2417 2427 2496 2487 2418 2496 2418 2428 2497 2419 2429 2497 2488 2419 2498 2489 2430 2499 2421 2431 2499 2490 2421 2500 2422 2432 2500 2491 2422 2500 2432 2442 2501 2492 2423 2501 2433 2443 2501 2423 2433 2502 2503 2495 2502 2504 2503 2502 2495 2493 2502 2493 2437 2505 2428 2438 2505 2496 2428 2506 2429 2439 2506 2497 2429 2507 2498 2430 2507 2440 2450 2507 2430 2440 2508 2499 2431 2508 2431 2441 2509 2500 2442 2510 2501 2443 2511 2437 2447 2511 2512 2504 2511 2513 2512 2511 2502 2437 2511 2504 2502 2514 2505 2438 2514 2438 2448 2515 2506 2439 2515 2449 2459 2515 2439 2449 2516 2507 2450 2517 2441 2451 2517 2508 2441 2518 2509 2442 2518 2442 2452 2519 2510 2443 2519 2443 2453 2520 2447 2457 2520 2511 2447 2520 2521 2513 2520 2522 2521 2520 2513 2511 2523 2514 2448 2523 2458 2468 2523 2448 2458 2524 2515 2459 2525 2460 2470 2525 2516 2450 2525 2450 2460 2526 2461 2471 2526 2451 2461 2526 2517 2451 2527 2452 2462 2527 2518 2452 2528 2519 2453 2528 2453 2463 2529 2520 2457 2529 2457 2467 2529 2522 2520 2529 2530 2522 2529 2531 2530 2532 2523 2468 2533 2459 2469 2533 2524 2459 2534 2525 2470 2535 2526 2471 2536 2472 2482 2536 2462 2472 2536 2527 2462 2537 2463 2473 2537 2528 2463 2538 2539 2531 2538 2540 2539 2538 2531 2529 2538 2467 2477 2538 2529 2467 2541 2468 2478 2541 2532 2468 2542 2469 2479 2542 2533 2469 2543 2480 2490 2543 2470 2480 2543 2534 2470 2544 2535 2471 2544 2471 2481 2544 2481 2491 2545 2536 2482 2546 2473 2483 2546 2483 1909 2546 1909 1972 2546 2537 2473 2547 2548 2540 2547 2549 2548 2547 2477 2487 2547 2538 2477 2547 2540 2538 2550 2541 2478 2550 2478 2488 2551 2479 2489 2551 2542 2479 2552 2543 2490 2553 2544 2491 2554 2482 2492 2554 2545 2482 2555 2549 2547 2555 2547 2487 2555 2556 2549 2555 2557 2556 2555 2487 2496 2558 2488 2497 2558 2550 2488 2559 2489 2498 2559 2551 2489 2560 2552 2490 2560 2490 2499 2561 2491 2500 2561 2553 2491 2562 2492 2501 2562 2501 2510 2562 2554 2492 2563 2496 2505 2563 2564 2557 2563 2565 2564 2563 2557 2555 2563 2505 2514 2563 2555 2496 2566 2497 2506 2566 2558 2497 2567 2559 2498 2567 2498 2507 2568 2499 2508 2568 2560 2499 2569 2561 2500 2569 2500 2509 2570 2562 2510 2571 2572 2565 2571 2573 2572 2571 2563 2514 2571 2565 2563 2574 2566 2506 2574 2506 2515 2575 2567 2507 2575 2507 2516 2576 2568 2508 2576 2508 2517 2577 2569 2509 2577 2509 2518 2578 2570 2510 2578 2510 2519 2579 2580 2573 2579 2581 2580 2579 2523 2532 2579 2573 2571 2579 2571 2514 2579 2514 2523 2582 2574 2515 2582 2515 2524 2583 2575 2516 2583 2516 2525 2584 2576 2517 2584 2517 2526 2584 2526 2535 2585 2518 2527 2585 2577 2518 2586 2578 2519 2586 2519 2528 2587 2581 2579 2587 2588 2581 2587 2589 2588 2587 2579 2532 2590 2524 2533 2590 2582 2524 2591 2583 2525 2591 2525 2534 2592 2584 2535 2593 2527 2536 2593 2585 2527 2594 2586 2528 2594 2528 2537 2595 2587 2532 2595 2596 2589 2595 2597 2596 2595 2532 2541 2595 2589 2587 2598 2533 2542 2598 2590 2533 2599 2591 2534 2599 2534 2543 2600 2535 2544 2600 2592 2535 2601 2536 2545 2601 2593 2536 2602 2537 2546 2602 2594 2537 2602 2546 1972 2602 1972 2035 2603 2541 2550 2603 2597 2595 2603 2604 2597 2603 2605 2604 2603 2595 2541 2606 2598 2542 2606 2551 2559 2606 2542 2551 2607 2543 2552 2607 2599 2543 2608 2553 2561 2608 2544 2553 2608 2600 2544 2609 2601 2545 2609 2545 2554 2610 2550 2558 2610 2611 2605 2610 2612 2611 2610 2603 2550 2610 2605 2603 2613 2606 2559 2614 2552 2560 2614 2607 2552 2615 2608 2561 2616 2554 2562 2616 2609 2554 2617 2610 2558 2617 2618 2612 2617 2619 2618 2617 2612 2610 2617 2558 2566 2620 2613 2559 2620 2559 2567 2621 2560 2568 2621 2568 2576 2621 2614 2560 2622 2561 2569 2622 2615 2561 2623 2616 2562 2623 2562 2570 2624 2619 2617 2624 2625 2619 2624 2626 2625 2624 2574 2582 2624 2566 2574 2624 2617 2566 2627 2620 2567 2627 2567 2575 2628 2621 2576 2629 2569 2577 2629 2622 2569 2630 2570 2578 2630 2623 2570 2631 2624 2582 2631 2626 2624 2631 2632 2626 2631 2633 2632 2634 2627 2575 2634 2575 2583 2635 2576 2584 2635 2628 2576 2636 2577 2585 2636 2629 2577 2637 2630 2578 2637 2578 2586 2638 2582 2590 2638 2633 2631 2638 2590 2598 2638 2639 2633 2638 2640 2639 2638 2631 2582 2641 2634 2583 2641 2583 2591 2642 2592 2600 2642 2635 2584 2642 2584 2592 2643 2636 2585 2643 2585 2593 2644 2586 2594 2644 2637 2586 2645 2638 2598 2645 2640 2638 2645 2646 2640 2645 2647 2646 2648 2591 2599 2648 2641 2591 2649 2642 2600 2650 2643 2593 2650 2593 2601 2651 2594 2602 2651 2644 2594 2651 2602 2035 2651 2035 2098 2652 2598 2606 2652 2645 2598 2652 2647 2645 2652 2653 2647 2652 2654 2653 2652 2606 2613 2655 2648 2599 2655 2599 2607 2656 2649 2600 2656 2600 2608 2657 2650 2601 2657 2601 2609 2658 2654 2652 2658 2659 2654 2658 2660 2659 2658 2652 2613 2661 2655 2607 2661 2607 2614 2662 2656 2608 2662 2615 2622 2662 2608 2615 2663 2657 2609 2663 2616 2623 2663 2609 2616 2664 2660 2658 2664 2658 2613 2664 2620 2627 2664 2665 2660 2664 2613 2620 2664 2666 2665 2667 2614 2621 2667 2661 2614 2668 2662 2622 2669 2663 2623 2670 2627 2634 2670 2664 2627 2670 2671 2666 2670 2672 2671 2670 2666 2664 2673 2621 2628 2673 2667 2621 2674 2622 2629 2674 2668 2622 2675 2623 2630 2675 2669 2623 2676 2634 2641 2676 2672 2670 2676 2670 2634 2676 2677 2672 2676 2678 2677 2679 2628 2635 2679 2673 2628 2679 2635 2642 2680 2674 2629 2680 2629 2636 2681 2675 2630 2681 2637 2644 2681 2630 2637 2682 2678 2676 2682 2676 2641 2682 2683 2678 2682 2684 2683 2685 2679 2642 2686 2680 2636 2686 2643 2650 2686 2636 2643 2687 2681 2644 2688 2641 2648 2688 2682 2641 2688 2689 2684 2688 2690 2689 2688 2684 2682 2691 2642 2649 2691 2685 2642 2692 2686 2650 2693 2687 2644 2693 2644 2651 2693 2651 2098 2693 2098 2161 2694 2688 2648 2694 2648 2655 2694 2690 2688 2694 2695 2690 2694 2696 2695 2697 2649 2656 2697 2691 2649 2698 2692 2650 2698 2650 2657 2699 2696 2694 2699 2694 2655 2699 2655 2661 2699 2700 2696 2699 2701 2700 2702 2656 2662 2702 2697 2656 2703 2657 2663 2703 2698 2657 2703 2663 2669 2704 2701 2699 2704 2661 2667 2704 2699 2661 2704 2705 2701 2704 2706 2705 2707 2702 2662 2707 2662 2668 2708 2703 2669 2709 2706 2704 2709 2704 2667 2709 2710 2706 2709 2667 2673 2709 2711 2710 2712 2707 2668 2712 2668 2674 2713 2669 2675 2713 2708 2669 2714 2711 2709 2714 2709 2673 2714 2673 2679 2714 2679 2685 2714 2715 2711 2714 2716 2715 2717 2712 2674 2717 2674 2680 2718 2713 2675 2718 2675 2681 2719 2714 2685 2719 2716 2714 2719 2720 2716 2719 2721 2720 2722 2717 2680 2722 2680 2686 2723 2681 2687 2723 2718 2681 2724 2721 2719 2724 2719 2685 2724 2725 2721 2724 2685 2691 2724 2726 2725 2727 2722 2686 2727 2686 2692 2728 2723 2687 2728 2687 2693 2728 2693 2161 2728 2161 2224 2729 2697 2702 2729 2724 2691 2729 2691 2697 2729 2726 2724 2729 2730 2726 2729 2731 2730 2732 2692 2698 2732 2727 2692 2733 2734 2735 2733 2731 2729 2733 2729 2702 2733 2735 2731 2736 2732 2698 2736 2698 2703 2737 2738 2734 2737 2739 2738 2737 2702 2707 2737 2733 2702 2737 2734 2733 2740 2736 2703 2740 2703 2708 2741 2742 2739 2741 2743 2742 2741 2739 2737 2741 2737 2707 2741 2707 2712 2744 2740 2708 2744 2708 2713 2745 2746 2743 2745 2747 2746 2745 2741 2712 2745 2712 2717 2745 2743 2741 2748 2744 2713 2748 2713 2718 2749 2750 2747 2749 2751 2750 2749 2745 2717 2749 2747 2745 2749 2717 2722 2752 2748 2718 2752 2718 2723 2753 2754 2751 2753 2755 2754 2753 2722 2727 2753 2749 2722 2753 2751 2749 2756 2728 2224 2756 2752 2723 2756 2224 2287 2756 2723 2728 2757 2758 2755 2757 2759 2758 2757 2755 2753 2757 2753 2727 2757 2727 2732 2760 2736 2740 2760 2732 2736 2760 2761 2759 2760 2762 2761 2760 2759 2757 2760 2757 2732 2763 2764 2762 2763 2765 2764 2763 2762 2760 2763 2760 2740 2766 2767 2765 2766 2768 2767 2766 2740 2744 2766 2765 2763 2766 2763 2740 2769 2770 2768 2769 2771 2770 2769 2744 2748 2769 2748 2752 2769 2766 2744 2769 2768 2766 2772 2773 2771 2772 30 2773 2772 2769 2752 2772 2771 2769 2774 30 2772 2774 2752 2756 2774 2756 2287 2774 2772 2752 2774 26 30 2774 2287 26 206 2775 212 212 2775 213 213 2775 214 214 2775 220 220 2775 221 221 2775 227 227 2775 228 228 2775 229 229 2775 235 235 2775 236 236 2775 13 13 2775 14 11 2776 9 9 2776 180 180 2776 181 181 2776 182 182 2776 189 189 2776 190 190 2776 191 191 2776 197 197 2776 198 198 2776 204 204 2776 205 205 2776 206 206 2776 2775 2776 2777 2775 2776 2778 2777 2778 2779 2777 2778 2780 2779 2780 2781 2779 2781 2782 2783 2780 2782 2781 2783 2784 2785 2782 2784 2783 2784 2786 2785 2785 2787 2788 2786 2787 2785 2787 2789 2788 2789 2790 2788 2789 2791 2790 2790 2792 2793 2791 2792 2790 2793 2794 2795 2792 2794 2793 2795 2796 2797 2794 2796 2795 2797 2798 2799 2796 2798 2797 2799 2800 2801 2798 2800 2799 2801 2802 2803 2800 2802 2801 2803 2804 2805 2802 2804 2803 2805 2806 2807 2804 2806 2805 2807 2808 2809 2809 2808 2810 2806 2808 2807 2810 2811 2812 2808 2811 2810 2812 2813 2814 2811 2813 2812 2814 2815 2816 2813 2815 2814 2816 2817 2818 2815 2817 2816 2817 2819 2818 2818 2820 2821 2819 2820 2818 2820 2822 2821 2821 2822 2823 2822 2824 2823 2823 2824 2825 2825 2824 2826 2824 2827 2826 2826 2827 2828 2827 2829 2828 2828 2829 2830 2830 2831 2832 2829 2831 2830 2832 2833 2834 2831 2833 2832 2833 2835 2834 2834 2835 2836 2835 2837 2836 2836 2837 2838 2838 2839 2840 2837 2839 2838 2840 2841 2842 2839 2841 2840 2841 2843 2842 2842 2844 2845 2843 2844 2842 2844 2846 2845 2845 2846 2847 2847 2848 2849 2846 2848 2847 2849 2850 2851 2848 2850 2849 2851 2852 2853 2850 2852 2851 2853 2852 2854 2854 2855 2856 2852 2855 2854 2856 2857 2858 2855 2857 2856 2858 2859 2860 2857 2859 2858 2859 2861 2860 2860 2861 2862 2861 2863 2862 2862 2863 2864 2863 2865 2864 2864 2865 2866 2865 2867 2866 2866 2867 2868 2867 2869 2868 2868 2869 2870 2869 2871 2870 2870 2871 2872 2873 2874 2875 2876 2874 2873 2877 2874 2876 2878 2874 2877 2879 2874 2878 2880 2874 2879 2881 2874 2880 2882 2874 2881 2871 2883 2872 2872 2883 2884 2883 2885 2884 2884 2885 2886 2885 2887 2886 2886 2887 2888 2887 2889 2888 2888 2889 2890 2889 2891 2890 2890 2891 2892 2891 2893 2892 2892 2893 2894 2894 2895 2896 2893 2895 2894 2896 2897 2882 2895 2897 2896 2882 2898 2874 2874 2898 2899 2897 2898 2882 2898 2900 2899 2899 2901 2902 2900 2903 2899 2899 2904 2901 2903 2905 2899 2899 2906 2904 2905 2907 2899 2899 2907 2906 2908 2786 2909 2908 2910 2786 2910 2787 2786 2787 2911 2789 2910 2911 2787 2911 2791 2789 2911 2912 2791 2912 2792 2791 2912 2913 2792 2913 2794 2792 2913 2914 2794 2914 2796 2794 2914 2915 2796 2915 2798 2796 2915 2916 2798 2916 2800 2798 2916 2917 2800 2917 2802 2800 2917 2918 2802 2918 2804 2802 2918 2919 2804 2919 2806 2804 2919 2920 2806 2920 2808 2806 2920 2921 2808 2922 2923 2924 2925 2924 2926 2925 2922 2924 2927 2925 2926 2928 2925 2927 2929 2928 2927 2909 2928 2929 2908 2929 2930 2908 2909 2929 2910 2908 2930 2911 2930 2931 2911 2910 2930 2912 2931 2932 2912 2911 2931 2913 2932 2933 2913 2912 2932 2914 2933 2934 2914 2913 2933 2915 2934 2935 2915 2914 2934 2916 2935 2936 2916 2915 2935 2917 2936 2937 2917 2916 2936 2918 2937 2938 2918 2917 2937 2919 2938 2939 2919 2918 2938 2920 2939 2940 2920 2919 2939 2921 2920 2940 2941 2921 2940 2941 2940 2942 2943 2942 2944 2943 2941 2942 2945 2943 2944 2945 2944 2946 2947 2946 2948 2947 2945 2946 2949 2947 2948 2949 2948 2950 2949 2950 2951 2952 2949 2951 2953 2952 2951 2953 2951 2954 2955 2954 2956 2955 2953 2954 2957 2956 2958 2957 2955 2956 2959 2958 2960 2959 2957 2958 2961 2960 2962 2961 2959 2960 2963 2962 2964 2963 2961 2962 2965 2964 2966 2965 2963 2964 2967 2966 2968 2967 2965 2966 2969 2968 2970 2969 2967 2968 2971 2970 2972 2971 2969 2970 2973 2972 2974 2973 2971 2972 2975 2974 2976 2975 2973 2974 2977 2976 2978 2977 2975 2976 2979 2978 2980 2979 2977 2978 2981 2980 2982 2981 2979 2980 2983 2982 2984 2983 2981 2982 2985 2984 2986 2985 2983 2984 2987 2985 2986 2987 2986 2988 2989 2987 2988 2989 2988 2990 2991 2990 2992 2991 2989 2990 2993 2991 2992 2993 2992 2994 2995 2993 2994 2995 2994 2996 2997 2995 2996 2997 2996 2998 2999 2997 2998 2999 2998 3000 3001 3000 3002 3001 2999 3000 3003 3002 3004 3003 3001 3002 3005 3006 3007 3005 3007 3008 3005 3008 3009 3005 3009 3010 3005 3010 3011 3005 3011 3012 3005 3012 3013 3005 3013 3014 3015 3004 3016 3015 3003 3004 3017 3016 3018 3017 3015 3016 3019 3018 3020 3019 3017 3018 3021 3020 3022 3021 3019 3020 3023 3022 3024 3023 3021 3022 3025 3024 3026 3025 3023 3024 3027 3026 3028 3027 3025 3026 3029 3028 3006 3029 3027 3028 3030 3006 3005 3030 3029 3006 3031 3029 3030 3032 3031 3030 3033 3030 3034 3035 3032 3030 3036 3030 3033 3037 3035 3030 3038 3030 3036 3038 3037 3030 2940 2807 2809 2807 2939 2805 2940 2939 2807 2805 2938 2803 2939 2938 2805 2803 2937 2801 2938 2937 2803 2801 2936 2799 2937 2936 2801 2799 2935 2797 2936 2935 2799 2797 2934 2795 2935 2934 2797 2795 2933 2793 2934 2933 2795 2793 2932 2790 2933 2932 2793 2790 2931 2788 2932 2931 2790 2788 2930 2785 2931 2930 2788 2930 2929 2785 2852 2983 2985 2855 2985 2987 2855 2852 2985 2857 2987 2989 2857 2855 2987 2859 2989 2991 2859 2857 2989 2861 2991 2993 2861 2859 2991 2863 2993 2995 2863 2861 2993 2865 2995 2997 2865 2863 2995 2867 2997 2999 2867 2865 2997 2869 2999 3001 2869 2867 2999 2871 3001 3003 2871 2869 3001 2883 2871 3003 2883 3003 3015 2885 2883 3015 2885 3015 3017 2887 2885 3017 2887 3017 3019 2889 3019 3021 2889 2887 3019 2891 2889 3021 2891 3021 3023 2893 3023 3025 2893 2891 3023 2895 3025 3027 2895 2893 3025 2897 3027 3029 2897 2895 3027 2898 3029 3031 2898 2897 3029 2900 3031 3032 2900 2898 3031 2903 3032 3035 2903 2900 3032 2905 3035 3037 2905 2903 3035 2907 3037 3038 2907 2905 3037 2906 3038 3036 2906 2907 3038 2904 3036 3033 2904 2906 3036 2901 3033 3034 2901 2904 3033 2902 3034 3030 2902 2901 3034 2899 2902 3030 2874 3005 3014 2875 3014 3013 2875 2874 3014 2873 3013 3012 2873 2875 3013 2876 3012 3011 2876 2873 3012 2877 3011 3010 2877 2876 3011 2878 3010 3009 2878 2877 3010 2879 3009 3008 2879 2878 3009 2880 3008 3007 2880 2879 3008 2881 3007 3006 2881 2880 3007 2882 3006 3028 2882 2881 3006 2896 2882 3028 2896 3028 3026 2894 2896 3026 2894 3026 3024 2892 2894 3024 2892 3024 3022 2890 3022 3020 2890 2892 3022 2888 2890 3020 2888 3020 3018 2886 3018 3016 2886 2888 3018 2884 3016 3004 2884 2886 3016 2872 3004 3002 2872 2884 3004 2870 3002 3000 2870 2872 3002 2868 3000 2998 2868 2870 3000 2866 2998 2996 2866 2868 2998 2864 2996 2994 2864 2866 2996 2862 2994 2992 2862 2864 2994 2860 2992 2990 2860 2862 2992 2858 2990 2988 2858 2860 2990 2856 2988 2986 2856 2858 2988 2854 2986 2984 2854 2856 2986 2853 2854 2984 2824 2955 2957 2827 2957 2959 2827 2824 2957 2829 2959 2961 2829 2827 2959 2831 2961 2963 2831 2829 2961 2833 2963 2965 2833 2831 2963 2835 2965 2967 2835 2833 2965 2837 2967 2969 2837 2835 2967 2839 2969 2971 2839 2837 2969 2841 2971 2973 2841 2839 2971 2843 2841 2973 2947 2949 2819 2947 2817 2815 2947 2819 2817 2945 2815 2813 2945 2947 2815 2943 2813 2811 2943 2945 2813 2941 2943 2811 2921 2811 2808 2921 2941 2811 2818 2950 2948 2816 2948 2946 2816 2818 2948 2814 2946 2944 2814 2816 2946 2812 2944 2942 2812 2814 2944 2810 2942 2940 2810 2812 2942 2809 2810 2940 2956 2825 2826 2958 2826 2828 2958 2956 2826 2960 2828 2830 2960 2958 2828 2962 2830 2832 2962 2960 2830 2964 2832 2834 2964 2962 2832 2966 2834 2836 2966 2964 2834 2968 2836 2838 2968 2966 2836 2970 2838 2840 2970 2968 2838 2972 2840 2842 2972 2970 2840 2974 2972 2842 2984 2982 2853 2853 2982 2851 2851 2980 2849 2982 2980 2851 2849 2978 2847 2980 2978 2849 2847 2976 2845 2978 2976 2847 2845 2974 2842 2976 2974 2845 2973 2844 2843 2973 2975 2844 2975 2846 2844 2975 2977 2846 2977 2848 2846 2977 2979 2848 2979 2850 2848 2979 2981 2850 2981 2852 2850 2981 2983 2852 2953 2955 2824 2822 2953 2824 2952 2953 2822 2820 2952 2822 2949 2952 2820 2819 2949 2820 2956 2954 2825 2954 2823 2825 2954 2951 2823 2951 2821 2823 2951 2950 2821 2950 2818 2821 3030 2874 2899 3005 2874 3030 3039 3040 3041 3042 3040 3039 3043 3042 3039 3044 3043 3039 3045 3043 3044 3046 3045 3044 3047 3045 3046 3048 3047 3046 2909 3047 3048 3042 3049 3050 3051 3043 3052 3049 3043 3051 3042 3043 3049 3043 3053 3052 3043 3045 3053 3045 3054 3053 3045 3047 3054 3047 3055 3054 3047 2909 3055 3050 3049 3056 3056 3051 3057 3049 3051 3056 3057 3052 3058 3051 3052 3057 3053 3059 3058 3053 3058 3052 3060 3061 3062 3063 3061 3060 3064 3063 3060 3065 3066 3067 3065 3067 3068 3069 3070 3063 3069 3071 3070 3069 3068 3071 3069 3063 3064 3069 3065 3068 3072 3065 3069 3073 3072 3069 3042 3073 3069 3066 3074 3075 3075 3074 3076 3076 3074 3077 3077 3074 3078 3066 3079 3074 3066 3065 3079 3065 3080 3079 3065 3081 3080 3065 3072 3081 3072 3082 3081 3072 3073 3082 3073 3042 3082 3074 3079 3083 3079 3080 3083 3080 3081 3083 3083 3082 3084 3081 3082 3083 3082 3085 3086 3082 3086 3084 3087 3088 3089 3088 3090 3089 3090 3091 3089 3091 3092 3089 3091 3093 3092 3090 3093 3091 3088 3094 3090 3090 3094 3093 3087 3095 3088 3088 3095 3094 3087 3096 3095 3097 3098 3099 3100 3097 3099 3101 3102 3100 3101 3103 3102 3101 3104 3103 3101 3099 3105 3101 3105 3106 3101 3106 3107 3101 3100 3099 3108 3104 3101 3109 3110 3104 3109 3104 3108 3111 3110 3109 3112 3113 3114 3112 3115 3113 3112 3116 3115 3117 3098 3112 3112 3098 3116 3118 3099 3117 3119 3099 3118 3117 3099 3098 3120 3105 3119 3119 3105 3099 3120 3106 3105 3120 3107 3106 3112 3121 3117 3117 3121 3118 3118 3121 3119 3119 3121 3120 3121 3122 3120 3123 3120 3124 3124 3120 3122 3125 3126 3127 3127 3126 3128 3128 3126 3129 3129 3126 3130 3129 3131 3128 3130 3131 3129 3128 3132 3127 3131 3132 3128 3127 3133 3125 3132 3133 3127 3133 3134 3125 3135 3136 3137 3135 3137 3107 3135 3107 3138 3139 3135 3138 3140 3139 3138 3141 3139 3140 3142 3141 3140 3143 3141 3142 2929 3143 3142 3144 3107 3145 3146 3138 3147 3148 3138 3144 3149 3138 3148 3147 3138 3149 3144 3138 3107 3150 3140 3146 3146 3140 3138 3150 3142 3140 3150 2929 3142 3145 3151 3144 3144 3151 3148 3148 3152 3149 3151 3152 3148 3149 3153 3147 3152 3153 3149 3154 3147 3153 3155 3156 3157 3158 3159 3160 3161 3156 3155 3162 3158 3160 3157 3163 3164 3160 3163 3156 3156 3163 3157 3164 3165 3166 3166 3165 3167 3163 3165 3164 3168 3169 3159 3159 3169 3160 3160 3169 3163 3167 3170 3171 3171 3170 3172 3165 3170 3167 3173 3174 3168 3175 3174 3173 3163 3174 3165 3168 3174 3169 3169 3174 3163 3165 3174 3170 3172 3176 3177 3170 3176 3172 3174 3178 3170 3175 3178 3174 3179 3178 3175 3180 3178 3179 3177 3181 3182 3182 3181 3183 3176 3181 3177 3180 3184 3178 3185 3184 3180 3170 3184 3176 3178 3184 3170 3183 3186 3187 3187 3186 3188 3181 3186 3183 3189 3190 3185 3191 3190 3189 3176 3190 3181 3185 3190 3184 3184 3190 3176 3188 3192 3193 3186 3192 3188 3181 3194 3186 3190 3194 3181 3195 3194 3191 3196 3194 3195 3191 3194 3190 3193 3197 3198 3198 3197 3199 3192 3197 3193 3194 3200 3186 3196 3200 3194 3201 3200 3196 3186 3200 3192 3199 3202 3203 3203 3202 3204 3197 3202 3199 3200 3205 3192 3197 3205 3202 3206 3205 3201 3207 3205 3206 3192 3205 3197 3201 3205 3200 3204 3208 3209 3202 3208 3204 3202 3210 3208 3211 3210 3207 3212 3210 3211 3205 3210 3202 3207 3210 3205 3209 3213 3214 3214 3213 3215 3208 3213 3209 3210 3216 3208 3217 3216 3212 3212 3216 3210 3215 3218 3219 3219 3218 3220 3213 3218 3215 3216 3221 3208 3217 3221 3216 3222 3221 3217 3223 3221 3222 3208 3221 3213 3220 3224 3225 3218 3224 3220 3221 3226 3213 3227 3226 3223 3228 3226 3227 3213 3226 3218 3223 3226 3221 3224 3229 3225 3225 3229 3230 3230 3229 3231 3218 3232 3224 3226 3232 3218 3233 3232 3228 3228 3232 3226 3231 3234 3235 3235 3234 3236 3229 3234 3231 3232 3237 3224 3233 3237 3232 3238 3237 3233 3239 3237 3238 3229 3237 3234 3224 3237 3229 3236 3240 3241 3234 3240 3236 3242 3243 3239 3244 3243 3242 3239 3243 3237 3237 3243 3234 3241 3245 3246 3246 3245 3247 3240 3245 3241 3248 3249 3244 3244 3249 3243 3243 3249 3234 3234 3249 3240 3247 3250 3251 3251 3250 3252 3245 3250 3247 3240 3253 3245 3249 3253 3240 3248 3253 3249 3254 3253 3248 3255 3253 3254 3245 3253 3250 3252 3256 3257 3250 3256 3252 3255 3258 3253 3253 3258 3250 3259 3258 3255 3260 3258 3259 3257 3261 3262 3256 3261 3257 3262 3261 3263 3250 3264 3256 3260 3264 3258 3258 3264 3250 3265 3264 3260 3261 3266 3263 3263 3266 3267 3267 3266 3268 3256 3269 3261 3265 3269 3264 3270 3269 3265 3271 3269 3270 3264 3269 3256 3268 3272 3273 3266 3272 3268 3271 3274 3269 3269 3274 3261 3261 3274 3266 3275 3274 3271 3276 3274 3275 3273 3277 3278 3278 3277 3279 3272 3277 3273 3274 3280 3266 3266 3280 3272 3272 3280 3277 3276 3280 3274 3281 3280 3276 3279 3282 3283 3283 3282 3284 3277 3282 3279 3277 3285 3282 3280 3285 3277 3281 3285 3280 3286 3285 3281 3287 3285 3286 3284 3288 3289 3282 3288 3284 3287 3290 3285 3291 3290 3287 3292 3290 3291 3285 3290 3282 3288 3293 3289 3289 3293 3294 3294 3293 3295 3292 3296 3290 3282 3296 3288 3290 3296 3282 3297 3296 3292 3288 3296 3293 3295 3298 3299 3299 3298 3300 3293 3298 3295 3301 3302 3297 3303 3302 3301 3296 3302 3293 3297 3302 3296 3300 3304 3305 3298 3304 3300 3293 3306 3298 3302 3306 3293 3307 3306 3303 3308 3306 3307 3303 3306 3302 3304 3309 3305 3305 3309 3310 3310 3309 3311 3308 3312 3306 3298 3312 3304 3306 3312 3298 3313 3312 3308 3311 3314 3315 3315 3314 3316 3309 3314 3311 3304 3317 3309 3313 3317 3312 3309 3317 3314 3312 3317 3304 3318 3317 3313 3319 3317 3318 3314 3320 3316 3316 3320 3321 3319 3322 3317 3317 3322 3314 3323 3322 3319 3324 3322 3323 3320 3325 3321 3321 3325 3326 3326 3325 3327 3314 3328 3320 3324 3328 3322 3322 3328 3314 3329 3328 3324 3325 3330 3327 3327 3330 3331 3331 3330 3332 3320 3333 3325 3329 3333 3328 3334 3333 3329 3335 3333 3334 3328 3333 3320 3332 3336 3337 3330 3336 3332 3335 3338 3333 3325 3338 3330 3333 3338 3325 3339 3338 3335 3340 3338 3339 3336 3341 3337 3337 3341 3342 3342 3341 3343 3338 3344 3330 3330 3344 3336 3340 3344 3338 3345 3344 3340 3341 3346 3343 3343 3346 3347 3347 3346 3348 3344 3349 3336 3345 3349 3344 3350 3349 3345 3351 3349 3350 3336 3349 3341 3346 3352 3348 3348 3352 3353 3341 3354 3346 3351 3354 3349 3355 3354 3351 3356 3354 3355 3349 3354 3341 3353 3357 3358 3358 3357 3359 3352 3357 3353 3354 3360 3346 3346 3360 3352 3356 3360 3354 3361 3360 3356 3359 3362 3363 3357 3362 3359 3360 3364 3352 3352 3364 3357 3365 3364 3361 3366 3364 3365 3361 3364 3360 3362 3367 3363 3363 3367 3368 3368 3367 3369 3357 3370 3362 3364 3370 3357 3366 3370 3364 3371 3370 3366 3367 3372 3369 3369 3372 3373 3373 3372 3374 3362 3375 3367 3370 3375 3362 3371 3375 3370 3376 3375 3371 3377 3375 3376 3372 3378 3374 3374 3378 3379 3377 3380 3375 3375 3380 3367 3381 3380 3377 3382 3380 3381 3367 3380 3372 3378 3383 3379 3379 3383 3384 3384 3383 3385 3378 3386 3383 3372 3386 3378 3380 3386 3372 3382 3386 3380 3387 3386 3382 3383 3388 3385 3385 3388 3389 3389 3388 3390 3387 3391 3386 3386 3391 3383 3392 3391 3387 3393 3391 3392 3388 3394 3390 3390 3394 3395 3396 3397 3393 3398 3397 3396 3393 3397 3391 3391 3397 3383 3383 3397 3388 3394 3399 3395 3395 3399 3400 3400 3399 3401 3402 3403 3398 3388 3403 3394 3398 3403 3397 3397 3403 3388 3394 3403 3399 3399 3404 3401 3401 3404 3405 3405 3404 3406 3407 3408 3402 3409 3408 3407 3402 3408 3403 3403 3408 3399 3406 3410 3411 3404 3410 3406 3412 3413 3409 3414 3413 3412 3409 3413 3408 3408 3413 3399 3399 3413 3404 3411 3415 3416 3416 3415 3417 3410 3415 3411 3418 3419 3414 3414 3419 3413 3413 3419 3404 3404 3419 3410 3417 3420 3421 3421 3420 3422 3415 3420 3417 3423 3424 3418 3425 3424 3423 3418 3424 3419 3410 3424 3415 3419 3424 3410 3422 3426 3427 3420 3426 3422 3424 3428 3415 3429 3428 3425 3430 3428 3429 3425 3428 3424 3415 3428 3420 3426 3431 3427 3427 3431 3432 3432 3431 3433 3420 3434 3426 3430 3434 3428 3435 3434 3430 3428 3434 3420 3431 3436 3433 3433 3436 3437 3437 3436 3438 3434 3439 3426 3440 3439 3435 3426 3439 3431 3441 3439 3440 3435 3439 3434 3436 3442 3438 3438 3442 3443 3439 3444 3431 3445 3444 3441 3446 3444 3445 3441 3444 3439 3431 3444 3436 3442 3447 3443 3443 3447 3448 3448 3447 3449 3436 3450 3442 3451 3450 3446 3444 3450 3436 3446 3450 3444 3447 3452 3449 3449 3452 3453 3453 3452 3454 3455 3456 3451 3457 3456 3455 3451 3456 3450 3450 3456 3442 3442 3456 3447 3452 3458 3454 3454 3458 3459 3460 3461 3457 3462 3461 3460 3457 3461 3456 3456 3461 3447 3447 3461 3452 3458 3463 3459 3459 3463 3464 3464 3463 3465 3466 3467 3462 3452 3467 3458 3461 3467 3452 3462 3467 3461 3463 3468 3465 3465 3468 3469 3469 3468 3470 3471 3472 3466 3473 3472 3471 3466 3472 3467 3467 3472 3458 3458 3472 3463 3468 3474 3470 3470 3474 3475 3476 3477 3473 3478 3477 3476 3473 3477 3472 3472 3477 3463 3463 3477 3468 3475 3479 3480 3480 3479 3481 3474 3479 3475 3482 3483 3478 3478 3483 3477 3468 3483 3474 3477 3483 3468 3481 3484 3485 3485 3484 3486 3479 3484 3481 3487 3488 3482 3489 3488 3487 3474 3488 3479 3482 3488 3483 3483 3488 3474 3486 3490 3491 3484 3490 3486 3492 3493 3489 3494 3493 3492 3489 3493 3488 3479 3493 3484 3488 3493 3479 3491 3495 3496 3496 3495 3497 3490 3495 3491 3498 3499 3494 3484 3499 3490 3493 3499 3484 3494 3499 3493 3497 3500 3501 3501 3500 3502 3495 3500 3497 3503 3504 3498 3505 3504 3503 3490 3504 3495 3499 3504 3490 3498 3504 3499 3502 3506 3507 3500 3506 3502 3508 3509 3505 3510 3509 3508 3505 3509 3504 3495 3509 3500 3504 3509 3495 3507 3511 3512 3512 3511 3513 3506 3511 3507 3514 3515 3510 3510 3515 3509 3500 3515 3506 3509 3515 3500 3513 3516 3517 3517 3516 3518 3511 3516 3513 3515 3519 3506 3506 3519 3511 3520 3519 3514 3521 3519 3520 3514 3519 3515 3518 3522 3523 3516 3522 3518 3511 3524 3516 3521 3524 3519 3525 3524 3521 3526 3524 3525 3519 3524 3511 3523 3527 3528 3528 3527 3529 3522 3527 3523 3516 3530 3522 3526 3530 3524 3524 3530 3516 3531 3530 3526 3529 3532 3533 3533 3532 3534 3527 3532 3529 3530 3535 3522 3522 3535 3527 3531 3535 3530 3536 3535 3531 3537 3535 3536 3534 3538 3539 3532 3538 3534 3527 3540 3532 3537 3540 3535 3535 3540 3527 3541 3540 3537 3542 3540 3541 3539 3543 3544 3544 3543 3545 3538 3543 3539 3540 3546 3532 3532 3546 3538 3542 3546 3540 3547 3546 3542 3543 3548 3545 3545 3548 3549 3549 3548 3550 3538 3551 3543 3546 3551 3538 3547 3551 3546 3552 3551 3547 3553 3551 3552 3550 3554 3161 3548 3554 3550 3161 3554 3156 3543 3555 3548 3551 3555 3543 3553 3555 3551 3556 3555 3553 3557 3555 3556 3554 3558 3156 3156 3558 3160 3555 3558 3548 3548 3558 3554 3557 3558 3555 3162 3558 3557 3160 3558 3162 3559 3520 3560 3561 3520 3559 3560 3520 3514 3560 3510 3562 3514 3510 3560 3563 3521 3561 3561 3521 3520 3562 3508 3564 3510 3508 3562 3565 3525 3563 3563 3525 3521 3564 3505 3566 3508 3505 3564 3567 3526 3565 3565 3526 3525 3566 3503 3568 3505 3503 3566 3567 3531 3526 3568 3498 3569 3503 3498 3568 3570 3536 3567 3571 3536 3570 3567 3536 3531 3498 3494 3569 3572 3494 3573 3569 3494 3572 3571 3537 3536 3494 3492 3573 3571 3541 3537 3574 3541 3571 3573 3489 3575 3492 3489 3573 3489 3576 3575 3577 3542 3574 3574 3542 3541 3489 3487 3576 3487 3578 3576 3577 3547 3542 3579 3547 3577 3579 3580 3547 3487 3482 3578 3580 3552 3547 3482 3478 3578 3578 3478 3581 3580 3553 3552 3582 3553 3580 3478 3476 3581 3581 3476 3583 3584 3556 3582 3582 3556 3553 3476 3585 3583 3476 3473 3585 3586 3557 3584 3584 3557 3556 3473 3471 3585 3585 3471 3587 3588 3162 3586 3586 3162 3557 3471 3466 3587 3587 3466 3589 3588 3590 3162 3590 3158 3162 3466 3462 3589 3589 3462 3591 3592 3159 3590 3590 3159 3158 3462 3460 3591 3591 3460 3593 3592 3594 3159 3594 3168 3159 3593 3457 3595 3460 3457 3593 3594 3596 3168 3596 3173 3168 3457 3455 3595 3595 3455 3597 3596 3598 3173 3598 3175 3173 3455 3599 3597 3455 3451 3599 3600 3179 3598 3598 3179 3175 3451 3446 3599 3599 3446 3601 3600 3602 3179 3602 3180 3179 3446 3445 3601 3601 3445 3603 3604 3185 3602 3602 3185 3180 3445 3605 3603 3445 3441 3605 3606 3189 3604 3604 3189 3185 3441 3440 3605 3605 3440 3607 3606 3608 3189 3608 3191 3189 3440 3435 3607 3607 3435 3609 3610 3195 3608 3608 3195 3191 3435 3611 3609 3435 3430 3611 3612 3196 3610 3610 3196 3195 3430 3429 3611 3611 3429 3613 3612 3614 3196 3614 3201 3196 3429 3615 3613 3429 3425 3615 3616 3206 3614 3614 3206 3201 3425 3423 3615 3615 3423 3617 3616 3618 3206 3618 3207 3206 3617 3418 3619 3423 3418 3617 3618 3620 3207 3620 3211 3207 3619 3414 3621 3418 3414 3619 3620 3212 3211 3620 3622 3212 3412 3623 3414 3414 3623 3621 3622 3624 3212 3212 3624 3217 3412 3409 3623 3409 3625 3623 3624 3222 3217 3624 3626 3222 3409 3407 3625 3407 3627 3625 3626 3628 3222 3222 3628 3223 3407 3402 3627 3402 3629 3627 3628 3630 3223 3223 3630 3227 3402 3631 3629 3398 3631 3402 3630 3632 3227 3227 3632 3228 3398 3633 3631 3396 3633 3398 3632 3634 3228 3228 3634 3233 3396 3635 3633 3393 3635 3396 3233 3636 3238 3634 3636 3233 3393 3637 3635 3392 3637 3393 3636 3239 3238 3636 3638 3239 3392 3639 3637 3387 3639 3392 3638 3242 3239 3638 3640 3242 3387 3382 3639 3382 3641 3639 3242 3642 3244 3640 3642 3242 3382 3643 3641 3381 3643 3382 3642 3248 3244 3642 3644 3248 3381 3645 3643 3377 3645 3381 3644 3254 3248 3644 3646 3254 3377 3376 3645 3376 3647 3645 3254 3648 3255 3646 3648 3254 3376 3649 3647 3371 3649 3376 3648 3650 3255 3255 3650 3259 3371 3651 3649 3366 3651 3371 3650 3652 3259 3259 3652 3260 3366 3653 3651 3365 3653 3366 3652 3654 3260 3260 3654 3265 3365 3361 3653 3361 3655 3653 3654 3656 3265 3265 3656 3270 3361 3356 3655 3356 3657 3655 3656 3658 3270 3270 3658 3271 3356 3659 3657 3355 3659 3356 3355 3351 3659 3658 3660 3271 3271 3660 3275 3660 3276 3275 3351 3661 3659 3660 3662 3276 3662 3281 3276 3351 3663 3661 3350 3663 3351 3662 3664 3281 3350 3665 3663 3345 3665 3350 3345 3340 3665 3664 3666 3281 3281 3666 3286 3340 3667 3665 3286 3668 3287 3666 3668 3286 3339 3669 3340 3340 3669 3667 3339 3335 3669 3287 3670 3291 3668 3670 3287 3335 3671 3669 3670 3672 3291 3291 3672 3292 3335 3673 3671 3329 3673 3334 3334 3673 3335 3672 3674 3292 3292 3674 3297 3329 3675 3673 3674 3676 3297 3297 3676 3301 3324 3677 3329 3329 3677 3675 3676 3678 3301 3301 3678 3303 3324 3679 3677 3319 3679 3323 3323 3679 3324 3678 3680 3303 3303 3680 3307 3319 3681 3679 3680 3682 3307 3307 3682 3308 3319 3683 3681 3318 3683 3319 3682 3684 3308 3318 3684 3683 3308 3684 3313 3313 3684 3318 3685 3686 3687 3687 3686 3688 3685 3689 3686 3686 3690 3688 3685 3691 3689 3692 3691 3685 3688 3693 3694 3690 3693 3688 3695 3696 3692 3692 3696 3691 3693 3697 3694 3694 3697 3698 3698 3697 3699 3700 3701 3702 3702 3701 3695 3695 3701 3696 3699 3703 3704 3697 3703 3699 3705 3706 3700 3700 3706 3701 3703 3707 3704 3704 3707 3708 3705 3709 3706 3707 3710 3708 3711 3712 3713 3713 3712 3705 3705 3712 3709 3708 3714 3715 3710 3714 3708 3711 3716 3712 3714 3717 3715 3715 3717 3718 3719 3720 3711 3711 3720 3716 3717 3721 3718 3718 3721 3722 3719 3723 3720 3724 3723 3719 3721 3725 3722 3722 3725 3726 3726 3725 3727 3724 3728 3723 3729 3728 3724 3725 3730 3727 3727 3730 3731 3729 3732 3728 3733 3732 3734 3734 3732 3729 3730 3735 3731 3733 3736 3732 3735 3737 3731 3731 3737 3738 3733 3739 3736 3740 3739 3741 3741 3739 3733 3737 3742 3738 3738 3742 3743 3740 3744 3739 3742 3745 3743 3743 3745 3746 3747 3748 3749 3749 3748 3740 3740 3748 3744 3745 3750 3746 3746 3750 3751 3747 3752 3748 3750 3753 3751 3751 3753 3754 3755 3756 3757 3757 3756 3747 3747 3756 3752 3754 3758 3759 3753 3758 3754 3755 3760 3756 3758 3761 3759 3759 3761 3762 3763 3764 3755 3755 3764 3760 3761 3765 3762 3762 3765 3766 3763 3767 3764 3768 3767 3763 3765 3769 3766 3766 3769 3770 3768 3771 3767 3772 3771 3768 3770 3773 3774 3769 3773 3770 3772 3775 3771 3776 3775 3772 3774 3777 3778 3773 3777 3774 3776 3779 3775 3780 3779 3776 3778 3781 3782 3777 3781 3778 3780 3783 3779 3783 3784 3779 3782 3785 3786 3781 3785 3782 3783 3787 3784 3788 3787 3783 3786 3789 3790 3785 3789 3786 3791 3792 3788 3788 3792 3787 3790 3793 3794 3789 3793 3790 3791 3795 3792 3795 3796 3792 3793 3797 3794 3793 3798 3797 3799 3800 3795 3795 3800 3796 3797 3801 3802 3798 3801 3797 3803 3804 3799 3799 3804 3800 3802 3805 3806 3801 3805 3802 3803 3807 3804 3807 3808 3804 3806 3809 3810 3805 3809 3806 3808 3811 3812 3807 3811 3808 3813 3814 3809 3809 3814 3810 3811 3815 3812 3812 3815 3816 3813 3817 3814 3817 3818 3814 3815 3819 3816 3815 3820 3819 3817 3821 3818 3822 3821 3817 3820 3823 3819 3819 3823 3824 3822 3825 3821 3825 3826 3821 3823 3827 3824 3824 3827 3828 3825 3829 3826 3829 3830 3826 3827 3831 3828 3827 3832 3831 3829 3833 3830 3833 3834 3830 3832 3835 3831 3831 3835 3836 3837 3838 3833 3833 3838 3834 3835 3839 3836 3836 3839 3840 3839 3841 3840 3842 3843 3837 3837 3843 3838 3842 3844 3843 3839 3845 3841 3844 3846 3843 3841 3847 3848 3845 3847 3841 3849 3850 3844 3844 3850 3846 3849 3851 3850 3848 3852 3853 3847 3852 3848 3851 3854 3850 3851 3855 3854 3853 3856 3857 3852 3856 3853 3856 3858 3857 3855 3859 3854 3855 3860 3859 3856 3861 3858 3860 3862 3859 3861 3863 3858 3858 3863 3864 3860 3865 3862 3866 3865 3860 3867 3865 3866 3863 3868 3864 3864 3868 3869 3867 3870 3865 3868 3871 3869 3872 3871 3873 3869 3871 3872 3867 3874 3870 3875 3874 3867 3871 3876 3873 3875 3877 3874 3878 3877 3875 3876 3879 3873 3873 3879 3880 3881 3882 3878 3878 3882 3877 3879 3883 3880 3880 3883 3884 3885 3886 3881 3881 3886 3882 3884 3887 3888 3883 3887 3884 3889 3890 3885 3885 3890 3886 3888 3891 3892 3887 3891 3888 3893 3894 3889 3889 3894 3890 3891 3895 3892 3892 3895 3896 3897 3898 3893 3893 3898 3894 3896 3899 3900 3895 3899 3896 3901 3902 3897 3897 3902 3898 3903 3904 3905 3900 3904 3903 3899 3904 3900 3906 3907 3901 3901 3907 3902 3904 3908 3905 3906 3909 3907 3910 3909 3906 3908 3911 3905 3905 3911 3912 3913 3914 3910 3915 3914 3913 3910 3914 3909 3911 3916 3912 3912 3916 3917 3915 3918 3914 3916 3919 3917 3917 3919 3920 3915 3921 3918 3922 3921 3915 3919 3923 3920 3920 3923 3924 3925 3926 3922 3922 3926 3921 3923 3927 3924 3928 3927 3929 3924 3927 3928 3925 3930 3926 3931 3930 3925 3927 3932 3929 3933 3934 3931 3935 3934 3933 3931 3934 3930 3935 3936 3934 3929 3936 3935 3932 3936 3929 3878 3875 3937 3878 3937 3938 3881 3938 3939 3881 3878 3938 3885 3939 3940 3885 3881 3939 3889 3940 3941 3889 3885 3940 3893 3941 3942 3893 3889 3941 3897 3942 3943 3897 3943 3944 3897 3893 3942 3901 3897 3944 3906 3944 3945 3906 3901 3944 3910 3945 3946 3910 3906 3945 3913 3946 3947 3913 3910 3946 3915 3947 3948 3915 3913 3947 3922 3915 3948 3922 3948 3949 3922 3949 3950 3925 3922 3950 3931 3925 3950 3931 3950 3951 3933 3931 3951 3933 3951 3952 3935 3933 3952 3935 3952 3953 3929 3935 3953 3929 3953 3954 3929 3954 3955 3928 3929 3955 3924 3928 3955 3924 3955 3956 3920 3924 3956 3920 3956 3957 3917 3920 3957 3917 3957 3958 3912 3917 3958 3912 3958 3959 3905 3959 3960 3905 3912 3959 3903 3960 3961 3903 3905 3960 3900 3903 3961 3900 3961 3962 3900 3962 3963 3896 3900 3963 3892 3963 3964 3892 3896 3963 3888 3964 3965 3888 3892 3964 3884 3965 3966 3884 3888 3965 3880 3966 3967 3880 3884 3966 3873 3967 3968 3873 3880 3967 3872 3968 3969 3872 3873 3968 3869 3969 3970 3869 3872 3969 3864 3970 3971 3864 3869 3970 3858 3971 3972 3858 3864 3971 3857 3972 3973 3857 3858 3972 3853 3857 3973 3853 3973 3974 3848 3853 3974 3848 3974 3975 3848 3975 3976 3841 3848 3976 3841 3976 3977 3840 3841 3977 3840 3977 3978 3836 3840 3978 3831 3836 3978 3831 3978 3979 3828 3831 3979 3828 3979 3980 3828 3980 3981 3824 3828 3981 3824 3981 3982 3819 3824 3982 3816 3819 3982 3816 3982 3983 3812 3816 3983 3812 3983 3984 3812 3984 3985 3808 3812 3985 3808 3985 3986 3804 3808 3986 3800 3804 3986 3800 3986 3987 3800 3987 3988 3796 3800 3988 3792 3796 3988 3792 3988 3989 3792 3989 3990 3787 3792 3990 3784 3787 3990 3784 3990 3991 3779 3784 3991 3779 3991 3992 3775 3779 3992 3775 3992 3993 3771 3993 3994 3771 3775 3993 3767 3994 3995 3767 3771 3994 3764 3995 3996 3764 3767 3995 3760 3996 3997 3760 3764 3996 3756 3997 3998 3756 3760 3997 3752 3756 3998 3752 3998 3999 3748 3752 3999 3748 3999 4000 3744 3748 4000 3744 4000 4001 3739 3744 4001 3739 4001 4002 3736 3739 4002 3736 4002 4003 3732 3736 4003 3732 4003 4004 3728 3732 4004 3728 4004 4005 3723 3728 4005 3723 4005 4006 3720 3723 4006 3720 4006 4007 3716 3720 4007 3716 4007 4008 3712 3716 4008 3712 4008 4009 3709 3712 4009 3709 4009 4010 3706 3709 4010 3706 4010 4011 3701 4011 4012 3701 3706 4011 3696 4012 4013 3696 3701 4012 3691 4013 4014 3691 4014 4015 3691 3696 4013 3689 3691 4015 3686 4015 4016 3686 3689 4015 3690 4016 4017 3690 4017 4018 3690 3686 4016 3693 4018 4019 3693 3690 4018 3697 4019 4020 3697 3693 4019 3703 3697 4020 3707 4020 4021 3707 3703 4020 3710 4021 4022 3710 4022 4023 3710 3707 4021 3714 3710 4023 3717 3714 4023 3717 4023 4024 3721 3717 4024 3721 4024 4025 3725 3721 4025 3725 4025 4026 3730 3725 4026 3730 4026 4027 3735 4027 4028 3735 3730 4027 3737 4028 4029 3737 3735 4028 3742 4029 4030 3742 3737 4029 3745 4030 4031 3745 3742 4030 3750 4031 4032 3750 4032 4033 3750 3745 4031 3753 3750 4033 3753 4033 4034 3758 3753 4034 3761 4034 4035 3761 3758 4034 3765 4035 4036 3765 3761 4035 3769 4036 4037 3769 3765 4036 3773 4037 4038 3773 3769 4037 3777 4038 4039 3777 3773 4038 3781 4039 4040 3781 3777 4039 3785 4040 4041 3785 4041 4042 3785 3781 4040 3789 3785 4042 3793 4042 4043 3793 3789 4042 3798 4043 4044 3798 3793 4043 3801 4044 4045 3801 3798 4044 3805 4045 4046 3805 3801 4045 3809 4046 4047 3809 3805 4046 3813 4047 4048 3813 3809 4047 3817 4048 4049 3817 3813 4048 3822 3817 4049 3822 4049 4050 3825 3822 4050 3825 4050 4051 3829 3825 4051 3829 4051 4052 3829 4052 4053 3833 3829 4053 3837 3833 4053 3837 4053 4054 3842 3837 4054 3842 4054 4055 3844 3842 4055 3844 4055 4056 3849 3844 4056 3849 4056 4057 3851 3849 4057 3851 4057 4058 3855 3851 4058 3855 4058 4059 3860 3855 4059 3860 4059 4060 3860 4060 4061 3866 3860 4061 3866 4061 4062 3867 4062 3937 3867 3866 4062 3875 3867 3937 4063 4064 4065 4065 4064 4066 4067 4068 4069 4064 4070 4071 4068 4072 4069 4064 4073 4070 4074 4075 4072 4073 4076 4077 4072 4078 4069 4075 4078 4072 4079 4078 4075 4063 4080 4064 4064 4080 4073 4073 4080 4076 4069 4080 4063 4076 4080 4081 4081 4080 4082 4082 4080 4083 4083 4080 4084 4085 4086 4087 4087 4086 4088 4089 4090 4086 4086 4090 4088 4091 4092 4093 4078 4094 4069 4095 4094 4096 4096 4094 4090 4088 4094 4097 4097 4094 4078 4069 4094 4080 4090 4094 4088 4080 4094 4098 4092 4099 4100 4100 4099 4101 4092 4102 4099 4098 4102 4091 4091 4102 4092 4102 4103 4104 4102 4105 4103 4106 4107 4108 4108 4107 4109 4109 4107 4110 4110 4107 4094 4107 4111 4094 4112 4111 4107 4113 4114 4115 4094 4116 4098 4111 4116 4094 4105 4117 4113 4113 4117 4114 4105 4118 4117 4119 4120 4116 4120 4121 4116 4122 4121 4120 4118 4123 4124 4124 4123 4125 4125 4123 4126 4098 4127 4102 4116 4127 4098 4121 4127 4116 4128 4127 4121 4118 4129 4123 4129 4130 4131 4131 4130 4132 4105 4130 4118 4118 4130 4129 4133 4134 4135 4135 4134 4136 4134 4137 4136 4130 4138 4139 4140 4141 4137 4138 4142 4143 4141 4144 4137 4136 4145 4127 4137 4145 4136 4144 4145 4137 4142 4146 4147 4102 4146 4105 4147 4146 4148 4148 4146 4149 4105 4146 4130 4130 4146 4138 4138 4146 4142 4150 4151 4152 4152 4151 4145 4151 4153 4145 4154 4153 4151 4155 4156 4157 4158 4159 4153 4127 4159 4102 4153 4159 4145 4145 4159 4127 4155 4160 4156 4146 4160 4161 4161 4160 4155 4162 4163 4164 4165 4166 4167 4167 4166 4168 4168 4166 4159 4160 4169 4162 4146 4169 4160 4162 4169 4163 4146 4170 4169 4171 4172 4166 4166 4172 4159 4170 4173 4174 4146 4173 4170 4175 4176 4177 4177 4176 4172 4173 4178 4179 4173 4180 4178 4181 4182 4176 4176 4182 4172 4182 4183 4172 4172 4184 4159 4183 4184 4172 4180 4185 4186 4186 4185 4187 4159 4188 4102 4146 4188 4173 4173 4188 4180 4180 4188 4185 4184 4188 4159 4102 4188 4146</p>
        </triangles>
      </mesh>
    </geometry>
    <geometry id="geometry_5fd12e26_04d8_4592_8741_62115054a374">
      <mesh>
        <source id="pos_2">
          <float_array id="pos_2-array" count="756">-62.217 57.729 152.4 -6.982 6.479 152.4 -59.262 60.758 152.4 -6.651 6.819 152.4 -56.159 63.636 152.4 -6.303 7.142 152.4 -52.918 66.357 152.4 -65.017 54.556 152.4 -7.297 6.123 152.4 -5.939 7.447 152.4 -67.655 51.247 152.4 -7.593 5.751 152.4 -5.56 7.734 152.4 -49.544 68.912 152.4 -70.126 47.811 152.4 -7.87 5.366 152.4 -5.168 8.001 152.4 -46.048 71.296 152.4 -72.422 44.256 152.4 -8.128 4.967 152.4 -4.762 8.249 152.4 -42.437 73.502 152.4 -8.365 4.555 152.4 -74.538 40.591 152.4 -38.72 75.526 152.4 -4.345 8.476 152.4 -34.907 77.363 152.4 -76.468 36.825 152.4 -8.582 4.133 152.4 -3.918 8.682 152.4 -78.209 32.968 152.4 -8.777 3.7 152.4 -3.48 8.867 152.4 -31.008 79.006 152.4 -79.755 29.028 152.4 -8.951 3.258 152.4 -3.034 9.029 152.4 -27.031 80.454 152.4 -81.103 25.017 152.4 -9.102 2.808 152.4 -2.58 9.169 152.4 -22.987 81.701 152.4 -82.249 20.943 152.4 -9.23 2.35 152.4 -2.12 9.286 152.4 -18.886 82.745 152.4 -14.738 83.584 152.4 -9.336 1.887 152.4 -83.19 16.817 152.4 -1.654 9.38 152.4 -83.925 12.65 152.4 -9.419 1.42 152.4 -1.184 9.451 152.4 -10.553 84.215 152.4 -6.343 84.636 152.4 -84.452 8.451 152.4 -9.478 0.948 152.4 -0.712 9.498 152.4 -9.513 0.475 152.4 -84.768 4.231 152.4 -0.237 9.522 152.4 -2.116 84.847 152.4 2.116 84.847 152.4 -9.525 0 152.4 -84.873 0 152.4 0.237 9.522 152.4 6.343 84.636 152.4 -84.768 -4.231 152.4 -9.513 -0.475 152.4 0.712 9.498 152.4 -84.452 -8.451 152.4 -9.478 -0.948 152.4 1.184 9.451 152.4 10.553 84.215 152.4 14.738 83.584 152.4 -83.925 -12.65 152.4 -9.419 -1.42 152.4 1.654 9.38 152.4 -83.19 -16.817 152.4 -9.336 -1.887 152.4 2.12 9.286 152.4 18.886 82.745 152.4 22.987 81.701 152.4 -82.249 -20.943 152.4 -9.23 -2.35 152.4 2.58 9.169 152.4 -81.103 -25.017 152.4 -9.102 -2.808 152.4 3.034 9.029 152.4 27.031 80.454 152.4 -79.755 -29.028 152.4 -8.951 -3.258 152.4 3.48 8.867 152.4 31.008 79.006 152.4 -78.209 -32.968 152.4 -8.777 -3.7 152.4 3.918 8.682 152.4 34.907 77.363 152.4 -76.468 -36.825 152.4 -8.582 -4.133 152.4 4.345 8.476 152.4 38.72 75.526 152.4 42.437 73.502 152.4 -74.538 -40.591 152.4 -8.365 -4.555 152.4 4.762 8.249 152.4 -72.422 -44.256 152.4 -8.128 -4.967 152.4 5.168 8.001 152.4 46.048 71.296 152.4 -70.126 -47.811 152.4 -7.87 -5.366 152.4 5.56 7.734 152.4 49.544 68.912 152.4 -67.655 -51.247 152.4 -7.593 -5.751 152.4 5.939 7.447 152.4 52.918 66.357 152.4 -7.297 -6.123 152.4 -65.017 -54.556 152.4 6.303 7.142 152.4 56.159 63.636 152.4 -62.217 -57.729 152.4 -6.982 -6.479 152.4 6.651 6.819 152.4 59.262 60.758 152.4 -6.651 -6.819 152.4 -59.262 -60.758 152.4 -6.303 -7.142 152.4 62.217 57.729 152.4 6.982 6.479 152.4 -56.159 -63.636 152.4 65.017 54.556 152.4 7.297 6.123 152.4 -52.918 -66.357 152.4 -5.939 -7.447 152.4 67.655 51.247 152.4 7.593 5.751 152.4 7.87 5.366 152.4 -49.544 -68.912 152.4 -5.56 -7.734 152.4 70.126 47.811 152.4 -46.048 -71.296 152.4 -5.168 -8.001 152.4 72.422 44.256 152.4 8.128 4.967 152.4 -42.437 -73.502 152.4 -4.762 -8.249 152.4 8.365 4.555 152.4 74.538 40.591 152.4 -38.72 -75.526 152.4 -4.345 -8.476 152.4 76.468 36.825 152.4 8.582 4.133 152.4 -34.907 -77.363 152.4 -3.918 -8.682 152.4 8.777 3.7 152.4 78.209 32.968 152.4 8.951 3.258 152.4 -31.008 -79.006 152.4 -3.48 -8.867 152.4 -3.034 -9.029 152.4 79.755 29.028 152.4 -27.031 -80.454 152.4 81.103 25.017 152.4 9.102 2.808 152.4 -22.987 -81.701 152.4 -2.58 -9.169 152.4 -2.12 -9.286 152.4 82.249 20.943 152.4 9.23 2.35 152.4 9.336 1.887 152.4 -18.886 -82.745 152.4 83.19 16.817 152.4 -14.738 -83.584 152.4 -1.654 -9.38 152.4 83.925 12.65 152.4 9.419 1.42 152.4 -1.184 -9.451 152.4 -10.553 -84.215 152.4 -0.712 -9.498 152.4 84.452 8.451 152.4 9.478 0.948 152.4 -6.343 -84.636 152.4 84.768 4.231 152.4 9.513 0.475 152.4 -0.237 -9.522 152.4 -2.116 -84.847 152.4 0.237 -9.522 152.4 84.873 0 152.4 9.525 -0 152.4 9.513 -0.475 152.4 2.116 -84.847 152.4 84.768 -4.231 152.4 6.343 -84.636 152.4 0.712 -9.498 152.4 84.452 -8.451 152.4 9.478 -0.948 152.4 1.184 -9.451 152.4 10.553 -84.215 152.4 1.654 -9.38 152.4 83.925 -12.65 152.4 9.419 -1.42 152.4 9.336 -1.887 152.4 14.738 -83.584 152.4 83.19 -16.817 152.4 18.886 -82.745 152.4 2.12 -9.286 152.4 9.23 -2.35 152.4 82.249 -20.943 152.4 22.987 -81.701 152.4 2.58 -9.169 152.4 81.103 -25.017 152.4 9.102 -2.808 152.4 3.034 -9.029 152.4 27.031 -80.454 152.4 3.48 -8.867 152.4 79.755 -29.028 152.4 8.951 -3.258 152.4 31.008 -79.006 152.4 78.209 -32.968 152.4 8.777 -3.7 152.4 3.918 -8.682 152.4 34.907 -77.363 152.4 4.345 -8.476 152.4 76.468 -36.825 152.4 8.582 -4.133 152.4 8.365 -4.555 152.4 38.72 -75.526 152.4 74.538 -40.591 152.4 42.437 -73.502 152.4 4.762 -8.249 152.4 72.422 -44.256 152.4 8.128 -4.967 152.4 5.168 -8.001 152.4 46.048 -71.296 152.4 5.56 -7.734 152.4 70.126 -47.811 152.4 7.87 -5.366 152.4 49.544 -68.912 152.4 5.939 -7.447 152.4 7.593 -5.751 152.4 67.655 -51.247 152.4 52.918 -66.357 152.4 7.297 -6.123 152.4 65.017 -54.556 152.4 6.303 -7.142 152.4 56.159 -63.636 152.4 6.651 -6.819 152.4 6.982 -6.479 152.4 62.217 -57.729 152.4 59.262 -60.758 152.4</float_array>
          <technique_common>
            <accessor source="#pos_2-array" count="756" stride="3">
              <param name="X" type="float"/>
              <param name="Y" type="float"/>
              <param name="Z" type="float"/>
            </accessor>
          </technique_common>
        </source>
        <vertices id="vert_2">
          <input semantic="POSITION" source="#pos_2"/>
        </vertices>
        <triangles count="252" material="mat_2">
          <input semantic="VERTEX" source="#vert_2" offset="0"/>
          <p>0 1 2 2 1 3 4 5 6 2 5 4 3 5 2 7 8 0 0 8 1 5 9 6 10 11 7 7 11 8 6 12 13 9 12 6 14 15 10 10 15 11 13 16 17 12 16 13 18 19 14 14 19 15 17 20 21 16 20 17 18 22 19 23 22 18 24 25 26 21 25 24 20 25 21 27 28 23 23 28 22 25 29 26 30 31 27 27 31 28 26 32 33 29 32 26 34 35 30 30 35 31 33 36 37 32 36 33 38 39 34 34 39 35 37 40 41 36 40 37 42 43 38 38 43 39 40 44 41 45 44 46 41 44 45 42 47 43 48 47 42 44 49 46 50 51 48 48 51 47 49 52 46 53 52 54 46 52 53 55 56 50 50 56 51 52 57 54 55 58 56 59 58 55 57 60 54 61 60 62 54 60 61 59 63 58 64 63 59 60 65 62 62 65 66 67 68 64 64 68 63 65 69 66 70 71 67 67 71 68 69 72 66 73 72 74 66 72 73 75 76 70 70 76 71 72 77 74 78 79 75 75 79 76 77 80 74 81 80 82 74 80 81 83 84 78 78 84 79 80 85 82 86 87 83 83 87 84 85 88 82 82 88 89 90 91 86 86 91 87 88 92 89 89 92 93 94 95 90 90 95 91 92 96 93 93 96 97 98 99 94 94 99 95 96 100 97 101 100 102 97 100 101 103 104 98 98 104 99 100 105 102 106 107 103 103 107 104 105 108 102 102 108 109 110 111 106 106 111 107 109 112 113 108 112 109 114 115 110 110 115 111 113 116 117 112 116 113 114 118 115 119 118 114 117 120 121 116 120 117 122 123 119 119 123 118 121 124 125 120 124 121 126 127 128 123 127 126 122 127 123 124 129 125 130 129 124 127 131 128 130 132 129 133 132 130 128 134 135 131 134 128 133 136 132 137 136 133 138 136 137 135 139 140 134 139 135 138 141 136 140 142 143 139 142 140 138 144 141 145 144 138 143 146 147 142 146 143 148 149 145 145 149 144 147 150 151 146 150 147 148 152 149 153 152 148 151 154 155 150 154 151 156 157 153 158 157 156 153 157 152 154 159 155 160 159 161 155 159 160 158 162 157 159 163 161 158 164 162 165 164 158 163 166 161 167 166 168 161 166 167 165 169 164 170 169 165 171 169 170 166 172 168 171 173 169 172 174 168 168 174 175 171 176 173 177 176 171 178 179 180 175 179 178 174 179 175 177 181 176 182 181 177 179 183 180 182 184 181 185 184 182 186 187 188 180 187 186 183 187 180 185 189 184 190 189 185 191 189 190 187 192 188 191 193 189 188 194 195 192 194 188 191 196 193 197 196 191 198 199 200 195 199 198 194 199 195 197 201 196 202 201 197 203 201 202 199 204 200 203 205 201 204 206 200 200 206 207 208 209 203 203 209 205 206 210 207 207 210 211 208 212 209 213 212 208 214 215 216 211 215 214 210 215 211 213 217 212 218 217 213 215 219 216 218 220 217 221 220 218 222 223 224 216 223 222 219 223 216 221 225 220 226 225 221 227 225 226 223 228 224 227 229 225 224 230 231 228 230 224 227 232 229 233 232 227 234 235 236 231 235 234 230 235 231 233 237 232 238 237 233 236 239 240 235 239 236 241 242 238 238 242 237 239 243 240 244 245 241 241 245 242 246 247 248 240 247 246 243 247 240 249 250 244 248 250 249 244 250 245 247 251 248 248 251 250</p>
        </triangles>
      </mesh>
    </geometry>
    <geometry id="geometry_293aff0b_dee9_45ea_8ca7_e1c56a6d7308">
      <mesh>
        <source id="pos_3">
          <float_array id="pos_3-array" count="3738">-55.859 51.829 25.4 -48.772 50.003 25.4 -53.206 54.549 25.4 -58.373 48.98 25.4 -51.204 47.51 25.4 -46.219 52.372 25.4 -50.42 57.133 25.4 -53.508 44.899 25.4 -43.551 54.611 25.4 -47.51 59.576 25.4 -60.741 46.01 25.4 -55.68 42.176 25.4 -44.481 61.87 25.4 -40.774 56.714 25.4 -41.342 64.01 25.4 -62.959 42.925 25.4 -57.713 39.348 25.4 -37.897 58.676 25.4 -59.602 36.422 25.4 -65.021 39.733 25.4 -34.925 60.492 25.4 -38.1 65.991 25.4 -66.92 36.443 25.4 -61.344 33.406 25.4 -68.654 33.062 25.4 -31.866 62.158 25.4 -34.763 67.808 25.4 -62.933 30.307 25.4 -31.34 69.457 25.4 -28.728 63.669 25.4 -27.839 70.933 25.4 -70.216 29.599 25.4 -64.365 27.132 25.4 -71.605 26.062 25.4 -25.519 65.022 25.4 -65.638 23.89 25.4 -72.815 22.46 25.4 -22.246 66.213 25.4 -24.269 72.232 25.4 -66.747 20.589 25.4 -18.918 67.239 25.4 -20.638 73.352 25.4 -67.69 17.236 25.4 -73.844 18.803 25.4 -74.689 15.099 25.4 -15.543 68.099 25.4 -16.956 74.29 25.4 -68.465 13.841 25.4 -12.129 68.789 25.4 -13.232 75.042 25.4 -75.349 11.357 25.4 -69.07 10.411 25.4 -8.685 69.308 25.4 -9.475 75.609 25.4 -75.821 7.587 25.4 -69.503 6.955 25.4 -5.22 69.655 25.4 -5.694 75.987 25.4 -76.105 3.798 25.4 -69.763 3.482 25.4 -76.2 0 25.4 -1.741 69.828 25.4 -1.9 76.176 25.4 -76.105 -3.798 25.4 -69.85 0 25.4 1.741 69.828 25.4 1.9 76.176 25.4 5.694 75.987 25.4 -69.763 -3.482 25.4 5.22 69.655 25.4 -75.821 -7.587 25.4 -69.503 -6.955 25.4 8.685 69.308 25.4 9.475 75.609 25.4 -75.349 -11.357 25.4 -69.07 -10.411 25.4 -74.689 -15.099 25.4 12.129 68.789 25.4 13.232 75.042 25.4 -68.465 -13.841 25.4 15.543 68.099 25.4 16.956 74.29 25.4 -73.844 -18.803 25.4 -67.69 -17.236 25.4 18.918 67.239 25.4 20.638 73.352 25.4 -72.815 -22.46 25.4 -66.747 -20.589 25.4 -71.605 -26.062 25.4 22.246 66.213 25.4 24.269 72.232 25.4 -65.638 -23.89 25.4 -70.216 -29.599 25.4 25.519 65.022 25.4 27.839 70.933 25.4 -64.365 -27.132 25.4 -68.654 -33.062 25.4 28.728 63.669 25.4 31.34 69.457 25.4 -62.933 -30.307 25.4 31.866 62.158 25.4 34.763 67.808 25.4 -66.92 -36.443 25.4 -61.344 -33.406 25.4 38.1 65.991 25.4 34.925 60.492 25.4 -65.021 -39.733 25.4 -59.602 -36.422 25.4 37.897 58.676 25.4 41.342 64.01 25.4 -62.959 -42.925 25.4 -57.713 -39.348 25.4 44.481 61.87 25.4 40.774 56.714 25.4 -60.741 -46.01 25.4 -55.68 -42.176 25.4 43.551 54.611 25.4 47.51 59.576 25.4 -58.373 -48.98 25.4 -53.508 -44.899 25.4 50.42 57.133 25.4 46.219 52.372 25.4 -55.859 -51.829 25.4 -51.204 -47.51 25.4 48.772 50.003 25.4 53.206 54.549 25.4 -53.206 -54.549 25.4 -48.772 -50.003 25.4 51.204 47.51 25.4 55.859 51.829 25.4 -50.42 -57.133 25.4 -46.219 -52.372 25.4 53.508 44.899 25.4 58.373 48.98 25.4 -43.551 -54.611 25.4 -47.51 -59.576 25.4 55.68 42.176 25.4 60.741 46.01 25.4 -44.481 -61.87 25.4 -40.774 -56.714 25.4 57.713 39.348 25.4 62.959 42.925 25.4 -41.342 -64.01 25.4 -37.897 -58.676 25.4 65.021 39.733 25.4 59.602 36.422 25.4 -38.1 -65.991 25.4 -34.925 -60.492 25.4 61.344 33.406 25.4 -31.866 -62.158 25.4 66.92 36.443 25.4 62.933 30.307 25.4 -34.763 -67.808 25.4 68.654 33.062 25.4 64.365 27.132 25.4 -31.34 -69.457 25.4 -28.728 -63.669 25.4 -25.519 -65.022 25.4 70.216 29.599 25.4 65.638 23.89 25.4 -27.839 -70.933 25.4 71.605 26.062 25.4 -24.269 -72.232 25.4 -22.246 -66.213 25.4 72.815 22.46 25.4 66.747 20.589 25.4 67.69 17.236 25.4 -20.638 -73.352 25.4 -18.918 -67.239 25.4 73.844 18.803 25.4 -16.956 -74.29 25.4 -15.543 -68.099 25.4 74.689 15.099 25.4 69.07 10.411 25.4 68.465 13.841 25.4 -13.232 -75.042 25.4 -12.129 -68.789 25.4 75.349 11.357 25.4 -9.475 -75.609 25.4 -8.685 -69.308 25.4 75.821 7.587 25.4 69.763 3.482 25.4 69.503 6.955 25.4 -5.694 -75.987 25.4 -5.22 -69.655 25.4 -1.741 -69.828 25.4 76.105 3.798 25.4 -1.9 -76.176 25.4 1.741 -69.828 25.4 69.85 0 25.4 76.2 0 25.4 1.9 -76.176 25.4 5.22 -69.655 25.4 76.105 -3.798 25.4 69.763 -3.482 25.4 5.694 -75.987 25.4 75.821 -7.587 25.4 69.07 -10.411 25.4 69.503 -6.955 25.4 9.475 -75.609 25.4 8.685 -69.308 25.4 75.349 -11.357 25.4 13.232 -75.042 25.4 12.129 -68.789 25.4 74.689 -15.099 25.4 68.465 -13.841 25.4 16.956 -74.29 25.4 15.543 -68.099 25.4 18.918 -67.239 25.4 73.844 -18.803 25.4 67.69 -17.236 25.4 20.638 -73.352 25.4 22.246 -66.213 25.4 65.638 -23.89 25.4 72.815 -22.46 25.4 66.747 -20.589 25.4 24.269 -72.232 25.4 71.605 -26.062 25.4 27.839 -70.933 25.4 25.519 -65.022 25.4 70.216 -29.599 25.4 62.933 -30.307 25.4 64.365 -27.132 25.4 31.34 -69.457 25.4 28.728 -63.669 25.4 31.866 -62.158 25.4 68.654 -33.062 25.4 61.344 -33.406 25.4 34.763 -67.808 25.4 66.92 -36.443 25.4 38.1 -65.991 25.4 34.925 -60.492 25.4 65.021 -39.733 25.4 59.602 -36.422 25.4 41.342 -64.01 25.4 37.897 -58.676 25.4 62.959 -42.925 25.4 57.713 -39.348 25.4 44.481 -61.87 25.4 40.774 -56.714 25.4 60.741 -46.01 25.4 55.68 -42.176 25.4 47.51 -59.576 25.4 43.551 -54.611 25.4 46.219 -52.372 25.4 58.373 -48.98 25.4 53.508 -44.899 25.4 50.42 -57.133 25.4 55.859 -51.829 25.4 51.204 -47.51 25.4 53.206 -54.549 25.4 48.772 -50.003 25.4 -76.2 0 0 -76.105 -3.798 0 -75.821 -7.587 0 -75.349 -11.357 0 -74.689 -15.099 0 -73.844 -18.803 0 -72.815 -22.46 0 -71.605 -26.062 0 -70.216 -29.599 0 -68.654 -33.062 0 -66.92 -36.443 0 -65.021 -39.733 0 -62.959 -42.925 0 -60.741 -46.01 0 -58.373 -48.98 0 -55.859 -51.829 0 -53.206 -54.549 0 -50.42 -57.133 0 -47.51 -59.576 0 -44.481 -61.87 0 -41.342 -64.01 0 -38.1 -65.991 0 -34.763 -67.808 0 -31.34 -69.457 0 -27.839 -70.933 0 -24.269 -72.232 0 -20.638 -73.352 0 -16.956 -74.29 0 -13.232 -75.042 0 -9.475 -75.609 0 -5.694 -75.987 0 -1.9 -76.176 0 1.9 -76.176 0 5.694 -75.987 0 9.475 -75.609 0 13.232 -75.042 0 16.956 -74.29 0 20.638 -73.352 0 24.269 -72.232 0 27.839 -70.933 0 31.34 -69.457 0 34.763 -67.808 0 38.1 -65.991 0 41.342 -64.01 0 44.481 -61.87 0 47.51 -59.576 0 50.42 -57.133 0 53.206 -54.549 0 55.859 -51.829 0 58.373 -48.98 0 60.741 -46.01 0 62.959 -42.925 0 65.021 -39.733 0 66.92 -36.443 0 68.654 -33.062 0 70.216 -29.599 0 71.605 -26.062 0 72.815 -22.46 0 73.844 -18.803 0 74.689 -15.099 0 75.349 -11.357 0 75.821 -7.587 0 76.105 -3.798 0 76.2 0 0 76.105 3.798 0 75.821 7.587 0 75.349 11.357 0 74.689 15.099 0 73.844 18.803 0 72.815 22.46 0 71.605 26.062 0 70.216 29.599 0 68.654 33.062 0 66.92 36.443 0 65.021 39.733 0 62.959 42.925 0 60.741 46.01 0 58.373 48.98 0 55.859 51.829 0 53.206 54.549 0 50.42 57.133 0 47.51 59.576 0 44.481 61.87 0 41.342 64.01 0 38.1 65.991 0 34.763 67.808 0 31.34 69.457 0 27.839 70.933 0 24.269 72.232 0 20.638 73.352 0 16.956 74.29 0 13.232 75.042 0 9.475 75.609 0 5.694 75.987 0 1.9 76.176 0 -1.9 76.176 0 -5.694 75.987 0 -9.475 75.609 0 -13.232 75.042 0 -16.956 74.29 0 -20.638 73.352 0 -24.269 72.232 0 -27.839 70.933 0 -31.34 69.457 0 -34.763 67.808 0 -38.1 65.991 0 -41.342 64.01 0 -44.481 61.87 0 -47.51 59.576 0 -50.42 57.133 0 -53.206 54.549 0 -55.859 51.829 0 -58.373 48.98 0 -60.741 46.01 0 -62.959 42.925 0 -65.021 39.733 0 -66.92 36.443 0 -68.654 33.062 0 -70.216 29.599 0 -71.605 26.062 0 -72.815 22.46 0 -73.844 18.803 0 -74.689 15.099 0 -75.349 11.357 0 -75.821 7.587 0 -76.105 3.798 0 -76.2 0 45.156 -74.613 0 28.575 -74.52 -3.719 28.575 -88.789 -4.431 177.8 -88.9 0 177.8 -87.312 0 161.219 -74.52 3.719 28.575 -88.789 4.431 177.8 -75.946 -6.211 45.156 -74.242 -7.429 28.575 -75.187 -12.381 45.156 -73.779 -11.12 28.575 -73.133 -14.784 28.575 -73.928 -18.468 45.156 -72.305 -18.411 28.575 -71.298 -21.992 28.575 -77.529 -6.34 61.736 -77.787 0 61.736 -72.177 -24.432 45.156 -70.113 -25.519 28.575 -76.754 -12.639 61.736 -69.945 -30.234 45.156 -68.754 -28.982 28.575 -67.224 -32.373 28.575 -75.468 -18.853 61.736 -67.248 -35.835 45.156 -65.526 -35.684 28.575 -63.666 -38.906 28.575 -79.111 -6.47 78.317 -79.375 0 78.317 -80.963 0 94.897 -73.681 -24.941 61.736 -64.104 -41.197 45.156 -61.648 -42.031 28.575 -78.32 -12.897 78.317 -71.402 -30.864 61.736 -60.532 -46.285 45.156 -59.476 -45.051 28.575 -57.156 -47.96 28.575 -77.009 -19.237 78.317 -68.649 -36.581 61.736 -80.693 -6.599 94.897 -56.558 -51.065 45.156 -54.695 -50.749 28.575 -52.097 -53.413 28.575 -75.184 -25.45 78.317 -65.439 -42.055 61.736 -79.887 -13.154 94.897 -52.208 -55.505 45.156 -49.37 -55.943 28.575 -72.86 -31.494 78.317 -61.793 -47.249 61.736 -78.549 -19.622 94.897 -47.51 -59.576 45.156 -46.52 -58.334 28.575 -43.555 -60.581 28.575 -70.05 -37.328 78.317 -82.275 -6.729 111.478 -82.55 0 111.478 -57.737 -52.129 61.736 -76.688 -25.959 94.897 -42.496 -63.25 45.156 -40.481 -62.676 28.575 -66.774 -42.913 78.317 -81.453 -13.412 111.478 -53.295 -56.661 61.736 -74.317 -32.124 94.897 -37.199 -66.503 45.156 -37.306 -64.616 28.575 -34.039 -66.396 28.575 -63.054 -48.213 78.317 -80.089 -20.007 111.478 -48.5 -60.817 61.736 -71.451 -38.074 94.897 -83.858 -6.858 128.058 -84.137 0 128.058 -31.655 -69.314 45.156 -30.687 -68.01 28.575 -27.259 -69.455 28.575 -58.915 -53.192 78.317 -78.192 -26.468 111.478 -43.381 -64.568 61.736 -68.11 -43.772 94.897 -83.02 -13.67 128.058 -25.9 -71.663 45.156 -23.763 -70.727 28.575 -54.383 -57.818 78.317 -75.774 -32.754 111.478 -37.974 -67.889 61.736 -64.316 -49.178 94.897 -81.629 -20.392 128.058 -19.972 -73.536 45.156 -20.208 -71.824 28.575 -16.603 -72.742 28.575 -49.49 -62.058 78.317 -72.852 -38.821 111.478 -85.44 -6.987 144.639 -85.725 0 144.639 -32.314 -70.758 61.736 -60.093 -54.256 94.897 -79.695 -26.977 128.058 -13.912 -74.919 45.156 -12.956 -73.479 28.575 -9.278 -74.033 28.575 -44.267 -65.885 78.317 -69.445 -44.63 111.478 -84.586 -13.928 144.639 -26.439 -73.156 61.736 -55.471 -58.974 94.897 -77.231 -33.384 128.058 -7.759 -75.804 45.156 -5.576 -74.404 28.575 -38.749 -69.274 78.317 -65.577 -50.142 111.478 -83.169 -20.776 144.639 -20.388 -75.068 61.736 -50.479 -63.299 94.897 -74.253 -39.568 128.058 -87.022 -7.117 161.219 -88.458 -8.852 177.8 -1.554 -76.184 45.156 -1.86 -74.589 28.575 1.86 -74.589 28.575 -32.974 -72.202 78.317 -61.271 -55.32 111.478 -81.199 -27.486 144.639 -14.202 -76.48 61.736 -45.152 -67.203 94.897 -70.781 -45.488 128.058 -86.152 -14.186 161.219 -87.907 -13.25 177.8 -87.137 -17.615 177.8 4.661 -76.057 45.156 5.576 -74.404 28.575 9.278 -74.033 28.575 -26.979 -74.649 78.317 -56.558 -60.13 111.478 -78.688 -34.013 144.639 -7.921 -77.383 61.736 -39.524 -70.66 94.897 -66.838 -51.106 128.058 -84.709 -21.161 161.219 -86.151 -21.937 177.8 -84.95 -26.204 177.8 10.844 -75.424 45.156 12.956 -73.479 28.575 -20.804 -76.6 78.317 -51.469 -64.54 111.478 -75.654 -40.314 144.639 -1.587 -77.771 61.736 -33.633 -73.646 94.897 -62.45 -56.384 128.058 -82.703 -27.995 161.219 -83.539 -30.406 177.8 16.956 -74.29 45.156 16.603 -72.742 28.575 20.208 -71.824 28.575 -14.491 -78.041 78.317 -46.037 -68.521 111.478 -72.116 -46.346 144.639 4.758 -77.642 61.736 -27.518 -76.142 94.897 -57.646 -61.287 128.058 -80.146 -34.643 161.219 -81.919 -34.532 177.8 -80.096 -38.572 177.8 22.955 -72.66 45.156 23.763 -70.727 28.575 -8.082 -78.962 78.317 -40.299 -72.045 111.478 -68.099 -52.07 144.639 11.07 -76.996 61.736 -21.22 -78.132 94.897 -52.459 -65.781 128.058 -77.055 -41.061 161.219 -78.074 -42.517 177.8 -75.858 -46.356 177.8 28.801 -70.547 45.156 27.259 -69.455 28.575 30.687 -68.01 28.575 -1.619 -79.358 78.317 -34.293 -75.09 111.478 -63.628 -57.448 144.639 17.309 -75.837 61.736 -14.781 -79.602 94.897 -46.923 -69.838 128.058 -73.452 -47.205 161.219 -73.453 -50.079 177.8 34.455 -67.965 45.156 34.039 -66.396 28.575 37.306 -64.616 28.575 4.855 -79.226 78.317 -28.058 -77.635 111.478 -58.734 -62.443 144.639 23.433 -74.174 61.736 -8.244 -80.542 94.897 -41.074 -73.431 128.058 -69.36 -53.035 161.219 -70.865 -53.678 177.8 -68.101 -57.144 177.8 39.881 -64.931 45.156 40.481 -62.676 28.575 11.296 -78.567 78.317 -21.636 -79.664 111.478 -53.449 -67.023 144.639 29.401 -72.017 61.736 -1.652 -80.946 94.897 -34.952 -76.534 128.058 -64.806 -58.512 161.219 -65.168 -60.467 177.8 -62.073 -63.641 177.8 45.04 -61.464 45.156 43.555 -60.581 28.575 46.52 -58.334 28.575 17.663 -77.385 78.317 -15.071 -81.163 111.478 -47.808 -71.156 144.639 35.173 -69.381 61.736 4.952 -80.811 94.897 -28.597 -79.128 128.058 -59.821 -63.599 161.219 -58.824 -66.656 177.8 49.9 -57.588 45.156 49.37 -55.943 28.575 52.097 -53.413 28.575 23.911 -75.688 78.317 -8.405 -82.121 111.478 -41.849 -74.816 144.639 40.711 -66.283 61.736 11.522 -80.138 94.897 -22.053 -81.196 128.058 -54.438 -68.264 161.219 -55.428 -69.505 177.8 -51.895 -72.181 177.8 54.428 -53.329 45.156 54.695 -50.749 28.575 30.001 -73.487 78.317 -1.684 -82.533 111.478 -35.611 -77.978 144.639 45.979 -62.744 61.736 18.016 -78.933 94.897 -15.361 -82.723 128.058 -48.693 -72.474 161.219 -48.232 -74.678 177.8 58.594 -48.715 45.156 57.156 -47.96 28.575 59.476 -45.051 28.575 35.891 -70.797 78.317 5.049 -82.395 111.478 -29.137 -80.621 144.639 50.94 -58.788 61.736 24.39 -77.201 94.897 -8.567 -83.7 128.058 -42.624 -76.202 161.219 -44.45 -76.99 177.8 -40.557 -79.11 177.8 62.37 -43.777 45.156 61.648 -42.031 28.575 63.666 -38.906 28.575 41.542 -67.636 78.317 11.748 -81.71 111.478 -22.469 -82.728 144.639 55.562 -54.44 61.736 30.601 -74.957 94.897 -1.716 -84.12 128.058 -36.271 -79.422 161.219 -36.563 -81.033 177.8 -32.479 -82.755 177.8 65.731 -38.548 45.156 65.526 -35.684 28.575 46.917 -64.025 78.317 18.369 -80.48 111.478 -15.651 -84.284 144.639 59.815 -49.73 61.736 36.609 -72.213 94.897 5.146 -83.98 128.058 -29.677 -82.114 161.219 -28.313 -84.271 177.8 68.654 -33.062 45.156 67.224 -32.373 28.575 68.754 -28.982 28.575 51.98 -59.988 78.317 24.868 -78.715 111.478 -8.729 -85.279 144.639 63.669 -44.689 61.736 42.373 -68.989 94.897 11.974 -83.281 128.058 -22.885 -84.26 161.219 -24.078 -85.577 177.8 -19.782 -86.671 177.8 71.12 -27.356 45.156 70.113 -25.519 28.575 56.696 -55.551 78.317 31.201 -76.426 111.478 -1.749 -85.707 144.639 67.1 -39.351 61.736 47.855 -65.305 94.897 18.722 -82.028 128.058 -15.941 -85.845 161.219 -15.437 -87.549 177.8 -11.054 -88.21 177.8 73.113 -21.468 45.156 71.298 -21.992 28.575 72.305 -18.411 28.575 61.035 -50.745 78.317 37.327 -73.629 111.478 5.243 -85.565 144.639 70.084 -33.751 61.736 53.019 -61.187 94.897 25.346 -80.229 128.058 -8.89 -86.859 161.219 -6.644 -88.651 177.8 74.62 -15.437 45.156 73.133 -14.784 28.575 73.779 -11.12 28.575 64.969 -45.601 78.317 43.204 -70.341 111.478 12.2 -84.852 144.639 72.602 -27.926 61.736 57.83 -56.662 94.897 31.801 -77.896 128.058 -1.781 -87.294 161.219 -2.216 -88.872 177.8 2.216 -88.872 177.8 75.63 -9.304 45.156 74.242 -7.429 28.575 68.469 -40.154 78.317 48.794 -66.586 111.478 19.076 -83.576 144.639 74.637 -21.915 61.736 62.256 -51.76 94.897 38.045 -75.045 128.058 5.34 -87.149 161.219 6.644 -88.651 177.8 11.054 -88.21 177.8 76.137 -3.108 45.156 74.52 -3.719 28.575 74.613 0 28.575 71.514 -34.44 78.317 54.059 -62.387 111.478 25.824 -81.743 144.639 76.175 -15.759 61.736 66.268 -46.513 94.897 44.035 -71.694 128.058 12.426 -86.424 161.219 15.437 -87.549 177.8 76.137 3.108 45.156 74.52 3.719 28.575 74.242 7.429 28.575 74.084 -28.496 78.317 58.964 -57.773 111.478 32.401 -79.366 144.639 77.206 -9.497 61.736 69.839 -40.957 94.897 49.732 -67.866 128.058 19.429 -85.123 161.219 19.782 -86.671 177.8 24.078 -85.577 177.8 75.63 9.304 45.156 73.779 11.12 28.575 76.16 -22.363 78.317 63.477 -52.775 111.478 38.762 -76.461 144.639 77.723 -3.173 61.736 72.945 -35.128 94.897 55.098 -63.587 128.058 26.303 -83.257 161.219 28.313 -84.271 177.8 74.62 15.437 45.156 73.133 14.784 28.575 72.305 18.411 28.575 77.729 -16.08 78.317 67.567 -47.425 111.478 44.866 -73.047 144.639 77.723 3.173 61.736 75.565 -29.066 94.897 60.098 -58.884 128.058 33.001 -80.836 161.219 32.479 -82.755 177.8 36.563 -81.033 177.8 73.113 21.468 45.156 71.298 21.992 28.575 70.113 25.519 28.575 78.781 -9.691 78.317 71.208 -41.76 111.478 50.67 -69.147 144.639 77.206 9.497 61.736 77.683 -22.81 94.897 64.698 -53.79 128.058 39.48 -77.877 161.219 40.557 -79.11 177.8 44.45 -76.99 177.8 71.12 27.356 45.156 68.754 28.982 28.575 79.309 -3.238 78.317 74.375 -35.817 111.478 56.138 -64.787 144.639 76.175 15.759 61.736 79.284 -16.402 94.897 68.867 -48.337 128.058 45.697 -74.4 161.219 48.232 -74.678 177.8 68.654 33.062 45.156 67.224 32.373 28.575 65.526 35.684 28.575 79.309 3.238 78.317 77.047 -29.636 111.478 61.232 -59.995 144.639 74.637 21.915 61.736 80.357 -9.885 94.897 72.577 -42.563 128.058 51.609 -70.427 161.219 51.895 -72.181 177.8 55.428 -69.505 177.8 65.731 38.548 45.156 63.666 38.906 28.575 78.781 9.691 78.317 79.206 -23.257 111.478 65.918 -54.805 144.639 72.602 27.926 61.736 80.895 -3.302 94.897 75.805 -36.506 128.058 57.178 -65.986 161.219 58.824 -66.656 177.8 62.073 -63.641 177.8 62.37 43.777 45.156 61.648 42.031 28.575 59.476 45.051 28.575 77.729 16.08 78.317 80.838 -16.724 111.478 70.166 -49.249 144.639 70.084 33.751 61.736 80.895 3.302 94.897 78.529 -30.206 128.058 62.366 -61.106 161.219 65.168 -60.467 177.8 58.594 48.715 45.156 57.156 47.96 28.575 54.695 50.749 28.575 76.16 22.363 78.317 81.932 -10.079 111.478 73.947 -43.366 144.639 67.1 39.351 61.736 80.357 9.885 94.897 80.729 -23.704 128.058 67.139 -55.82 161.219 68.101 -57.144 177.8 70.865 -53.678 177.8 54.428 53.329 45.156 52.097 53.413 28.575 74.084 28.496 78.317 82.481 -3.367 111.478 77.236 -37.195 144.639 63.669 44.689 61.736 79.284 16.402 94.897 82.393 -17.045 128.058 71.465 -50.161 161.219 73.453 -50.079 177.8 75.858 -46.356 177.8 49.9 57.588 45.156 49.37 55.943 28.575 46.52 58.334 28.575 71.514 34.44 78.317 82.481 3.367 111.478 80.01 -30.776 144.639 59.815 49.73 61.736 77.683 22.81 94.897 83.508 -10.273 128.058 75.316 -44.169 161.219 78.074 -42.517 177.8 45.04 61.464 45.156 43.555 60.581 28.575 40.481 62.676 28.575 68.469 40.154 78.317 81.932 10.079 111.478 82.253 -24.152 144.639 55.562 54.44 61.736 75.565 29.066 94.897 84.067 -3.432 128.058 78.666 -37.883 161.219 80.096 -38.572 177.8 81.919 -34.532 177.8 39.881 64.931 45.156 37.306 64.616 28.575 64.969 45.601 78.317 80.838 16.724 111.478 83.947 -17.367 144.639 50.94 58.788 61.736 72.945 35.128 94.897 84.067 3.432 128.058 81.492 -31.345 161.219 83.539 -30.406 177.8 34.455 67.965 45.156 34.039 66.396 28.575 30.687 68.01 28.575 61.035 50.745 78.317 79.206 23.257 111.478 85.084 -10.467 144.639 45.979 62.744 61.736 69.839 40.957 94.897 83.508 10.273 128.058 83.776 -24.599 161.219 84.95 -26.204 177.8 86.151 -21.937 177.8 28.801 70.547 45.156 27.259 69.455 28.575 23.763 70.727 28.575 56.696 55.551 78.317 77.047 29.636 111.478 85.654 -3.497 144.639 40.711 66.283 61.736 66.268 46.513 94.897 82.393 17.045 128.058 85.502 -17.688 161.219 87.137 -17.615 177.8 87.907 -13.25 177.8 22.955 72.66 45.156 20.208 71.824 28.575 51.98 59.988 78.317 74.375 35.817 111.478 85.654 3.497 144.639 35.173 69.381 61.736 62.256 51.76 94.897 80.729 23.704 128.058 86.659 -10.66 161.219 88.458 -8.852 177.8 16.956 74.29 45.156 16.603 72.742 28.575 12.956 73.479 28.575 46.917 64.025 78.317 71.208 41.76 111.478 85.084 10.467 144.639 29.401 72.017 61.736 57.83 56.662 94.897 78.529 30.206 128.058 87.24 -3.561 161.219 88.789 -4.431 177.8 88.9 0 177.8 10.844 75.424 45.156 9.278 74.033 28.575 41.542 67.636 78.317 67.567 47.425 111.478 83.947 17.367 144.639 23.433 74.174 61.736 53.019 61.187 94.897 75.805 36.506 128.058 87.24 3.561 161.219 88.789 4.431 177.8 88.458 8.852 177.8 4.661 76.057 45.156 5.576 74.404 28.575 1.86 74.589 28.575 35.891 70.797 78.317 63.477 52.775 111.478 82.253 24.152 144.639 17.309 75.837 61.736 47.855 65.305 94.897 72.577 42.563 128.058 86.659 10.66 161.219 87.907 13.25 177.8 -1.554 76.184 45.156 -1.86 74.589 28.575 -5.576 74.404 28.575 30.001 73.487 78.317 58.964 57.773 111.478 80.01 30.776 144.639 11.07 76.996 61.736 42.373 68.989 94.897 68.867 48.337 128.058 85.502 17.688 161.219 87.137 17.615 177.8 86.151 21.937 177.8 -7.759 75.804 45.156 -9.278 74.033 28.575 23.911 75.688 78.317 54.059 62.387 111.478 77.236 37.195 144.639 4.758 77.642 61.736 36.609 72.213 94.897 64.698 53.79 128.058 83.776 24.599 161.219 84.95 26.204 177.8 83.539 30.406 177.8 -13.912 74.919 45.156 -12.956 73.479 28.575 -16.603 72.742 28.575 17.663 77.385 78.317 48.794 66.586 111.478 73.947 43.366 144.639 -1.587 77.771 61.736 30.601 74.957 94.897 60.098 58.884 128.058 81.492 31.345 161.219 81.919 34.532 177.8 -19.972 73.536 45.156 -20.208 71.824 28.575 -23.763 70.727 28.575 11.296 78.567 78.317 43.204 70.341 111.478 70.166 49.249 144.639 -7.921 77.383 61.736 24.39 77.201 94.897 55.098 63.587 128.058 78.666 37.883 161.219 80.096 38.572 177.8 78.074 42.517 177.8 -25.9 71.663 45.156 -27.259 69.455 28.575 4.855 79.226 78.317 37.327 73.629 111.478 65.918 54.805 144.639 -14.202 76.48 61.736 18.016 78.933 94.897 49.732 67.866 128.058 75.316 44.169 161.219 75.858 46.356 177.8 -31.655 69.314 45.156 -30.687 68.01 28.575 -34.039 66.396 28.575 -1.619 79.358 78.317 31.201 76.426 111.478 61.232 59.995 144.639 -20.388 75.068 61.736 11.522 80.138 94.897 44.035 71.694 128.058 71.465 50.161 161.219 73.453 50.079 177.8 70.865 53.678 177.8 -37.199 66.503 45.156 -37.306 64.616 28.575 -40.481 62.676 28.575 -8.082 78.962 78.317 24.868 78.715 111.478 56.138 64.787 144.639 -26.439 73.156 61.736 4.952 80.811 94.897 38.045 75.045 128.058 67.139 55.82 161.219 68.101 57.144 177.8 65.168 60.467 177.8 -42.496 63.25 45.156 -43.555 60.581 28.575 -14.491 78.041 78.317 18.369 80.48 111.478 50.67 69.147 144.639 -32.314 70.758 61.736 -1.652 80.946 94.897 31.801 77.896 128.058 62.366 61.106 161.219 62.073 63.641 177.8 -47.51 59.576 45.156 -46.52 58.334 28.575 -49.37 55.943 28.575 -20.804 76.6 78.317 11.748 81.71 111.478 44.866 73.047 144.639 -37.974 67.889 61.736 -8.244 80.542 94.897 25.346 80.229 128.058 57.178 65.986 161.219 58.824 66.656 177.8 55.428 69.505 177.8 -52.208 55.505 45.156 -52.097 53.413 28.575 -26.979 74.649 78.317 5.049 82.395 111.478 38.762 76.461 144.639 -43.381 64.568 61.736 -14.781 79.602 94.897 18.722 82.028 128.058 51.609 70.427 161.219 51.895 72.181 177.8 48.232 74.678 177.8 -56.558 51.065 45.156 -54.695 50.749 28.575 -57.156 47.96 28.575 -32.974 72.202 78.317 -1.684 82.533 111.478 32.401 79.366 144.639 -48.5 60.817 61.736 -21.22 78.132 94.897 11.974 83.281 128.058 45.697 74.4 161.219 44.45 76.99 177.8 -60.532 46.285 45.156 -59.476 45.051 28.575 -61.648 42.031 28.575 -38.749 69.274 78.317 -8.405 82.121 111.478 25.824 81.743 144.639 -53.295 56.661 61.736 -27.518 76.142 94.897 5.146 83.98 128.058 39.48 77.877 161.219 40.557 79.11 177.8 36.563 81.033 177.8 -64.104 41.197 45.156 -63.666 38.906 28.575 -44.267 65.885 78.317 -15.071 81.163 111.478 19.076 83.576 144.639 -57.737 52.129 61.736 -33.633 73.646 94.897 -1.716 84.12 128.058 33.001 80.836 161.219 32.479 82.755 177.8 28.313 84.271 177.8 -67.248 35.835 45.156 -65.526 35.684 28.575 -67.224 32.373 28.575 -49.49 62.058 78.317 -21.636 79.664 111.478 12.2 84.852 144.639 -61.793 47.249 61.736 -39.524 70.66 94.897 -8.567 83.7 128.058 26.303 83.257 161.219 24.078 85.577 177.8 -69.945 30.234 45.156 -68.754 28.982 28.575 -70.113 25.519 28.575 -54.383 57.818 78.317 -28.058 77.635 111.478 5.243 85.565 144.639 -65.439 42.055 61.736 -45.152 67.203 94.897 -15.361 82.723 128.058 19.429 85.123 161.219 19.782 86.671 177.8 15.437 87.549 177.8 -72.177 24.432 45.156 -71.298 21.992 28.575 -58.915 53.192 78.317 -34.293 75.09 111.478 -1.749 85.707 144.639 -68.649 36.581 61.736 -50.479 63.299 94.897 -22.053 81.196 128.058 12.426 86.424 161.219 11.054 88.21 177.8 -73.928 18.468 45.156 -72.305 18.411 28.575 -73.133 14.784 28.575 -63.054 48.213 78.317 -40.299 72.045 111.478 -8.729 85.279 144.639 -71.402 30.864 61.736 -55.471 58.974 94.897 -28.597 79.128 128.058 5.34 87.149 161.219 6.644 88.651 177.8 2.216 88.872 177.8 -75.187 12.381 45.156 -73.779 11.12 28.575 -74.242 7.429 28.575 -66.774 42.913 78.317 -46.037 68.521 111.478 -15.651 84.284 144.639 -73.681 24.941 61.736 -60.093 54.256 94.897 -34.952 76.534 128.058 -1.781 87.294 161.219 -2.216 88.872 177.8 -6.644 88.651 177.8 -75.946 6.211 45.156 -70.05 37.328 78.317 -51.469 64.54 111.478 -22.469 82.728 144.639 -75.468 18.853 61.736 -64.316 49.178 94.897 -41.074 73.431 128.058 -8.89 86.859 161.219 -11.054 88.21 177.8 -72.86 31.494 78.317 -56.558 60.13 111.478 -29.137 80.621 144.639 -76.754 12.639 61.736 -68.11 43.772 94.897 -46.923 69.838 128.058 -15.941 85.845 161.219 -15.437 87.549 177.8 -19.782 86.671 177.8 -75.184 25.45 78.317 -61.271 55.32 111.478 -35.611 77.978 144.639 -77.529 6.34 61.736 -71.451 38.074 94.897 -52.459 65.781 128.058 -22.885 84.26 161.219 -28.313 84.271 177.8 -24.078 85.577 177.8 -77.009 19.237 78.317 -65.577 50.142 111.478 -41.849 74.816 144.639 -74.317 32.124 94.897 -57.646 61.287 128.058 -29.677 82.114 161.219 -32.479 82.755 177.8 -78.32 12.897 78.317 -69.445 44.63 111.478 -47.808 71.156 144.639 -76.688 25.959 94.897 -62.45 56.384 128.058 -36.271 79.422 161.219 -36.563 81.033 177.8 -40.557 79.11 177.8 -79.111 6.47 78.317 -72.852 38.821 111.478 -53.449 67.023 144.639 -78.549 19.622 94.897 -66.838 51.106 128.058 -42.624 76.202 161.219 -44.45 76.99 177.8 -48.232 74.678 177.8 -75.774 32.754 111.478 -58.734 62.443 144.639 -79.887 13.154 94.897 -70.781 45.488 128.058 -48.693 72.474 161.219 -51.895 72.181 177.8 -78.192 26.468 111.478 -63.628 57.448 144.639 -80.693 6.599 94.897 -74.253 39.568 128.058 -54.438 68.264 161.219 -55.428 69.505 177.8 -58.824 66.656 177.8 -80.089 20.007 111.478 -68.099 52.07 144.639 -77.231 33.384 128.058 -59.821 63.599 161.219 -62.073 63.641 177.8 -81.453 13.412 111.478 -72.116 46.346 144.639 -79.695 26.977 128.058 -64.806 58.512 161.219 -65.168 60.467 177.8 -68.101 57.144 177.8 -82.275 6.729 111.478 -75.654 40.314 144.639 -81.629 20.392 128.058 -69.36 53.035 161.219 -70.865 53.678 177.8 -73.453 50.079 177.8 -78.688 34.013 144.639 -83.02 13.67 128.058 -73.452 47.205 161.219 -75.858 46.356 177.8 -81.199 27.486 144.639 -83.858 6.858 128.058 -77.055 41.061 161.219 -78.074 42.517 177.8 -80.096 38.572 177.8 -83.169 20.776 144.639 -80.146 34.643 161.219 -81.919 34.532 177.8 -83.539 30.406 177.8 -84.586 13.928 144.639 -82.703 27.995 161.219 -84.95 26.204 177.8 -85.44 6.987 144.639 -84.709 21.161 161.219 -86.151 21.937 177.8 -87.137 17.615 177.8 -86.152 14.186 161.219 -87.907 13.25 177.8 -88.458 8.852 177.8 -87.022 7.117 161.219</float_array>
          <technique_common>
            <accessor source="#pos_3-array" count="3738" stride="3">
              <param name="X" type="float"/>
              <param name="Y" type="float"/>
              <param name="Z" type="float"/>
            </accessor>
          </technique_common>
        </source>
        <vertices id="vert_3">
          <input semantic="POSITION" source="#pos_3"/>
        </vertices>
        <triangles count="1988" material="mat_3">
          <input semantic="VERTEX" source="#vert_3" offset="0"/>
          <p>0 1 2 3 4 0 0 4 1 2 5 6 1 5 2 3 7 4 6 8 9 5 8 6 10 11 3 3 11 7 12 13 14 9 13 12 8 13 9 15 16 10 10 16 11 13 17 14 15 18 16 19 18 15 14 20 21 17 20 14 22 23 19 24 23 22 19 23 18 21 25 26 20 25 21 24 27 23 28 29 30 26 29 28 25 29 26 31 32 24 33 32 31 24 32 27 29 34 30 33 35 32 36 35 33 30 37 38 34 37 30 36 39 35 38 40 41 37 40 38 36 42 39 43 42 36 44 42 43 40 45 41 41 45 46 44 47 42 45 48 46 46 48 49 50 51 44 44 51 47 48 52 49 49 52 53 54 55 50 50 55 51 52 56 53 53 56 57 58 59 54 60 59 58 54 59 55 56 61 57 57 61 62 63 64 60 60 64 59 61 65 62 66 65 67 62 65 66 63 68 64 65 69 67 70 71 63 63 71 68 69 72 67 67 72 73 74 75 70 76 75 74 70 75 71 72 77 73 73 77 78 76 79 75 77 80 78 78 80 81 82 83 76 76 83 79 80 84 81 81 84 85 86 87 82 82 87 83 86 88 87 84 89 85 85 89 90 88 91 87 88 92 91 89 93 90 90 93 94 92 95 91 92 96 95 93 97 94 94 97 98 96 99 95 97 100 98 98 100 101 102 103 96 96 103 99 100 104 101 100 105 104 102 106 103 106 107 103 105 108 104 104 108 109 110 111 106 106 111 107 108 112 109 108 113 112 114 115 110 110 115 111 113 116 112 112 116 117 114 118 115 118 119 115 116 120 117 116 121 120 118 122 119 122 123 119 120 124 125 121 124 120 123 126 127 122 126 123 128 129 124 124 129 125 126 130 127 127 130 131 132 133 128 128 133 129 130 134 131 130 135 134 132 136 133 136 137 133 135 138 134 134 138 139 136 140 137 140 141 137 138 142 139 139 142 143 140 144 141 145 144 140 142 146 143 143 146 147 145 148 144 146 149 147 148 150 144 148 151 150 146 152 149 151 153 150 151 154 153 149 155 156 152 155 149 155 157 156 154 158 153 154 159 158 155 160 157 159 161 158 157 162 163 160 162 157 159 164 161 165 164 159 165 166 164 163 167 168 162 167 163 166 169 164 168 170 171 167 170 168 166 172 169 173 172 174 174 172 166 171 175 176 170 175 171 173 177 172 175 178 176 176 178 179 173 180 177 181 180 182 182 180 173 178 183 179 179 183 184 184 183 185 181 186 180 183 187 185 185 187 188 189 190 181 181 190 186 187 191 188 188 191 192 189 193 190 194 193 189 191 195 192 194 196 193 197 196 198 198 196 194 195 199 192 192 199 200 197 201 196 200 202 203 199 202 200 197 204 201 205 204 197 203 206 207 207 206 208 202 206 203 205 209 204 210 209 205 208 211 212 206 211 208 213 214 215 215 214 210 210 214 209 211 216 212 213 217 214 212 218 219 216 218 212 213 220 217 221 220 222 222 220 213 219 223 224 224 223 225 218 223 219 221 226 220 227 226 221 223 228 225 227 229 226 228 230 225 225 230 231 227 232 229 233 232 227 231 234 235 230 234 231 233 236 232 237 236 233 234 238 235 235 238 239 237 240 236 241 240 237 238 242 239 239 242 243 243 242 244 241 245 240 246 245 241 242 247 244 246 248 245 249 248 246 247 250 244 249 250 248 244 250 251 251 250 249 60 252 253 63 60 253 70 253 254 70 63 253 74 254 255 74 255 256 74 70 254 76 256 257 76 74 256 82 257 258 82 76 257 86 82 258 88 258 259 88 86 258 92 259 260 92 88 259 96 260 261 96 92 260 102 261 262 102 96 261 106 262 263 106 102 262 110 106 263 110 263 264 114 110 264 114 264 265 118 114 265 118 265 266 122 118 266 122 266 267 126 122 267 126 267 268 130 126 268 130 268 269 135 130 269 135 269 270 138 135 270 138 270 271 142 138 271 142 271 272 146 142 272 146 272 273 146 273 274 152 146 274 155 152 274 155 274 275 155 275 276 160 155 276 162 276 277 162 160 276 167 277 278 167 162 277 170 278 279 170 279 280 170 167 278 175 280 281 175 170 280 178 175 281 183 281 282 183 178 281 187 282 283 187 183 282 191 283 284 191 284 285 191 187 283 195 191 285 199 285 286 199 286 287 199 195 285 202 199 287 206 287 288 206 288 289 206 202 287 211 206 289 216 211 289 216 289 290 216 290 291 218 216 291 223 218 291 223 291 292 228 223 292 228 292 293 230 228 293 230 293 294 230 294 295 234 230 295 234 295 296 238 234 296 242 238 296 242 296 297 242 297 298 247 242 298 247 298 299 250 247 299 248 250 299 248 299 300 245 248 300 245 300 301 240 245 301 240 301 302 240 302 303 236 240 303 236 303 304 232 236 304 229 232 304 229 304 305 226 229 305 226 305 306 220 226 306 220 306 307 220 307 308 217 220 308 217 308 309 214 217 309 214 309 310 209 214 310 204 310 311 204 311 312 204 209 310 201 204 312 196 312 313 196 201 312 193 196 313 193 313 314 193 314 315 190 193 315 186 190 315 186 315 316 186 316 317 180 186 317 177 180 317 177 317 318 172 177 318 172 318 319 169 172 319 169 319 320 164 169 320 164 320 321 161 164 321 161 321 322 158 161 322 158 322 323 153 158 323 153 323 324 153 324 325 150 153 325 144 326 327 144 150 325 144 325 326 141 144 327 137 327 328 137 328 329 137 141 327 133 137 329 129 329 330 129 330 331 129 133 329 125 331 332 125 129 331 120 125 332 117 332 333 117 333 334 117 120 332 112 334 335 112 117 334 109 112 335 104 335 336 104 336 337 104 109 335 101 104 337 98 337 338 98 338 339 98 101 337 94 339 340 94 98 339 90 94 340 85 90 340 85 340 341 81 85 341 81 341 342 78 81 342 78 342 343 73 343 344 73 78 343 73 344 345 67 345 346 67 73 345 66 346 347 66 67 346 62 66 347 57 347 348 57 62 347 53 348 349 53 349 350 53 57 348 49 53 350 46 350 351 46 351 352 46 49 350 41 46 352 38 352 353 38 41 352 30 353 354 30 38 353 28 354 355 28 355 356 28 30 354 26 28 356 21 356 357 21 26 356 14 357 358 14 358 359 14 21 357 12 14 359 9 359 360 9 12 359 6 360 361 6 9 360 2 361 362 2 6 361 0 362 363 0 363 364 0 2 362 3 0 364 10 3 364 10 364 365 15 10 365 15 365 366 19 15 366 19 366 367 22 19 367 22 367 368 24 22 368 24 368 369 31 24 369 31 369 370 33 31 370 33 370 371 36 33 371 36 371 372 43 36 372 43 372 373 44 43 373 44 373 374 50 44 374 50 374 375 54 375 376 54 50 375 58 54 376 58 376 377 60 377 252 60 58 377 378 379 380 381 382 383 378 384 379 382 385 383 386 380 387 386 378 380 388 386 387 388 387 389 388 389 390 391 388 390 391 390 392 391 392 393 394 395 378 394 378 386 396 393 397 396 391 393 398 386 388 398 394 386 399 397 400 399 400 401 399 396 397 402 398 388 402 388 391 403 399 401 403 401 404 403 404 405 406 407 395 406 408 407 406 395 394 409 391 396 409 402 391 410 403 405 410 405 411 412 398 402 412 394 398 412 406 394 413 396 399 413 399 403 413 409 396 414 411 415 414 415 416 414 410 411 417 412 402 418 403 410 418 413 403 419 408 406 420 414 416 420 416 421 420 421 422 423 417 402 423 402 409 424 418 410 425 406 412 425 419 406 426 422 427 426 420 422 428 409 413 428 423 409 429 414 420 429 410 414 429 424 410 430 425 412 430 412 417 431 426 427 431 427 432 431 432 433 434 428 413 434 418 424 434 413 418 435 408 419 435 436 408 437 429 420 438 430 417 438 417 423 439 431 433 439 433 440 441 434 424 442 419 425 442 435 419 443 420 426 443 437 420 444 428 434 444 438 423 444 423 428 445 440 446 445 446 447 445 439 440 448 441 424 448 424 429 449 442 425 449 425 430 450 426 431 450 443 426 451 444 434 451 434 441 452 453 436 452 435 442 452 436 435 454 445 447 454 447 455 454 455 456 457 429 437 457 448 429 458 449 430 458 430 438 459 431 439 459 450 431 460 451 441 461 452 442 462 456 463 462 454 456 464 457 437 464 443 450 464 437 443 465 458 438 465 438 444 465 444 451 466 459 439 466 439 445 467 441 448 467 460 441 468 461 442 468 442 449 469 462 463 469 463 470 469 470 471 472 450 459 472 464 450 473 451 460 473 465 451 474 453 452 474 475 453 474 383 475 476 466 445 476 445 454 477 448 457 477 467 448 478 449 458 478 468 449 478 458 465 479 471 480 479 480 481 479 469 471 482 459 466 482 472 459 483 473 460 484 474 452 484 452 461 485 454 462 485 476 454 486 477 457 486 457 464 487 478 465 488 479 481 488 481 489 490 482 466 491 483 460 491 467 477 491 460 467 492 484 461 492 461 468 493 485 462 493 462 469 494 464 472 494 486 464 495 487 465 495 465 473 496 497 381 496 383 474 496 474 484 496 381 383 498 488 489 498 489 499 498 499 500 501 466 476 501 490 466 502 491 477 503 468 478 503 492 468 504 493 469 504 469 479 505 472 482 505 494 472 506 473 483 506 495 473 506 483 491 507 508 497 507 509 508 507 496 484 507 497 496 510 498 500 510 500 511 510 511 512 513 501 476 513 476 485 514 502 477 514 477 486 514 486 494 515 503 478 515 478 487 516 488 498 516 479 488 516 504 479 517 482 490 517 505 482 517 490 501 518 506 491 519 492 503 519 520 509 519 521 520 519 484 492 519 509 507 519 507 484 522 510 512 522 512 523 524 485 493 524 493 504 524 513 485 525 514 494 525 494 505 526 487 495 526 515 487 526 495 506 527 516 498 528 517 501 529 491 502 529 518 491 530 531 521 530 521 519 530 519 503 532 522 523 532 523 533 532 533 534 535 524 504 536 525 505 537 526 506 538 527 498 538 498 510 538 510 522 539 501 513 539 528 501 540 502 514 540 514 525 540 529 502 541 542 531 541 543 542 541 530 503 541 503 515 541 531 530 544 534 545 544 532 534 546 535 504 546 504 516 547 505 517 547 536 505 548 518 529 548 506 518 548 537 506 549 538 522 550 513 524 550 539 513 551 540 525 552 553 543 552 554 553 552 515 526 552 543 541 552 541 515 552 526 537 555 544 545 555 545 556 555 556 557 558 546 516 558 516 527 559 517 528 559 547 517 560 548 529 561 532 544 561 549 522 561 522 532 562 535 546 562 524 535 562 550 524 563 525 536 563 551 525 564 554 552 564 565 554 564 552 537 566 555 557 566 557 567 566 567 568 569 538 549 569 558 527 569 527 538 570 559 528 570 528 539 571 540 551 571 529 540 571 560 529 572 561 544 572 544 555 573 562 546 574 563 536 574 536 547 575 564 537 575 576 565 575 577 576 575 565 564 575 548 560 575 537 548 578 566 568 578 568 579 580 569 549 581 570 539 581 550 562 581 539 550 582 571 551 583 572 555 584 546 558 584 573 546 585 574 547 585 559 570 585 547 559 586 587 577 586 588 587 586 577 575 586 575 560 589 578 579 589 579 590 589 590 591 592 580 549 592 549 561 593 581 562 594 551 563 594 582 551 594 563 574 595 583 555 595 555 566 596 584 558 596 558 569 597 585 570 598 560 571 598 599 588 598 588 586 598 571 582 598 586 560 600 589 591 600 591 601 600 601 602 603 592 561 603 561 572 604 593 562 604 562 573 605 594 574 606 566 578 606 595 566 607 596 569 607 569 580 608 570 581 608 597 570 609 610 599 609 611 610 609 599 598 609 598 582 612 600 602 612 602 613 614 603 572 614 572 583 615 573 584 615 604 573 616 574 585 616 585 597 616 605 574 617 578 589 617 606 578 618 580 592 618 607 580 618 592 603 619 581 593 619 593 604 619 608 581 620 621 611 620 611 609 620 582 594 620 609 582 622 612 613 622 613 623 622 623 624 625 583 595 625 614 583 626 584 596 626 596 607 626 615 584 627 616 597 628 589 600 628 617 589 628 600 612 629 603 614 629 618 603 630 619 604 631 605 616 631 620 594 631 632 621 631 633 632 631 621 620 631 594 605 634 624 635 634 635 636 634 622 624 637 595 606 637 625 595 638 626 607 638 607 618 639 608 619 639 627 597 639 597 608 640 628 612 641 629 614 642 630 604 642 604 615 642 615 626 643 633 631 643 644 633 643 645 644 643 631 616 646 634 636 646 636 647 648 637 606 648 606 617 649 638 618 650 639 619 651 612 622 651 640 612 652 614 625 652 641 614 652 625 637 653 642 626 654 616 627 654 655 645 654 627 639 654 643 616 654 645 643 656 646 647 656 647 657 656 657 658 659 648 617 659 617 628 660 649 618 660 618 629 661 619 630 661 630 642 661 650 619 662 634 646 662 651 622 662 622 634 663 652 637 664 626 638 664 653 626 665 666 655 665 667 666 665 654 639 665 655 654 668 656 658 668 658 669 670 628 640 670 659 628 671 629 641 671 660 629 672 661 642 673 662 646 674 663 637 674 637 648 675 638 649 675 664 638 676 650 661 676 665 639 676 677 667 676 678 677 676 667 665 676 639 650 679 668 669 679 669 680 679 680 681 682 651 662 682 640 651 682 670 640 683 671 641 683 641 652 684 653 664 684 642 653 684 672 642 685 656 668 685 646 656 685 673 646 686 648 659 686 659 670 686 674 648 687 660 671 687 675 649 687 649 660 688 678 676 688 676 661 688 689 678 690 679 681 690 681 691 690 691 692 693 682 662 694 652 663 694 683 652 695 684 664 696 685 668 696 668 679 697 686 670 698 687 671 699 700 689 699 701 700 699 689 688 699 688 661 699 672 684 699 661 672 702 690 692 702 692 703 704 662 673 704 693 662 705 663 674 705 694 663 706 664 675 706 695 664 707 696 679 708 697 670 708 670 682 708 682 693 709 671 683 709 698 671 710 701 699 710 711 701 710 712 711 710 699 684 710 684 695 713 702 703 713 703 714 713 714 715 716 673 685 716 704 673 717 674 686 717 705 674 718 706 675 718 675 687 719 679 690 719 707 679 720 693 704 720 708 693 721 683 694 721 694 705 721 709 683 722 710 695 722 723 712 722 712 710 724 713 715 724 715 725 724 725 726 727 685 696 727 716 685 728 686 697 728 717 686 729 718 687 729 687 698 730 690 702 730 719 690 731 720 704 732 721 705 733 722 695 733 734 723 733 735 734 733 723 722 733 695 706 736 724 726 736 726 737 738 707 719 738 727 696 738 696 707 739 697 708 739 728 697 740 698 709 740 729 698 741 702 713 741 730 702 741 713 724 742 731 704 742 716 727 742 704 716 743 705 717 743 717 728 743 732 705 744 735 733 744 745 735 744 733 706 744 718 729 744 706 718 746 737 747 746 747 748 746 736 737 749 738 719 750 708 720 750 739 708 751 709 721 751 740 709 751 721 732 752 741 724 753 742 727 754 743 728 755 756 745 755 757 756 755 729 740 755 745 744 755 744 729 758 748 759 758 759 760 758 746 748 761 719 730 761 749 719 762 720 731 762 750 720 763 751 732 764 752 724 764 724 736 765 727 738 765 753 727 765 738 749 766 728 739 766 754 728 767 755 740 767 768 757 767 769 768 767 740 751 767 757 755 770 760 771 770 758 760 772 730 741 772 761 730 773 762 731 773 731 742 774 763 732 774 732 743 775 736 746 775 764 736 776 765 749 777 766 739 777 739 750 778 769 767 778 779 769 778 767 751 780 771 781 780 781 782 780 770 771 783 772 741 783 741 752 784 773 742 784 742 753 785 743 754 785 774 743 786 746 758 786 775 746 787 761 772 787 776 749 787 749 761 788 777 750 788 750 762 789 751 763 789 778 751 789 790 779 789 791 790 789 779 778 792 782 793 792 780 782 794 752 764 794 764 775 794 783 752 795 753 765 795 784 753 796 785 754 796 754 766 797 786 758 797 758 770 798 772 783 798 787 772 799 762 773 799 788 762 800 789 763 800 791 789 800 801 791 800 802 801 800 774 785 800 763 774 803 793 804 803 804 805 803 792 793 806 794 775 806 775 786 807 795 765 807 765 776 808 766 777 808 777 788 808 796 766 809 797 770 809 770 780 810 798 783 811 799 773 811 773 784 811 784 795 812 813 802 812 800 785 812 802 800 814 805 815 814 815 816 814 803 805 817 806 786 818 776 787 818 807 776 819 808 788 820 780 792 820 809 780 821 810 783 821 794 806 821 783 794 822 811 795 822 795 807 823 796 808 823 785 796 823 824 813 823 825 824 823 813 812 823 812 785 826 816 827 826 814 816 828 817 786 828 786 797 829 798 810 829 787 798 829 818 787 830 819 788 830 799 811 830 788 799 831 820 792 831 792 803 832 821 806 833 822 807 834 823 808 834 825 823 834 835 825 834 836 835 834 808 819 837 826 827 837 827 838 837 838 839 840 797 809 840 828 797 841 829 810 842 830 811 843 803 814 843 831 803 844 806 817 844 832 806 845 807 818 845 833 807 846 836 834 846 847 836 846 834 819 848 839 849 848 849 850 848 837 839 851 809 820 851 820 831 851 840 809 852 810 821 852 841 810 853 822 833 853 811 822 853 842 811 854 814 826 854 843 814 855 844 817 855 817 828 856 818 829 856 829 841 856 845 818 857 858 847 857 859 858 857 819 830 857 847 846 857 846 819 860 848 850 860 850 861 862 851 831 863 852 821 863 821 832 863 832 844 864 853 833 865 826 837 865 854 826 866 828 840 866 855 828 867 856 841 868 830 842 868 857 830 868 869 859 868 842 853 868 859 857 870 861 871 870 871 872 870 860 861 873 843 854 873 831 843 873 862 831 874 863 844 875 833 845 875 864 833 876 837 848 876 865 837 877 866 840 877 840 851 878 852 863 878 867 841 878 841 852 879 853 864 879 868 853 879 880 869 879 881 880 879 869 868 882 870 872 882 872 883 882 883 884 885 873 854 886 874 844 886 844 855 887 845 856 887 875 845 887 856 867 888 876 848 888 848 860 889 877 851 889 851 862 890 878 863 891 881 879 891 879 864 891 892 881 891 893 892 894 882 884 894 884 895 896 854 865 896 885 854 897 855 866 897 886 855 898 887 867 899 860 870 899 888 860 900 862 873 900 873 885 900 889 862 901 863 874 901 890 863 902 864 875 902 891 864 902 903 893 902 893 891 902 875 887 904 895 905 904 905 906 904 894 895 907 896 865 907 865 876 908 897 866 908 866 877 909 898 867 909 867 878 910 899 870 910 870 882 911 900 885 912 874 886 912 901 874 913 914 903 913 915 914 913 902 887 913 903 902 916 906 917 916 904 906 918 907 876 918 876 888 919 908 877 919 877 889 920 909 878 920 878 890 921 910 882 921 882 894 922 911 885 922 885 896 923 912 886 923 886 897 924 898 909 924 913 887 924 887 898 924 925 915 924 926 925 924 915 913 927 917 928 927 928 929 927 916 917 930 888 899 930 918 888 930 899 910 931 919 889 931 889 900 932 890 901 932 920 890 933 894 904 933 921 894 934 922 896 934 896 907 935 923 897 935 897 908 936 909 920 936 937 926 936 924 909 936 926 924 938 929 939 938 939 940 938 927 929 941 930 910 942 931 900 942 900 911 943 901 912 943 932 901 944 904 916 944 933 904 945 907 918 945 934 907 946 935 908 946 908 919 947 936 920 947 937 936 947 948 937 947 949 948 947 920 932 950 940 951 950 938 940 952 910 921 952 941 910 953 911 922 953 942 911 954 943 912 954 912 923 955 944 916 955 916 927 956 945 918 956 918 930 956 930 941 957 931 942 957 919 931 957 946 919 958 947 932 958 959 949 958 960 959 958 949 947 961 951 962 961 962 963 961 950 951 964 921 933 964 952 921 965 922 934 965 953 922 966 923 935 966 954 923 967 955 927 967 927 938 968 956 941 969 957 942 970 960 958 970 958 932 970 932 943 970 971 960 972 963 973 972 973 974 972 961 963 975 964 933 975 933 944 976 965 934 976 934 945 977 966 935 977 935 946 978 967 938 978 938 950 979 968 941 979 941 952 980 969 942 980 942 953 981 970 943 981 982 971 981 983 982 981 943 954 981 971 970 984 974 985 984 972 974 986 944 955 986 975 944 986 955 967 987 945 956 987 976 945 988 946 957 988 977 946 989 950 961 989 978 950 990 979 952 990 952 964 991 953 965 991 980 953 991 965 976 992 954 966 992 983 981 992 993 983 992 981 954 994 985 995 994 995 996 994 984 985 997 967 978 997 986 967 998 987 956 998 956 968 999 988 957 999 957 969 1000 989 961 1000 961 972 1001 964 975 1001 990 964 1002 991 976 1003 966 977 1003 993 992 1003 1004 993 1003 1005 1004 1003 992 966 1006 996 1007 1006 1007 1008 1006 994 996 1009 997 978 1009 978 989 1010 998 968 1010 968 979 1010 979 990 1011 969 980 1011 980 991 1011 999 969 1012 1000 972 1012 972 984 1013 1001 975 1013 975 986 1014 976 987 1014 987 998 1014 1002 976 1015 1005 1003 1015 977 988 1015 988 999 1015 1016 1005 1015 1017 1016 1015 1003 977 1018 1006 1008 1018 1008 1019 1020 1009 989 1021 1010 990 1022 1011 991 1023 984 994 1023 1012 984 1024 986 997 1024 1013 986 1025 998 1010 1025 1014 998 1026 1015 999 1026 1017 1015 1026 1027 1017 1028 1018 1019 1028 1019 1029 1028 1029 1030 1031 1020 989 1031 989 1000 1032 1001 1013 1032 1021 990 1032 990 1001 1033 1022 991 1033 1002 1014 1033 991 1002 1034 994 1006 1034 1023 994 1035 997 1009 1035 1024 997 1036 1025 1010 1037 1027 1026 1037 1026 999 1037 1038 1027 1037 1039 1038 1037 999 1011 1040 1030 1041 1040 1028 1030 1042 1000 1012 1042 1031 1000 1043 1032 1013 1044 1033 1014 1045 1006 1018 1045 1034 1006 1046 1035 1009 1046 1009 1020 1047 1010 1021 1047 1036 1010 1048 1022 1033 1048 1039 1037 1048 1049 1039 1048 1050 1049 1048 1011 1022 1048 1037 1011 1051 1041 1052 1051 1052 1053 1051 1040 1041 1054 1012 1023 1054 1023 1034 1054 1042 1012 1055 1043 1013 1055 1013 1024 1056 1014 1025 1056 1044 1014 1056 1025 1036 1057 1045 1018 1057 1018 1028 1058 1020 1031 1058 1046 1020 1059 1021 1032 1059 1047 1021 1060 1050 1048 1060 1048 1033 1060 1061 1050 1060 1033 1044 1062 1053 1063 1062 1063 1064 1062 1051 1053 1065 1054 1034 1065 1034 1045 1066 1055 1024 1066 1035 1046 1066 1024 1035 1067 1056 1036 1068 1057 1028 1068 1028 1040 1069 1058 1031 1069 1031 1042 1070 1059 1032 1070 1032 1043 1071 1060 1044 1071 1061 1060 1071 1072 1061 1071 1073 1072 1074 1062 1064 1074 1064 1075 1076 1065 1045 1077 1066 1046 1078 1036 1047 1078 1067 1036 1079 1040 1051 1079 1068 1040 1080 1054 1065 1080 1069 1042 1080 1042 1054 1081 1070 1043 1081 1043 1055 1082 1044 1056 1082 1071 1044 1082 1073 1071 1082 1083 1073 1082 1084 1083 1085 1074 1075 1085 1075 1086 1085 1086 1087 1088 1045 1057 1088 1076 1045 1089 1046 1058 1089 1077 1046 1090 1047 1059 1090 1078 1047 1091 1051 1062 1091 1079 1051 1092 1080 1065 1092 1065 1076 1093 1081 1055 1093 1055 1066 1094 1056 1067 1094 1082 1056 1094 1095 1084 1094 1084 1082 1096 1085 1087 1096 1087 1097 1096 1097 1098 1099 1057 1068 1099 1088 1057 1100 1058 1069 1100 1089 1058 1101 1059 1070 1101 1070 1081 1101 1090 1059 1102 1062 1074 1102 1091 1062 1103 1092 1076 1104 1093 1066 1104 1066 1077 1105 1094 1067 1105 1067 1078 1105 1095 1094 1105 1106 1095 1105 1107 1106 1108 1098 1109 1108 1096 1098 1110 1099 1068 1110 1068 1079 1111 1069 1080 1111 1100 1069 1112 1101 1081 1112 1081 1093 1113 1102 1074 1113 1074 1085 1114 1103 1076 1114 1076 1088 1115 1077 1089 1115 1104 1077 1116 1105 1078 1116 1107 1105 1116 1078 1090 1116 1117 1107 1118 1108 1109 1118 1109 1119 1118 1119 1120 1121 1110 1079 1121 1079 1091 1122 1111 1080 1122 1080 1092 1123 1093 1104 1123 1112 1093 1124 1113 1085 1124 1085 1096 1125 1088 1099 1125 1114 1088 1126 1089 1100 1126 1115 1089 1127 1117 1116 1127 1090 1101 1127 1116 1090 1127 1128 1117 1127 1129 1128 1130 1120 1131 1130 1131 1132 1130 1118 1120 1133 1102 1113 1133 1121 1091 1133 1091 1102 1134 1122 1092 1134 1092 1103 1135 1123 1104 1136 1096 1108 1136 1124 1096 1137 1099 1110 1137 1125 1099 1138 1126 1100 1138 1100 1111 1139 1112 1123 1139 1101 1112 1139 1127 1101 1139 1129 1127 1139 1140 1129 1139 1141 1140 1142 384 378 1142 1130 1132 1142 1132 384 1143 1133 1113 1144 1134 1103 1144 1103 1114 1145 1104 1115 1145 1135 1104 1145 1115 1126 1146 1136 1108 1146 1108 1118 1147 1110 1121 1147 1121 1133 1147 1137 1110 1148 1111 1122 1148 1138 1111 1149 1141 1139 1149 1139 1123 1149 1150 1141 1151 1113 1124 1151 1143 1113 1151 1124 1136 1152 1125 1137 1152 1114 1125 1152 1144 1114 1153 1145 1126 1154 1146 1118 1154 1118 1130 1155 1147 1133 1156 1148 1122 1156 1122 1134 1157 1135 1145 1157 1150 1149 1157 1123 1135 1157 1158 1150 1157 1159 1158 1157 1149 1123 1160 1151 1136 1161 1152 1137 1162 1126 1138 1162 1138 1148 1162 1153 1126 1163 1130 1142 1163 1142 378 1163 1154 1130 1163 378 395 1164 1133 1143 1164 1155 1133 1164 1143 1151 1165 1156 1134 1165 1134 1144 1166 1167 1168 1166 1157 1145 1166 1159 1157 1166 1168 1159 1169 1136 1146 1169 1146 1154 1169 1160 1136 1170 1147 1155 1170 1137 1147 1170 1161 1137 1171 1148 1156 1171 1162 1148 1172 1164 1151 1173 1144 1152 1173 1152 1161 1173 1165 1144 1174 1175 1167 1174 1145 1153 1174 1166 1145 1174 1167 1166 1176 1169 1154 1177 1170 1155 1178 1171 1156 1179 1172 1151 1179 1151 1160 1180 1173 1161 1181 1182 1175 1181 1183 1182 1181 1153 1162 1181 1175 1174 1181 1174 1153 1184 395 407 1184 1154 1163 1184 1163 395 1184 1176 1154 1185 1155 1164 1185 1177 1155 1186 1178 1156 1186 1156 1165 1187 1179 1160 1187 1160 1169 1188 1180 1161 1188 1161 1170 1189 1190 1183 1189 1191 1190 1189 1181 1162 1189 1183 1181 1189 1162 1171 1192 1164 1172 1192 1172 1179 1192 1185 1164 1193 1186 1165 1193 1165 1173 1193 1173 1180 1194 1187 1169 1194 1169 1176 1195 1188 1170 1195 1170 1177 1196 1171 1178 1196 1197 1191 1196 1191 1189 1196 1189 1171 1198 1192 1179 1199 1193 1180 1200 1184 407 1200 1194 1176 1200 407 408 1200 408 436 1200 1176 1184 1201 1177 1185 1201 1195 1177 1202 1203 1197 1202 1204 1203 1202 1197 1196 1202 1178 1186 1202 1196 1178 1202 1186 1193 1205 1187 1194 1205 1179 1187 1205 1198 1179 1206 1199 1180 1206 1180 1188 1207 1185 1192 1207 1201 1185 1208 1209 1204 1208 1204 1202 1208 1202 1193 1210 1205 1194 1211 1206 1188 1211 1188 1195 1212 1207 1192 1212 1192 1198 1213 1214 1209 1213 1215 1214 1213 1193 1199 1213 1208 1193 1213 1209 1208 1216 1200 436 1216 1210 1194 1216 1194 1200 1217 1211 1195 1217 1195 1201 1217 1201 1207 1218 1198 1205 1218 1212 1198 1219 1220 1215 1219 1221 1220 1219 1199 1206 1219 1215 1213 1219 1213 1199 1222 1217 1207 1223 1205 1210 1223 1218 1205 1223 1210 1216 1224 1225 1221 1224 1219 1206 1224 1206 1211 1224 1221 1219 1226 1207 1212 1226 1222 1207 1227 1223 1216 1227 1216 436 1227 436 453 1228 1229 1225 1228 1230 1229 1228 1225 1224 1228 1211 1217 1228 1224 1211 1228 1217 1222 1231 1218 1223 1231 1226 1212 1231 1212 1218 1232 1230 1228 1232 1228 1222 1232 1233 1230 1232 1234 1233 1235 1231 1223 1236 1232 1222 1236 1237 1234 1236 1234 1232 1236 1222 1226 1238 1223 1227 1238 1227 453 1238 1235 1223 1238 453 475 1238 475 383 1239 1237 1236 1239 1240 1237 1239 1241 1240 1239 1231 1235 1239 1236 1226 1239 1226 1231 1242 1239 1235 1242 1243 1241 1242 1244 1243 1242 1241 1239 1245 383 385 1245 385 1244 1245 1235 1238 1245 1238 383 1245 1242 1235 1245 1244 1242</p>
        </triangles>
      </mesh>
    </geometry>
  </library_geometries>
  <library_visual_scenes>
    <visual_scene id="DefaultScene">
      <node id="node_9fe589ea_6693_49aa_bcff_7249fb2b7ee5" type="NODE">
        <matrix>1 0 0 0 0 1 0 0 0 0 1 0 0 0 0 1</matrix>
        <node id="node_55a5aa54_2380_4d58_9a3b_2ab3b1fab181" type="NODE">
          <matrix>1 0 0 0 0 1 0 0 0 0 1 0 0 0 0 1</matrix>
          <node id="node_55a5aa54_2380_4d58_9a3b_2ab3b1fab181_mesh0" type="NODE">
            <matrix>1 0 0 0 0 1 0 0 0 0 1 0 0 0 0 1</matrix>
            <instance_geometry url="#geometry_767a14b6_3404_41e5_a168_b33a766ea0f2">
              <bind_material>
                <technique_common>
                  <instance_material symbol="mat_0" target="#mat_0"/>
                </technique_common>
              </bind_material>
            </instance_geometry>
          </node>
          <node id="node_55a5aa54_2380_4d58_9a3b_2ab3b1fab181_mesh1" type="NODE">
            <matrix>1 0 0 0 0 1 0 0 0 0 1 0 0 0 0 1</matrix>
            <instance_geometry url="#geometry_15849e20_a7f8_4282_a4ed_7ecd350ef354">
              <bind_material>
                <technique_common>
                  <instance_material symbol="mat_1" target="#mat_1"/>
                </technique_common>
              </bind_material>
            </instance_geometry>
          </node>
          <node id="node_55a5aa54_2380_4d58_9a3b_2ab3b1fab181_mesh2" type="NODE">
            <matrix>1 0 0 0 0 1 0 0 0 0 1 0 0 0 0 1</matrix>
            <instance_geometry url="#geometry_5fd12e26_04d8_4592_8741_62115054a374">
              <bind_material>
                <technique_common>
                  <instance_material symbol="mat_2" target="#mat_2"/>
                </technique_common>
              </bind_material>
            </instance_geometry>
          </node>
          <node id="node_55a5aa54_2380_4d58_9a3b_2ab3b1fab181_mesh3" type="NODE">
            <matrix>1 0 0 0 0 1 0 0 0 0 1 0 0 0 0 1</matrix>
            <instance_geometry url="#geometry_293aff0b_dee9_45ea_8ca7_e1c56a6d7308">
              <bind_material>
                <technique_common>
                  <instance_material symbol="mat_3" target="#mat_3"/>
                </technique_common>
              </bind_material>
            </instance_geometry>
          </node>
        </node>
      </node>
    </visual_scene>
  </library_visual_scenes>
  <scene>
    <instance_visual_scene url="#DefaultScene"/>
  </scene>
</COLLADA>
